[2026-09-04T00:45:18+09:00] fresh Stage A start code=0ce1e73077cb6003998ba20e4ea63b1eb8dee39e data=v17 contract=v4 GPUs=0,1,2,3
[W904 00:49:11.327970499 CUDAAllocatorConfig.h:28] Warning: expandable_segments not supported on this platform (function operator())
[rank1]:[W904 00:49:11.331062888 ProcessGroupNCCL.cpp:4115] [PG ID 0 PG GUID 0 Rank 1]  using GPU 1 to perform barrier as devices used by this process are currently unknown. This can potentially cause a hang if this rank to GPU mapping is incorrect.Specify device_ids in barrier() to force use of a particular device,or call init_process_group() with a device_id.
[W904 00:49:12.086464430 CUDAAllocatorConfig.h:28] Warning: expandable_segments not supported on this platform (function operator())
`torch_dtype` is deprecated! Use `dtype` instead!
[W904 00:49:13.583351905 CUDAAllocatorConfig.h:28] Warning: expandable_segments not supported on this platform (function operator())
[rank3]:[W904 00:49:13.585879559 ProcessGroupNCCL.cpp:4115] [PG ID 0 PG GUID 0 Rank 3]  using GPU 3 to perform barrier as devices used by this process are currently unknown. This can potentially cause a hang if this rank to GPU mapping is incorrect.Specify device_ids in barrier() to force use of a particular device,or call init_process_group() with a device_id.
[rank0]:[W904 00:49:13.433616364 ProcessGroupNCCL.cpp:4115] [PG ID 0 PG GUID 0 Rank 0]  using GPU 0 to perform barrier as devices used by this process are currently unknown. This can potentially cause a hang if this rank to GPU mapping is incorrect.Specify device_ids in barrier() to force use of a particular device,or call init_process_group() with a device_id.
[W904 00:49:14.443054694 CUDAAllocatorConfig.h:28] Warning: expandable_segments not supported on this platform (function operator())
[rank2]:[W904 00:49:14.445051084 ProcessGroupNCCL.cpp:4115] [PG ID 0 PG GUID 0 Rank 2]  using GPU 2 to perform barrier as devices used by this process are currently unknown. This can potentially cause a hang if this rank to GPU mapping is incorrect.Specify device_ids in barrier() to force use of a particular device,or call init_process_group() with a device_id.
`torch_dtype` is deprecated! Use `dtype` instead!
`torch_dtype` is deprecated! Use `dtype` instead!
`torch_dtype` is deprecated! Use `dtype` instead!
device=cuda:0 world_size=4 dtype=bf16 examples=422230 transitions=3146786 validation_examples=512 validation_transitions=3449 trainable_parameters=44291297 effective_batch=96 physical_micro_batch=12 grouped_moe_layers=0
progress epoch=1 optimizer_steps=26 raw_loss=13.306802 weighted_loss=4.286448 lr=0.0001 windows=55/106562
progress epoch=1 optimizer_steps=54 raw_loss=10.172707 weighted_loss=6.868918 lr=0.0001 windows=111/106562
progress epoch=1 optimizer_steps=77 raw_loss=8.933848 weighted_loss=9.029844 lr=0.0001 windows=184/106562
progress epoch=1 optimizer_steps=103 raw_loss=8.541216 weighted_loss=4.884749 lr=0.0001 windows=237/106562
progress epoch=1 optimizer_steps=133 raw_loss=7.825532 weighted_loss=5.730967 lr=0.0001 windows=311/106562
progress epoch=1 optimizer_steps=151 raw_loss=7.144067 weighted_loss=3.854479 lr=0.0001 windows=348/106562
progress epoch=1 optimizer_steps=176 raw_loss=6.688394 weighted_loss=3.380744 lr=0.0001 windows=400/106562
progress epoch=1 optimizer_steps=208 raw_loss=8.370517 weighted_loss=3.434163 lr=0.0001 windows=448/106562
progress epoch=1 optimizer_steps=226 raw_loss=8.379947 weighted_loss=5.541962 lr=0.0001 windows=498/106562
progress epoch=1 optimizer_steps=259 raw_loss=7.762519 weighted_loss=3.023615 lr=0.0001 windows=555/106562
progress epoch=1 optimizer_steps=280 raw_loss=7.916180 weighted_loss=4.039298 lr=0.0001 windows=607/106562
progress epoch=1 optimizer_steps=302 raw_loss=7.379539 weighted_loss=7.702575 lr=0.0001 windows=663/106562
progress epoch=1 optimizer_steps=338 raw_loss=7.712753 weighted_loss=3.126914 lr=0.0001 windows=749/106562
progress epoch=1 optimizer_steps=370 raw_loss=7.543587 weighted_loss=4.087228 lr=0.0001 windows=802/106562
progress epoch=1 optimizer_steps=379 raw_loss=6.900666 weighted_loss=3.724398 lr=0.0001 windows=816/106562
progress epoch=1 optimizer_steps=400 raw_loss=7.339582 weighted_loss=3.099677 lr=0.0001 windows=866/106562
progress epoch=1 optimizer_steps=429 raw_loss=5.912822 weighted_loss=4.558100 lr=0.0001 windows=929/106562
progress epoch=1 optimizer_steps=451 raw_loss=6.011798 weighted_loss=2.886298 lr=0.0001 windows=968/106562
progress epoch=1 optimizer_steps=477 raw_loss=5.696767 weighted_loss=1.784207 lr=0.0001 windows=1002/106562
progress epoch=1 optimizer_steps=503 raw_loss=6.264885 weighted_loss=4.085592 lr=0.0001 windows=1064/106562
progress epoch=1 optimizer_steps=525 raw_loss=6.191106 weighted_loss=2.044905 lr=0.0001 windows=1091/106562
progress epoch=1 optimizer_steps=556 raw_loss=6.158201 weighted_loss=2.510565 lr=0.0001 windows=1156/106562
progress epoch=1 optimizer_steps=577 raw_loss=5.415098 weighted_loss=1.945718 lr=0.0001 windows=1184/106562
progress epoch=1 optimizer_steps=601 raw_loss=5.248701 weighted_loss=4.010903 lr=0.0001 windows=1248/106562
progress epoch=1 optimizer_steps=626 raw_loss=4.577214 weighted_loss=2.065573 lr=0.0001 windows=1292/106562
progress epoch=1 optimizer_steps=656 raw_loss=4.496773 weighted_loss=2.736106 lr=0.0001 windows=1348/106562
progress epoch=1 optimizer_steps=687 raw_loss=4.894850 weighted_loss=2.915212 lr=0.0001 windows=1410/106562
progress epoch=1 optimizer_steps=703 raw_loss=3.358987 weighted_loss=1.930162 lr=0.0001 windows=1446/106562
progress epoch=1 optimizer_steps=731 raw_loss=2.958600 weighted_loss=1.682846 lr=0.0001 windows=1500/106562
progress epoch=1 optimizer_steps=755 raw_loss=3.484369 weighted_loss=1.449744 lr=0.0001 windows=1531/106562
progress epoch=1 optimizer_steps=780 raw_loss=3.063185 weighted_loss=1.980298 lr=0.0001 windows=1593/106562
progress epoch=1 optimizer_steps=804 raw_loss=3.862424 weighted_loss=1.443095 lr=0.0001 windows=1645/106562
progress epoch=1 optimizer_steps=827 raw_loss=3.131589 weighted_loss=1.046131 lr=0.0001 windows=1682/106562
progress epoch=1 optimizer_steps=854 raw_loss=3.150526 weighted_loss=1.230266 lr=0.0001 windows=1723/106562
progress epoch=1 optimizer_steps=875 raw_loss=2.100271 weighted_loss=1.684966 lr=0.0001 windows=1770/106562
progress epoch=1 optimizer_steps=900 raw_loss=3.035457 weighted_loss=1.932518 lr=0.0001 windows=1830/106562
progress epoch=1 optimizer_steps=928 raw_loss=3.107896 weighted_loss=1.584468 lr=0.0001 windows=1907/106562
progress epoch=1 optimizer_steps=960 raw_loss=2.860903 weighted_loss=1.149810 lr=0.0001 windows=1959/106562
progress epoch=1 optimizer_steps=986 raw_loss=2.633524 weighted_loss=0.944252 lr=0.0001 windows=2004/106562
progress epoch=1 optimizer_steps=1001 raw_loss=2.652162 weighted_loss=1.177482 lr=0.0001 windows=2027/106562
checkpoint optimizer_steps=1001 path=/home/yanzhou/cyh/cid-v17-retrain/runs/cid-v1-0.4b-v17-ncv4/stage-a/stage-a-latest.pt
progress epoch=1 optimizer_steps=1034 raw_loss=2.960476 weighted_loss=1.645843 lr=0.0001 windows=2093/106562
progress epoch=1 optimizer_steps=1060 raw_loss=3.675692 weighted_loss=2.543859 lr=0.0001 windows=2171/106562
progress epoch=1 optimizer_steps=1089 raw_loss=2.685356 weighted_loss=1.362115 lr=0.0001 windows=2223/106562
progress epoch=1 optimizer_steps=1113 raw_loss=2.530876 weighted_loss=0.707227 lr=0.0001 windows=2247/106562
progress epoch=1 optimizer_steps=1127 raw_loss=2.363429 weighted_loss=1.513176 lr=0.0001 windows=2273/106562
progress epoch=1 optimizer_steps=1163 raw_loss=2.399264 weighted_loss=1.573405 lr=0.0001 windows=2342/106562
progress epoch=1 optimizer_steps=1175 raw_loss=2.571817 weighted_loss=1.346989 lr=0.0001 windows=2371/106562
progress epoch=1 optimizer_steps=1208 raw_loss=2.575255 weighted_loss=0.919325 lr=0.0001 windows=2412/106562
progress epoch=1 optimizer_steps=1226 raw_loss=2.746741 weighted_loss=1.671176 lr=0.0001 windows=2459/106562
progress epoch=1 optimizer_steps=1257 raw_loss=2.562376 weighted_loss=2.212002 lr=0.0001 windows=2538/106562
progress epoch=1 optimizer_steps=1276 raw_loss=2.279943 weighted_loss=1.777961 lr=0.0001 windows=2573/106562
progress epoch=1 optimizer_steps=1300 raw_loss=2.594477 weighted_loss=1.346872 lr=0.0001 windows=2633/106562
progress epoch=1 optimizer_steps=1331 raw_loss=3.168946 weighted_loss=1.173756 lr=0.0001 windows=2685/106562
progress epoch=1 optimizer_steps=1358 raw_loss=2.477696 weighted_loss=1.887765 lr=0.0001 windows=2758/106562
progress epoch=1 optimizer_steps=1377 raw_loss=2.706215 weighted_loss=0.917389 lr=0.0001 windows=2783/106562
progress epoch=1 optimizer_steps=1401 raw_loss=3.300333 weighted_loss=1.461481 lr=0.0001 windows=2831/106562
progress epoch=1 optimizer_steps=1427 raw_loss=2.491797 weighted_loss=2.409393 lr=0.0001 windows=2903/106562
progress epoch=1 optimizer_steps=1463 raw_loss=2.465250 weighted_loss=1.366212 lr=0.0001 windows=2967/106562
progress epoch=1 optimizer_steps=1476 raw_loss=2.083423 weighted_loss=1.995321 lr=0.0001 windows=2992/106562
progress epoch=1 optimizer_steps=1503 raw_loss=2.250428 weighted_loss=1.776101 lr=0.0001 windows=3054/106562
progress epoch=1 optimizer_steps=1528 raw_loss=2.407639 weighted_loss=1.079925 lr=0.0001 windows=3097/106562
progress epoch=1 optimizer_steps=1552 raw_loss=2.497933 weighted_loss=1.078440 lr=0.0001 windows=3141/106562
progress epoch=1 optimizer_steps=1578 raw_loss=2.156142 weighted_loss=2.230689 lr=0.0001 windows=3197/106562
progress epoch=1 optimizer_steps=1605 raw_loss=2.778387 weighted_loss=1.187469 lr=0.0001 windows=3250/106562
progress epoch=1 optimizer_steps=1630 raw_loss=2.386323 weighted_loss=1.264459 lr=0.0001 windows=3306/106562
progress epoch=1 optimizer_steps=1656 raw_loss=2.118152 weighted_loss=1.970342 lr=0.0001 windows=3390/106562
progress epoch=1 optimizer_steps=1675 raw_loss=2.356982 weighted_loss=2.982065 lr=0.0001 windows=3451/106562
progress epoch=1 optimizer_steps=1702 raw_loss=3.158101 weighted_loss=1.642580 lr=0.0001 windows=3526/106562
progress epoch=1 optimizer_steps=1729 raw_loss=2.172542 weighted_loss=1.323943 lr=0.0001 windows=3582/106562
progress epoch=1 optimizer_steps=1750 raw_loss=2.700119 weighted_loss=2.281308 lr=0.0001 windows=3660/106562
progress epoch=1 optimizer_steps=1777 raw_loss=2.192400 weighted_loss=1.146430 lr=0.0001 windows=3719/106562
progress epoch=1 optimizer_steps=1813 raw_loss=2.416020 weighted_loss=1.297779 lr=0.0001 windows=3793/106562
progress epoch=1 optimizer_steps=1825 raw_loss=1.448351 weighted_loss=0.593980 lr=0.0001 windows=3810/106562
progress epoch=1 optimizer_steps=1852 raw_loss=2.315113 weighted_loss=0.843912 lr=0.0001 windows=3851/106562
progress epoch=1 optimizer_steps=1884 raw_loss=2.299938 weighted_loss=1.121562 lr=0.0001 windows=3908/106562
progress epoch=1 optimizer_steps=1903 raw_loss=1.889985 weighted_loss=1.906850 lr=0.0001 windows=3943/106562
progress epoch=1 optimizer_steps=1927 raw_loss=1.760649 weighted_loss=1.344591 lr=0.0001 windows=3998/106562
progress epoch=1 optimizer_steps=1951 raw_loss=2.056506 weighted_loss=1.267726 lr=0.0001 windows=4051/106562
progress epoch=1 optimizer_steps=1977 raw_loss=2.701396 weighted_loss=1.145290 lr=0.0001 windows=4099/106562
progress epoch=1 optimizer_steps=2002 raw_loss=1.449698 weighted_loss=0.705288 lr=0.0001 windows=4145/106562
checkpoint optimizer_steps=2002 path=/home/yanzhou/cyh/cid-v17-retrain/runs/cid-v1-0.4b-v17-ncv4/stage-a/stage-a-latest.pt
progress epoch=1 optimizer_steps=2041 raw_loss=2.603376 weighted_loss=2.212589 lr=0.0001 windows=4246/106562
progress epoch=1 optimizer_steps=2064 raw_loss=2.260321 weighted_loss=1.066255 lr=0.0001 windows=4294/106562
progress epoch=1 optimizer_steps=2076 raw_loss=2.271356 weighted_loss=1.168659 lr=0.0001 windows=4332/106562
progress epoch=1 optimizer_steps=2111 raw_loss=2.691070 weighted_loss=1.876353 lr=0.0001 windows=4409/106562
progress epoch=1 optimizer_steps=2125 raw_loss=2.692363 weighted_loss=9.623367 lr=0.0001 windows=4454/106562
progress epoch=1 optimizer_steps=2153 raw_loss=1.861150 weighted_loss=1.055487 lr=0.0001 windows=4519/106562
progress epoch=1 optimizer_steps=2175 raw_loss=2.313766 weighted_loss=1.192355 lr=0.0001 windows=4574/106562
progress epoch=1 optimizer_steps=2214 raw_loss=1.982911 weighted_loss=0.712431 lr=0.0001 windows=4622/106562
progress epoch=1 optimizer_steps=2235 raw_loss=1.951088 weighted_loss=0.603458 lr=0.0001 windows=4656/106562
progress epoch=1 optimizer_steps=2251 raw_loss=1.742475 weighted_loss=1.076919 lr=0.0001 windows=4692/106562
progress epoch=1 optimizer_steps=2276 raw_loss=1.928498 weighted_loss=1.241178 lr=0.0001 windows=4743/106562
progress epoch=1 optimizer_steps=2300 raw_loss=1.882439 weighted_loss=1.045167 lr=0.0001 windows=4797/106562
progress epoch=1 optimizer_steps=2330 raw_loss=1.935235 weighted_loss=1.464419 lr=0.0001 windows=4874/106562
progress epoch=1 optimizer_steps=2351 raw_loss=1.742199 weighted_loss=1.050880 lr=0.0001 windows=4923/106562
progress epoch=1 optimizer_steps=2382 raw_loss=2.123555 weighted_loss=1.545345 lr=0.0001 windows=4993/106562
progress epoch=1 optimizer_steps=2412 raw_loss=1.979151 weighted_loss=0.909684 lr=0.0001 windows=5051/106562
progress epoch=1 optimizer_steps=2426 raw_loss=1.902388 weighted_loss=1.445849 lr=0.0001 windows=5087/106562
progress epoch=1 optimizer_steps=2451 raw_loss=1.725054 weighted_loss=0.873737 lr=0.0001 windows=5126/106562
progress epoch=1 optimizer_steps=2475 raw_loss=1.763225 weighted_loss=1.958135 lr=0.0001 windows=5183/106562
progress epoch=1 optimizer_steps=2500 raw_loss=2.060864 weighted_loss=1.535413 lr=0.0001 windows=5250/106562
progress epoch=1 optimizer_steps=2530 raw_loss=1.776450 weighted_loss=1.027348 lr=0.0001 windows=5320/106562
progress epoch=1 optimizer_steps=2550 raw_loss=1.940990 weighted_loss=0.730882 lr=0.0001 windows=5350/106562
progress epoch=1 optimizer_steps=2577 raw_loss=1.806130 weighted_loss=2.076289 lr=0.0001 windows=5425/106562
progress epoch=1 optimizer_steps=2604 raw_loss=2.336977 weighted_loss=2.768305 lr=0.0001 windows=5504/106562
progress epoch=1 optimizer_steps=2635 raw_loss=2.168354 weighted_loss=1.371371 lr=0.0001 windows=5568/106562
progress epoch=1 optimizer_steps=2651 raw_loss=2.124170 weighted_loss=1.395733 lr=0.0001 windows=5608/106562
progress epoch=1 optimizer_steps=2679 raw_loss=2.255325 weighted_loss=1.491667 lr=0.0001 windows=5687/106562
progress epoch=1 optimizer_steps=2700 raw_loss=1.569804 weighted_loss=0.730488 lr=0.0001 windows=5727/106562
progress epoch=1 optimizer_steps=2731 raw_loss=1.904249 weighted_loss=1.069508 lr=0.0001 windows=5798/106562
progress epoch=1 optimizer_steps=2756 raw_loss=1.623032 weighted_loss=0.610552 lr=0.0001 windows=5831/106562
progress epoch=1 optimizer_steps=2777 raw_loss=2.115392 weighted_loss=1.092157 lr=0.0001 windows=5869/106562
progress epoch=1 optimizer_steps=2800 raw_loss=2.429563 weighted_loss=1.395613 lr=0.0001 windows=5929/106562
progress epoch=1 optimizer_steps=2832 raw_loss=2.584291 weighted_loss=1.400915 lr=0.0001 windows=5986/106562
progress epoch=1 optimizer_steps=2851 raw_loss=2.370654 weighted_loss=0.819352 lr=0.0001 windows=6010/106562
progress epoch=1 optimizer_steps=2877 raw_loss=2.050736 weighted_loss=1.250864 lr=0.0001 windows=6078/106562
progress epoch=1 optimizer_steps=2900 raw_loss=2.800968 weighted_loss=3.092287 lr=0.0001 windows=6175/106562
progress epoch=1 optimizer_steps=2928 raw_loss=2.149431 weighted_loss=2.646118 lr=0.0001 windows=6250/106562
progress epoch=1 optimizer_steps=2952 raw_loss=2.122014 weighted_loss=1.465917 lr=0.0001 windows=6316/106562
progress epoch=1 optimizer_steps=2979 raw_loss=2.159554 weighted_loss=2.525432 lr=0.0001 windows=6385/106562
progress epoch=1 optimizer_steps=3002 raw_loss=2.222713 weighted_loss=1.531809 lr=0.0001 windows=6461/106562
checkpoint optimizer_steps=3002 path=/home/yanzhou/cyh/cid-v17-retrain/runs/cid-v1-0.4b-v17-ncv4/stage-a/stage-a-latest.pt
progress epoch=1 optimizer_steps=3031 raw_loss=1.980511 weighted_loss=1.122621 lr=0.0001 windows=6534/106562
progress epoch=1 optimizer_steps=3068 raw_loss=1.929765 weighted_loss=0.751510 lr=0.0001 windows=6592/106562
progress epoch=1 optimizer_steps=3079 raw_loss=1.702893 weighted_loss=0.967595 lr=0.0001 windows=6620/106562
progress epoch=1 optimizer_steps=3122 raw_loss=1.797043 weighted_loss=0.751652 lr=0.0001 windows=6682/106562
progress epoch=1 optimizer_steps=3131 raw_loss=1.956639 weighted_loss=2.434534 lr=0.0001 windows=6708/106562
progress epoch=1 optimizer_steps=3152 raw_loss=2.423783 weighted_loss=0.779998 lr=0.0001 windows=6734/106562
progress epoch=1 optimizer_steps=3183 raw_loss=1.914574 weighted_loss=0.710223 lr=0.0001 windows=6788/106562
progress epoch=1 optimizer_steps=3200 raw_loss=1.615009 weighted_loss=1.231979 lr=0.0001 windows=6828/106562
progress epoch=1 optimizer_steps=3228 raw_loss=2.051123 weighted_loss=1.179931 lr=0.0001 windows=6893/106562
progress epoch=1 optimizer_steps=3252 raw_loss=1.684969 weighted_loss=1.108977 lr=0.0001 windows=6940/106562
progress epoch=1 optimizer_steps=3280 raw_loss=1.893518 weighted_loss=1.156604 lr=0.0001 windows=7003/106562
progress epoch=1 optimizer_steps=3318 raw_loss=2.914327 weighted_loss=1.980176 lr=0.0001 windows=7075/106562
progress epoch=1 optimizer_steps=3326 raw_loss=2.880061 weighted_loss=2.093680 lr=0.0001 windows=7105/106562
progress epoch=1 optimizer_steps=3351 raw_loss=1.715153 weighted_loss=1.235373 lr=0.0001 windows=7155/106562
progress epoch=1 optimizer_steps=3375 raw_loss=1.792269 weighted_loss=0.948649 lr=0.0001 windows=7207/106562
progress epoch=1 optimizer_steps=3401 raw_loss=2.545251 weighted_loss=1.892982 lr=0.0001 windows=7282/106562
progress epoch=1 optimizer_steps=3429 raw_loss=2.109778 weighted_loss=2.309411 lr=0.0001 windows=7361/106562
progress epoch=1 optimizer_steps=3454 raw_loss=1.843886 weighted_loss=1.681589 lr=0.0001 windows=7429/106562
progress epoch=1 optimizer_steps=3479 raw_loss=2.372670 weighted_loss=0.919814 lr=0.0001 windows=7466/106562
progress epoch=1 optimizer_steps=3508 raw_loss=1.936090 weighted_loss=0.602682 lr=0.0001 windows=7498/106562
progress epoch=1 optimizer_steps=3527 raw_loss=1.914257 weighted_loss=1.696991 lr=0.0001 windows=7552/106562
progress epoch=1 optimizer_steps=3553 raw_loss=1.341193 weighted_loss=0.749584 lr=0.0001 windows=7605/106562
progress epoch=1 optimizer_steps=3578 raw_loss=1.785783 weighted_loss=0.919435 lr=0.0001 windows=7644/106562
progress epoch=1 optimizer_steps=3600 raw_loss=1.670435 weighted_loss=2.071221 lr=0.0001 windows=7704/106562
progress epoch=1 optimizer_steps=3626 raw_loss=2.105441 weighted_loss=1.826698 lr=0.0001 windows=7786/106562
progress epoch=1 optimizer_steps=3658 raw_loss=2.140560 weighted_loss=1.656740 lr=0.0001 windows=7861/106562
progress epoch=1 optimizer_steps=3680 raw_loss=2.168911 weighted_loss=1.735252 lr=0.0001 windows=7928/106562
progress epoch=1 optimizer_steps=3713 raw_loss=2.151220 weighted_loss=1.355471 lr=0.0001 windows=7997/106562
progress epoch=1 optimizer_steps=3730 raw_loss=2.008764 weighted_loss=0.879414 lr=0.0001 windows=8021/106562
progress epoch=1 optimizer_steps=3754 raw_loss=1.871401 weighted_loss=0.984100 lr=0.0001 windows=8071/106562
progress epoch=1 optimizer_steps=3780 raw_loss=1.537406 weighted_loss=1.187289 lr=0.0001 windows=8128/106562
progress epoch=1 optimizer_steps=3804 raw_loss=1.539881 weighted_loss=1.366542 lr=0.0001 windows=8180/106562
progress epoch=1 optimizer_steps=3831 raw_loss=1.760226 weighted_loss=1.234172 lr=0.0001 windows=8254/106562
progress epoch=1 optimizer_steps=3852 raw_loss=1.692002 weighted_loss=0.808031 lr=0.0001 windows=8298/106562
progress epoch=1 optimizer_steps=3889 raw_loss=2.040395 weighted_loss=0.881063 lr=0.0001 windows=8382/106562
progress epoch=1 optimizer_steps=3907 raw_loss=1.520487 weighted_loss=1.315442 lr=0.0001 windows=8420/106562
progress epoch=1 optimizer_steps=3931 raw_loss=2.199628 weighted_loss=1.236182 lr=0.0001 windows=8495/106562
progress epoch=1 optimizer_steps=3962 raw_loss=2.138873 weighted_loss=1.336739 lr=0.0001 windows=8563/106562
progress epoch=1 optimizer_steps=3986 raw_loss=2.066889 weighted_loss=0.585923 lr=0.0001 windows=8589/106562
progress epoch=1 optimizer_steps=4008 raw_loss=1.893645 weighted_loss=0.739589 lr=0.0001 windows=8632/106562
checkpoint optimizer_steps=4008 path=/home/yanzhou/cyh/cid-v17-retrain/runs/cid-v1-0.4b-v17-ncv4/stage-a/stage-a-latest.pt
progress epoch=1 optimizer_steps=4030 raw_loss=2.016107 weighted_loss=2.831484 lr=0.0001 windows=8687/106562
progress epoch=1 optimizer_steps=4055 raw_loss=1.928569 weighted_loss=2.576053 lr=0.0001 windows=8747/106562
progress epoch=1 optimizer_steps=4076 raw_loss=2.042327 weighted_loss=1.867899 lr=0.0001 windows=8806/106562
progress epoch=1 optimizer_steps=4100 raw_loss=1.734781 weighted_loss=0.650198 lr=0.0001 windows=8841/106562
progress epoch=1 optimizer_steps=4127 raw_loss=1.808630 weighted_loss=0.889489 lr=0.0001 windows=8900/106562
progress epoch=1 optimizer_steps=4153 raw_loss=1.837192 weighted_loss=1.921622 lr=0.0001 windows=8961/106562
progress epoch=1 optimizer_steps=4179 raw_loss=1.946324 weighted_loss=1.445938 lr=0.0001 windows=9060/106562
progress epoch=1 optimizer_steps=4200 raw_loss=1.447396 weighted_loss=1.189253 lr=0.0001 windows=9108/106562
progress epoch=1 optimizer_steps=4228 raw_loss=1.542616 weighted_loss=1.245945 lr=0.0001 windows=9161/106562
progress epoch=1 optimizer_steps=4258 raw_loss=2.251360 weighted_loss=0.704795 lr=0.0001 windows=9199/106562
progress epoch=1 optimizer_steps=4280 raw_loss=2.390370 weighted_loss=1.190537 lr=0.0001 windows=9250/106562
progress epoch=1 optimizer_steps=4303 raw_loss=2.247170 weighted_loss=0.844721 lr=0.0001 windows=9282/106562
progress epoch=1 optimizer_steps=4332 raw_loss=1.879594 weighted_loss=0.815708 lr=0.0001 windows=9328/106562
progress epoch=1 optimizer_steps=4352 raw_loss=2.517941 weighted_loss=1.068382 lr=0.0001 windows=9381/106562
progress epoch=1 optimizer_steps=4381 raw_loss=1.842095 weighted_loss=1.019928 lr=0.0001 windows=9458/106562
progress epoch=1 optimizer_steps=4400 raw_loss=2.222867 weighted_loss=2.434851 lr=0.0001 windows=9526/106562
progress epoch=1 optimizer_steps=4425 raw_loss=2.184881 weighted_loss=2.836242 lr=0.0001 windows=9597/106562
progress epoch=1 optimizer_steps=4452 raw_loss=2.004199 weighted_loss=1.853650 lr=0.0001 windows=9659/106562
progress epoch=1 optimizer_steps=4479 raw_loss=1.875734 weighted_loss=0.883995 lr=0.0001 windows=9727/106562
progress epoch=1 optimizer_steps=4506 raw_loss=2.054929 weighted_loss=1.172543 lr=0.0001 windows=9787/106562
progress epoch=1 optimizer_steps=4525 raw_loss=1.447151 weighted_loss=1.023446 lr=0.0001 windows=9825/106562
progress epoch=1 optimizer_steps=4552 raw_loss=2.242944 weighted_loss=1.128293 lr=0.0001 windows=9875/106562
progress epoch=1 optimizer_steps=4576 raw_loss=2.076831 weighted_loss=1.758403 lr=0.0001 windows=9954/106562
progress epoch=1 optimizer_steps=4600 raw_loss=1.711418 weighted_loss=0.841701 lr=0.0001 windows=9988/106562
progress epoch=1 optimizer_steps=4626 raw_loss=1.562286 weighted_loss=0.710684 lr=0.0001 windows=10033/106562
progress epoch=1 optimizer_steps=4652 raw_loss=1.878662 weighted_loss=0.756725 lr=0.0001 windows=10077/106562
progress epoch=1 optimizer_steps=4675 raw_loss=1.776048 weighted_loss=1.147711 lr=0.0001 windows=10127/106562
progress epoch=1 optimizer_steps=4702 raw_loss=1.786748 weighted_loss=0.997026 lr=0.0001 windows=10183/106562
progress epoch=1 optimizer_steps=4726 raw_loss=3.089499 weighted_loss=3.554820 lr=0.0001 windows=10258/106562
progress epoch=1 optimizer_steps=4753 raw_loss=1.589397 weighted_loss=1.021093 lr=0.0001 windows=10320/106562
progress epoch=1 optimizer_steps=4778 raw_loss=1.870286 weighted_loss=0.715129 lr=0.0001 windows=10365/106562
progress epoch=1 optimizer_steps=4802 raw_loss=2.104909 weighted_loss=1.341467 lr=0.0001 windows=10413/106562
progress epoch=1 optimizer_steps=4831 raw_loss=1.555963 weighted_loss=0.710607 lr=0.0001 windows=10472/106562
progress epoch=1 optimizer_steps=4851 raw_loss=2.260171 weighted_loss=2.807045 lr=0.0001 windows=10534/106562
progress epoch=1 optimizer_steps=4875 raw_loss=1.921353 weighted_loss=0.712713 lr=0.0001 windows=10577/106562
progress epoch=1 optimizer_steps=4901 raw_loss=1.909210 weighted_loss=1.570214 lr=0.0001 windows=10642/106562
progress epoch=1 optimizer_steps=4931 raw_loss=1.727350 weighted_loss=0.850866 lr=0.0001 windows=10695/106562
progress epoch=1 optimizer_steps=4957 raw_loss=1.719451 weighted_loss=1.392797 lr=0.0001 windows=10763/106562
progress epoch=1 optimizer_steps=4975 raw_loss=1.812760 weighted_loss=1.235405 lr=0.0001 windows=10829/106562
progress epoch=1 optimizer_steps=5002 raw_loss=1.542610 weighted_loss=0.846065 lr=0.0001 windows=10879/106562
checkpoint optimizer_steps=5002 path=/home/yanzhou/cyh/cid-v17-retrain/runs/cid-v1-0.4b-v17-ncv4/stage-a/stage-a-latest.pt
progress epoch=1 optimizer_steps=5027 raw_loss=2.233027 weighted_loss=1.663947 lr=0.0001 windows=10946/106562
progress epoch=1 optimizer_steps=5058 raw_loss=2.125430 weighted_loss=2.237073 lr=0.0001 windows=11029/106562
progress epoch=1 optimizer_steps=5075 raw_loss=1.503942 weighted_loss=0.977415 lr=0.0001 windows=11063/106562
progress epoch=1 optimizer_steps=5101 raw_loss=1.787294 weighted_loss=1.566308 lr=0.0001 windows=11147/106562
progress epoch=1 optimizer_steps=5139 raw_loss=1.714879 weighted_loss=0.928077 lr=0.0001 windows=11213/106562
progress epoch=1 optimizer_steps=5160 raw_loss=1.903280 weighted_loss=0.948620 lr=0.0001 windows=11254/106562
progress epoch=1 optimizer_steps=5175 raw_loss=1.868970 weighted_loss=1.955713 lr=0.0001 windows=11294/106562
progress epoch=1 optimizer_steps=5201 raw_loss=1.318831 weighted_loss=0.958362 lr=0.0001 windows=11347/106562
progress epoch=1 optimizer_steps=5226 raw_loss=1.695356 weighted_loss=0.986692 lr=0.0001 windows=11398/106562
progress epoch=1 optimizer_steps=5257 raw_loss=2.294108 weighted_loss=2.638431 lr=0.0001 windows=11505/106562
progress epoch=1 optimizer_steps=5285 raw_loss=2.100947 weighted_loss=0.915371 lr=0.0001 windows=11550/106562
progress epoch=1 optimizer_steps=5301 raw_loss=1.967927 weighted_loss=2.561245 lr=0.0001 windows=11605/106562
progress epoch=1 optimizer_steps=5336 raw_loss=1.789718 weighted_loss=2.466257 lr=0.0001 windows=11700/106562
progress epoch=1 optimizer_steps=5357 raw_loss=1.690448 weighted_loss=1.005328 lr=0.0001 windows=11746/106562
progress epoch=1 optimizer_steps=5379 raw_loss=1.973490 weighted_loss=0.681917 lr=0.0001 windows=11772/106562
progress epoch=1 optimizer_steps=5400 raw_loss=1.889824 weighted_loss=1.459342 lr=0.0001 windows=11827/106562
progress epoch=1 optimizer_steps=5429 raw_loss=1.925564 weighted_loss=1.180290 lr=0.0001 windows=11897/106562
progress epoch=1 optimizer_steps=5455 raw_loss=1.880863 weighted_loss=1.632111 lr=0.0001 windows=11948/106562
progress epoch=1 optimizer_steps=5485 raw_loss=2.052118 weighted_loss=1.397237 lr=0.0001 windows=12026/106562
progress epoch=1 optimizer_steps=5506 raw_loss=2.324732 weighted_loss=2.710111 lr=0.0001 windows=12103/106562
progress epoch=1 optimizer_steps=5532 raw_loss=1.591388 weighted_loss=0.883492 lr=0.0001 windows=12151/106562
progress epoch=1 optimizer_steps=5553 raw_loss=2.078276 weighted_loss=0.698079 lr=0.0001 windows=12177/106562
progress epoch=1 optimizer_steps=5578 raw_loss=2.372868 weighted_loss=1.015775 lr=0.0001 windows=12233/106562
progress epoch=1 optimizer_steps=5603 raw_loss=1.768592 weighted_loss=1.082838 lr=0.0001 windows=12293/106562
progress epoch=1 optimizer_steps=5626 raw_loss=2.122388 weighted_loss=0.645570 lr=0.0001 windows=12318/106562
progress epoch=1 optimizer_steps=5654 raw_loss=2.196065 weighted_loss=0.902501 lr=0.0001 windows=12368/106562
progress epoch=1 optimizer_steps=5676 raw_loss=2.046408 weighted_loss=1.296666 lr=0.0001 windows=12416/106562
progress epoch=1 optimizer_steps=5702 raw_loss=1.558113 weighted_loss=1.267644 lr=0.0001 windows=12467/106562
progress epoch=1 optimizer_steps=5733 raw_loss=1.622824 weighted_loss=0.636409 lr=0.0001 windows=12517/106562
progress epoch=1 optimizer_steps=5750 raw_loss=1.557101 weighted_loss=1.051841 lr=0.0001 windows=12561/106562
progress epoch=1 optimizer_steps=5777 raw_loss=2.627282 weighted_loss=10.182171 lr=0.0001 windows=12617/106562
progress epoch=1 optimizer_steps=5801 raw_loss=2.213960 weighted_loss=0.959653 lr=0.0001 windows=12664/106562
progress epoch=1 optimizer_steps=5831 raw_loss=1.928827 weighted_loss=0.789895 lr=0.0001 windows=12710/106562
progress epoch=1 optimizer_steps=5853 raw_loss=1.620750 weighted_loss=0.794940 lr=0.0001 windows=12754/106562
progress epoch=1 optimizer_steps=5875 raw_loss=1.526229 weighted_loss=0.842803 lr=0.0001 windows=12795/106562
progress epoch=1 optimizer_steps=5901 raw_loss=1.775064 weighted_loss=1.409403 lr=0.0001 windows=12853/106562
progress epoch=1 optimizer_steps=5930 raw_loss=1.965848 weighted_loss=1.123054 lr=0.0001 windows=12919/106562
progress epoch=1 optimizer_steps=5957 raw_loss=2.104465 weighted_loss=0.809191 lr=0.0001 windows=12961/106562
progress epoch=1 optimizer_steps=5982 raw_loss=1.975259 weighted_loss=0.846340 lr=0.0001 windows=12999/106562
progress epoch=1 optimizer_steps=6003 raw_loss=1.644627 weighted_loss=0.838643 lr=0.0001 windows=13040/106562
checkpoint optimizer_steps=6003 path=/home/yanzhou/cyh/cid-v17-retrain/runs/cid-v1-0.4b-v17-ncv4/stage-a/stage-a-latest.pt
progress epoch=1 optimizer_steps=6028 raw_loss=2.015978 weighted_loss=0.563344 lr=0.0001 windows=13064/106562
progress epoch=1 optimizer_steps=6053 raw_loss=1.678679 weighted_loss=1.121419 lr=0.0001 windows=13128/106562
progress epoch=1 optimizer_steps=6082 raw_loss=1.784341 weighted_loss=1.396433 lr=0.0001 windows=13210/106562
progress epoch=1 optimizer_steps=6103 raw_loss=2.242315 weighted_loss=1.235572 lr=0.0001 windows=13292/106562
progress epoch=1 optimizer_steps=6133 raw_loss=2.109536 weighted_loss=1.129096 lr=0.0001 windows=13369/106562
progress epoch=1 optimizer_steps=6151 raw_loss=1.989904 weighted_loss=1.963316 lr=0.0001 windows=13417/106562
progress epoch=1 optimizer_steps=6176 raw_loss=1.594456 weighted_loss=1.011992 lr=0.0001 windows=13481/106562
progress epoch=1 optimizer_steps=6200 raw_loss=2.165569 weighted_loss=1.340140 lr=0.0001 windows=13544/106562
progress epoch=1 optimizer_steps=6225 raw_loss=1.557290 weighted_loss=1.802912 lr=0.0001 windows=13606/106562
progress epoch=1 optimizer_steps=6258 raw_loss=2.097640 weighted_loss=1.493485 lr=0.0001 windows=13702/106562
progress epoch=1 optimizer_steps=6282 raw_loss=2.100545 weighted_loss=1.102887 lr=0.0001 windows=13750/106562
progress epoch=1 optimizer_steps=6304 raw_loss=2.053152 weighted_loss=1.386421 lr=0.0001 windows=13820/106562
progress epoch=1 optimizer_steps=6329 raw_loss=1.597440 weighted_loss=0.688575 lr=0.0001 windows=13865/106562
progress epoch=1 optimizer_steps=6359 raw_loss=1.726759 weighted_loss=0.817890 lr=0.0001 windows=13917/106562
progress epoch=1 optimizer_steps=6376 raw_loss=2.012670 weighted_loss=1.224707 lr=0.0001 windows=13992/106562
progress epoch=1 optimizer_steps=6410 raw_loss=1.890707 weighted_loss=0.934849 lr=0.0001 windows=14067/106562
progress epoch=1 optimizer_steps=6427 raw_loss=2.268281 weighted_loss=0.960995 lr=0.0001 windows=14091/106562
progress epoch=1 optimizer_steps=6450 raw_loss=1.627332 weighted_loss=0.725921 lr=0.0001 windows=14138/106562
progress epoch=1 optimizer_steps=6480 raw_loss=2.038836 weighted_loss=0.776415 lr=0.0001 windows=14195/106562
progress epoch=1 optimizer_steps=6504 raw_loss=1.679884 weighted_loss=1.222215 lr=0.0001 windows=14268/106562
progress epoch=1 optimizer_steps=6526 raw_loss=1.920939 weighted_loss=0.937148 lr=0.0001 windows=14338/106562
progress epoch=1 optimizer_steps=6556 raw_loss=2.663553 weighted_loss=2.298695 lr=0.0001 windows=14436/106562
progress epoch=1 optimizer_steps=6577 raw_loss=1.573523 weighted_loss=0.778808 lr=0.0001 windows=14469/106562
progress epoch=1 optimizer_steps=6613 raw_loss=1.810407 weighted_loss=1.053711 lr=0.0001 windows=14523/106562
progress epoch=1 optimizer_steps=6634 raw_loss=2.149198 weighted_loss=0.656438 lr=0.0001 windows=14547/106562
progress epoch=1 optimizer_steps=6652 raw_loss=1.648365 weighted_loss=0.848710 lr=0.0001 windows=14580/106562
progress epoch=1 optimizer_steps=6675 raw_loss=1.769258 weighted_loss=1.319616 lr=0.0001 windows=14640/106562
progress epoch=1 optimizer_steps=6706 raw_loss=2.223879 weighted_loss=1.263121 lr=0.0001 windows=14738/106562
progress epoch=1 optimizer_steps=6732 raw_loss=2.132311 weighted_loss=1.397912 lr=0.0001 windows=14793/106562
progress epoch=1 optimizer_steps=6764 raw_loss=2.100611 weighted_loss=1.230493 lr=0.0001 windows=14855/106562
progress epoch=1 optimizer_steps=6776 raw_loss=1.873910 weighted_loss=1.855564 lr=0.0001 windows=14894/106562
progress epoch=1 optimizer_steps=6822 raw_loss=1.933349 weighted_loss=0.906882 lr=0.0001 windows=14973/106562
progress epoch=1 optimizer_steps=6825 raw_loss=1.325290 weighted_loss=0.652698 lr=0.0001 windows=14978/106562
progress epoch=1 optimizer_steps=6855 raw_loss=2.014939 weighted_loss=2.262133 lr=0.0001 windows=15060/106562
progress epoch=1 optimizer_steps=6875 raw_loss=1.813317 weighted_loss=0.635862 lr=0.0001 windows=15089/106562
progress epoch=1 optimizer_steps=6906 raw_loss=1.818747 weighted_loss=1.123177 lr=0.0001 windows=15150/106562
progress epoch=1 optimizer_steps=6925 raw_loss=2.153708 weighted_loss=2.782931 lr=0.0001 windows=15199/106562
progress epoch=1 optimizer_steps=6962 raw_loss=1.542047 weighted_loss=0.780317 lr=0.0001 windows=15268/106562
progress epoch=1 optimizer_steps=6975 raw_loss=1.510627 weighted_loss=0.761427 lr=0.0001 windows=15306/106562
progress epoch=1 optimizer_steps=7000 raw_loss=1.886754 weighted_loss=0.748727 lr=0.0001 windows=15339/106562
checkpoint optimizer_steps=7000 path=/home/yanzhou/cyh/cid-v17-retrain/runs/cid-v1-0.4b-v17-ncv4/stage-a/stage-a-latest.pt
progress epoch=1 optimizer_steps=7025 raw_loss=1.900419 weighted_loss=0.857155 lr=0.0001 windows=15410/106562
progress epoch=1 optimizer_steps=7050 raw_loss=1.655761 weighted_loss=1.006516 lr=0.0001 windows=15462/106562
progress epoch=1 optimizer_steps=7082 raw_loss=2.079039 weighted_loss=1.510867 lr=0.0001 windows=15565/106562
progress epoch=1 optimizer_steps=7100 raw_loss=1.870140 weighted_loss=1.787091 lr=0.0001 windows=15624/106562
progress epoch=1 optimizer_steps=7128 raw_loss=1.771732 weighted_loss=1.070221 lr=0.0001 windows=15696/106562
progress epoch=1 optimizer_steps=7155 raw_loss=1.443680 weighted_loss=1.109495 lr=0.0001 windows=15756/106562
progress epoch=1 optimizer_steps=7193 raw_loss=2.187875 weighted_loss=1.344324 lr=0.0001 windows=15834/106562
progress epoch=1 optimizer_steps=7210 raw_loss=1.665294 weighted_loss=1.866774 lr=0.0001 windows=15883/106562
progress epoch=1 optimizer_steps=7229 raw_loss=1.975314 weighted_loss=0.949223 lr=0.0001 windows=15925/106562
progress epoch=1 optimizer_steps=7262 raw_loss=2.010263 weighted_loss=0.836191 lr=0.0001 windows=15980/106562
progress epoch=1 optimizer_steps=7281 raw_loss=1.629190 weighted_loss=0.959732 lr=0.0001 windows=16018/106562
progress epoch=1 optimizer_steps=7302 raw_loss=1.631486 weighted_loss=0.876985 lr=0.0001 windows=16054/106562
progress epoch=1 optimizer_steps=7326 raw_loss=1.936729 weighted_loss=2.465757 lr=0.0001 windows=16120/106562
progress epoch=1 optimizer_steps=7351 raw_loss=1.586656 weighted_loss=1.990845 lr=0.0001 windows=16171/106562
progress epoch=1 optimizer_steps=7375 raw_loss=1.990364 weighted_loss=2.786038 lr=0.0001 windows=16244/106562
progress epoch=1 optimizer_steps=7402 raw_loss=2.405201 weighted_loss=5.471632 lr=0.0001 windows=16332/106562
progress epoch=1 optimizer_steps=7437 raw_loss=1.827165 weighted_loss=1.460974 lr=0.0001 windows=16406/106562
progress epoch=1 optimizer_steps=7454 raw_loss=1.685494 weighted_loss=0.886371 lr=0.0001 windows=16449/106562
progress epoch=1 optimizer_steps=7476 raw_loss=1.860259 weighted_loss=1.175867 lr=0.0001 windows=16523/106562
progress epoch=1 optimizer_steps=7505 raw_loss=1.864286 weighted_loss=1.615169 lr=0.0001 windows=16614/106562
progress epoch=1 optimizer_steps=7537 raw_loss=2.122985 weighted_loss=0.817734 lr=0.0001 windows=16665/106562
progress epoch=1 optimizer_steps=7552 raw_loss=1.988936 weighted_loss=2.279126 lr=0.0001 windows=16711/106562
progress epoch=1 optimizer_steps=7578 raw_loss=1.793920 weighted_loss=0.905664 lr=0.0001 windows=16753/106562
progress epoch=1 optimizer_steps=7603 raw_loss=1.915756 weighted_loss=0.794890 lr=0.0001 windows=16812/106562
progress epoch=1 optimizer_steps=7625 raw_loss=1.782433 weighted_loss=2.257964 lr=0.0001 windows=16862/106562
progress epoch=1 optimizer_steps=7651 raw_loss=2.022830 weighted_loss=2.969061 lr=0.0001 windows=16948/106562
progress epoch=1 optimizer_steps=7679 raw_loss=1.370089 weighted_loss=0.979835 lr=0.0001 windows=17012/106562
progress epoch=1 optimizer_steps=7708 raw_loss=1.671692 weighted_loss=1.277694 lr=0.0001 windows=17081/106562
progress epoch=1 optimizer_steps=7741 raw_loss=1.803321 weighted_loss=1.048769 lr=0.0001 windows=17142/106562
progress epoch=1 optimizer_steps=7755 raw_loss=1.198677 weighted_loss=0.747621 lr=0.0001 windows=17169/106562
progress epoch=1 optimizer_steps=7778 raw_loss=1.684808 weighted_loss=0.870765 lr=0.0001 windows=17219/106562
progress epoch=1 optimizer_steps=7816 raw_loss=2.124744 weighted_loss=0.902089 lr=0.0001 windows=17278/106562
progress epoch=1 optimizer_steps=7837 raw_loss=2.128073 weighted_loss=1.452283 lr=0.0001 windows=17327/106562
progress epoch=1 optimizer_steps=7853 raw_loss=1.530309 weighted_loss=1.672459 lr=0.0001 windows=17376/106562
progress epoch=1 optimizer_steps=7877 raw_loss=1.608813 weighted_loss=0.877749 lr=0.0001 windows=17424/106562
progress epoch=1 optimizer_steps=7900 raw_loss=2.368030 weighted_loss=2.821316 lr=0.0001 windows=17490/106562
progress epoch=1 optimizer_steps=7928 raw_loss=1.828131 weighted_loss=1.000309 lr=0.0001 windows=17552/106562
progress epoch=1 optimizer_steps=7951 raw_loss=2.104362 weighted_loss=2.075919 lr=0.0001 windows=17646/106562
progress epoch=1 optimizer_steps=7979 raw_loss=1.741536 weighted_loss=1.188743 lr=0.0001 windows=17734/106562
progress epoch=1 optimizer_steps=8005 raw_loss=1.498432 weighted_loss=1.286917 lr=0.0001 windows=17792/106562
checkpoint optimizer_steps=8005 path=/home/yanzhou/cyh/cid-v17-retrain/runs/cid-v1-0.4b-v17-ncv4/stage-a/stage-a-latest.pt
progress epoch=1 optimizer_steps=8032 raw_loss=2.157247 weighted_loss=2.029179 lr=0.0001 windows=17844/106562
progress epoch=1 optimizer_steps=8056 raw_loss=1.834192 weighted_loss=0.519581 lr=0.0001 windows=17870/106562
progress epoch=1 optimizer_steps=8083 raw_loss=1.989954 weighted_loss=1.010117 lr=0.0001 windows=17926/106562
progress epoch=1 optimizer_steps=8103 raw_loss=2.371927 weighted_loss=1.433619 lr=0.0001 windows=17982/106562
progress epoch=1 optimizer_steps=8125 raw_loss=1.960687 weighted_loss=1.610502 lr=0.0001 windows=18044/106562
progress epoch=1 optimizer_steps=8152 raw_loss=1.974048 weighted_loss=2.570592 lr=0.0001 windows=18123/106562
progress epoch=1 optimizer_steps=8178 raw_loss=1.776468 weighted_loss=2.261238 lr=0.0001 windows=18181/106562
progress epoch=1 optimizer_steps=8210 raw_loss=2.028068 weighted_loss=1.385976 lr=0.0001 windows=18258/106562
progress epoch=1 optimizer_steps=8228 raw_loss=1.598874 weighted_loss=1.463413 lr=0.0001 windows=18317/106562
progress epoch=1 optimizer_steps=8252 raw_loss=1.581151 weighted_loss=0.942984 lr=0.0001 windows=18372/106562
progress epoch=1 optimizer_steps=8277 raw_loss=2.807863 weighted_loss=10.356719 lr=0.0001 windows=18449/106562
progress epoch=1 optimizer_steps=8305 raw_loss=1.795704 weighted_loss=1.541822 lr=0.0001 windows=18520/106562
progress epoch=1 optimizer_steps=8326 raw_loss=1.885846 weighted_loss=1.073708 lr=0.0001 windows=18582/106562
progress epoch=1 optimizer_steps=8367 raw_loss=1.860148 weighted_loss=0.808045 lr=0.0001 windows=18646/106562
progress epoch=1 optimizer_steps=8383 raw_loss=1.723861 weighted_loss=0.780710 lr=0.0001 windows=18670/106562
progress epoch=1 optimizer_steps=8411 raw_loss=2.345272 weighted_loss=0.944382 lr=0.0001 windows=18723/106562
progress epoch=1 optimizer_steps=8431 raw_loss=2.013208 weighted_loss=1.872752 lr=0.0001 windows=18796/106562
progress epoch=1 optimizer_steps=8452 raw_loss=2.088810 weighted_loss=2.048319 lr=0.0001 windows=18873/106562
progress epoch=1 optimizer_steps=8475 raw_loss=1.955043 weighted_loss=1.925539 lr=0.0001 windows=18950/106562
progress epoch=1 optimizer_steps=8504 raw_loss=1.700242 weighted_loss=1.782103 lr=0.0001 windows=19045/106562
progress epoch=1 optimizer_steps=8541 raw_loss=1.803364 weighted_loss=0.726703 lr=0.0001 windows=19093/106562
progress epoch=1 optimizer_steps=8551 raw_loss=1.514218 weighted_loss=1.210363 lr=0.0001 windows=19117/106562
progress epoch=1 optimizer_steps=8578 raw_loss=1.490434 weighted_loss=1.187738 lr=0.0001 windows=19182/106562
progress epoch=1 optimizer_steps=8601 raw_loss=1.630509 weighted_loss=1.645292 lr=0.0001 windows=19237/106562
progress epoch=1 optimizer_steps=8627 raw_loss=2.142629 weighted_loss=1.295907 lr=0.0001 windows=19311/106562
progress epoch=1 optimizer_steps=8654 raw_loss=2.213900 weighted_loss=2.356997 lr=0.0001 windows=19384/106562
progress epoch=1 optimizer_steps=8685 raw_loss=2.084988 weighted_loss=1.325631 lr=0.0001 windows=19464/106562
progress epoch=1 optimizer_steps=8702 raw_loss=1.496230 weighted_loss=1.909844 lr=0.0001 windows=19511/106562
progress epoch=1 optimizer_steps=8726 raw_loss=1.951613 weighted_loss=1.202098 lr=0.0001 windows=19578/106562
progress epoch=1 optimizer_steps=8766 raw_loss=1.838159 weighted_loss=0.684705 lr=0.0001 windows=19639/106562
progress epoch=1 optimizer_steps=8776 raw_loss=1.852976 weighted_loss=0.971204 lr=0.0001 windows=19659/106562
progress epoch=1 optimizer_steps=8801 raw_loss=2.139660 weighted_loss=1.222033 lr=0.0001 windows=19722/106562
progress epoch=1 optimizer_steps=8825 raw_loss=1.859170 weighted_loss=1.121458 lr=0.0001 windows=19799/106562
progress epoch=1 optimizer_steps=8860 raw_loss=1.788986 weighted_loss=1.542964 lr=0.0001 windows=19921/106562
progress epoch=1 optimizer_steps=8881 raw_loss=1.699722 weighted_loss=0.889674 lr=0.0001 windows=19965/106562
progress epoch=1 optimizer_steps=8900 raw_loss=2.398307 weighted_loss=3.197253 lr=0.0001 windows=20015/106562
progress epoch=1 optimizer_steps=8933 raw_loss=2.039610 weighted_loss=1.447877 lr=0.0001 windows=20071/106562
progress epoch=1 optimizer_steps=8954 raw_loss=2.053734 weighted_loss=1.260534 lr=0.0001 windows=20155/106562
progress epoch=1 optimizer_steps=8976 raw_loss=1.974797 weighted_loss=1.405060 lr=0.0001 windows=20217/106562
progress epoch=1 optimizer_steps=9002 raw_loss=2.120565 weighted_loss=0.890687 lr=0.0001 windows=20256/106562
checkpoint optimizer_steps=9002 path=/home/yanzhou/cyh/cid-v17-retrain/runs/cid-v1-0.4b-v17-ncv4/stage-a/stage-a-latest.pt
progress epoch=1 optimizer_steps=9042 raw_loss=1.984232 weighted_loss=0.649471 lr=0.0001 windows=20309/106562
progress epoch=1 optimizer_steps=9058 raw_loss=2.062752 weighted_loss=3.065743 lr=0.0001 windows=20363/106562
progress epoch=1 optimizer_steps=9077 raw_loss=1.754337 weighted_loss=1.387687 lr=0.0001 windows=20427/106562
progress epoch=1 optimizer_steps=9101 raw_loss=1.731272 weighted_loss=1.166474 lr=0.0001 windows=20481/106562
progress epoch=1 optimizer_steps=9138 raw_loss=2.188130 weighted_loss=1.755825 lr=0.0001 windows=20577/106562
progress epoch=1 optimizer_steps=9161 raw_loss=1.911360 weighted_loss=1.797706 lr=0.0001 windows=20639/106562
progress epoch=1 optimizer_steps=9176 raw_loss=1.534372 weighted_loss=0.671913 lr=0.0001 windows=20679/106562
progress epoch=1 optimizer_steps=9204 raw_loss=1.857620 weighted_loss=0.908949 lr=0.0001 windows=20759/106562
progress epoch=1 optimizer_steps=9232 raw_loss=2.009435 weighted_loss=0.983991 lr=0.0001 windows=20825/106562
progress epoch=1 optimizer_steps=9256 raw_loss=1.561219 weighted_loss=0.914074 lr=0.0001 windows=20884/106562
progress epoch=1 optimizer_steps=9280 raw_loss=1.740892 weighted_loss=0.872721 lr=0.0001 windows=20938/106562
progress epoch=1 optimizer_steps=9305 raw_loss=1.694013 weighted_loss=0.815486 lr=0.0001 windows=20985/106562
progress epoch=1 optimizer_steps=9325 raw_loss=1.938702 weighted_loss=0.606244 lr=0.0001 windows=21009/106562
progress epoch=1 optimizer_steps=9361 raw_loss=1.774749 weighted_loss=0.660528 lr=0.0001 windows=21071/106562
progress epoch=1 optimizer_steps=9376 raw_loss=1.625867 weighted_loss=1.639609 lr=0.0001 windows=21114/106562
progress epoch=1 optimizer_steps=9404 raw_loss=1.708536 weighted_loss=0.951683 lr=0.0001 windows=21184/106562
progress epoch=1 optimizer_steps=9439 raw_loss=1.835809 weighted_loss=0.763753 lr=0.0001 windows=21239/106562
progress epoch=1 optimizer_steps=9455 raw_loss=1.774780 weighted_loss=1.232257 lr=0.0001 windows=21282/106562
progress epoch=1 optimizer_steps=9489 raw_loss=1.785212 weighted_loss=0.754540 lr=0.0001 windows=21332/106562
progress epoch=1 optimizer_steps=9509 raw_loss=1.776726 weighted_loss=0.551768 lr=0.0001 windows=21360/106562
progress epoch=1 optimizer_steps=9529 raw_loss=1.911726 weighted_loss=1.237892 lr=0.0001 windows=21433/106562
progress epoch=1 optimizer_steps=9558 raw_loss=1.920216 weighted_loss=1.038217 lr=0.0001 windows=21485/106562
progress epoch=1 optimizer_steps=9576 raw_loss=2.264506 weighted_loss=1.236612 lr=0.0001 windows=21533/106562
progress epoch=1 optimizer_steps=9605 raw_loss=1.968961 weighted_loss=2.250368 lr=0.0001 windows=21611/106562
progress epoch=1 optimizer_steps=9630 raw_loss=1.939856 weighted_loss=1.062458 lr=0.0001 windows=21670/106562
progress epoch=1 optimizer_steps=9650 raw_loss=1.901451 weighted_loss=1.996578 lr=0.0001 windows=21731/106562
progress epoch=1 optimizer_steps=9681 raw_loss=1.732917 weighted_loss=0.753848 lr=0.0001 windows=21788/106562
progress epoch=1 optimizer_steps=9701 raw_loss=1.552972 weighted_loss=0.885922 lr=0.0001 windows=21843/106562
progress epoch=1 optimizer_steps=9729 raw_loss=1.748774 weighted_loss=1.458868 lr=0.0001 windows=21919/106562
progress epoch=1 optimizer_steps=9753 raw_loss=1.492884 weighted_loss=1.348147 lr=0.0001 windows=21973/106562
progress epoch=1 optimizer_steps=9780 raw_loss=2.060782 weighted_loss=0.665273 lr=0.0001 windows=22003/106562
progress epoch=1 optimizer_steps=9802 raw_loss=1.907596 weighted_loss=1.707409 lr=0.0001 windows=22052/106562
progress epoch=1 optimizer_steps=9825 raw_loss=1.909706 weighted_loss=1.596588 lr=0.0001 windows=22121/106562
progress epoch=1 optimizer_steps=9859 raw_loss=1.439755 weighted_loss=1.068237 lr=0.0001 windows=22187/106562
progress epoch=1 optimizer_steps=9883 raw_loss=1.634243 weighted_loss=1.453474 lr=0.0001 windows=22240/106562
progress epoch=1 optimizer_steps=9902 raw_loss=2.308885 weighted_loss=3.170480 lr=0.0001 windows=22312/106562
progress epoch=1 optimizer_steps=9934 raw_loss=1.902885 weighted_loss=0.678929 lr=0.0001 windows=22353/106562
progress epoch=1 optimizer_steps=9953 raw_loss=1.797161 weighted_loss=1.335468 lr=0.0001 windows=22413/106562
progress epoch=1 optimizer_steps=9983 raw_loss=1.614918 weighted_loss=0.780479 lr=0.0001 windows=22467/106562
progress epoch=1 optimizer_steps=10005 raw_loss=2.124073 weighted_loss=3.292191 lr=0.0001 windows=22539/106562
checkpoint optimizer_steps=10005 path=/home/yanzhou/cyh/cid-v17-retrain/runs/cid-v1-0.4b-v17-ncv4/stage-a/stage-a-latest.pt
progress epoch=1 optimizer_steps=10026 raw_loss=1.486911 weighted_loss=1.133246 lr=0.0001 windows=22586/106562
progress epoch=1 optimizer_steps=10055 raw_loss=2.182321 weighted_loss=1.443376 lr=0.0001 windows=22669/106562
progress epoch=1 optimizer_steps=10078 raw_loss=2.470865 weighted_loss=1.909969 lr=0.0001 windows=22742/106562
progress epoch=1 optimizer_steps=10101 raw_loss=1.950127 weighted_loss=1.807892 lr=0.0001 windows=22815/106562
progress epoch=1 optimizer_steps=10135 raw_loss=1.904512 weighted_loss=0.765996 lr=0.0001 windows=22876/106562
progress epoch=1 optimizer_steps=10152 raw_loss=1.856500 weighted_loss=0.704091 lr=0.0001 windows=22909/106562
progress epoch=1 optimizer_steps=10175 raw_loss=2.226409 weighted_loss=2.527864 lr=0.0001 windows=22987/106562
progress epoch=1 optimizer_steps=10205 raw_loss=1.473590 weighted_loss=0.778033 lr=0.0001 windows=23038/106562
progress epoch=1 optimizer_steps=10225 raw_loss=1.843032 weighted_loss=2.069370 lr=0.0001 windows=23091/106562
progress epoch=1 optimizer_steps=10250 raw_loss=1.974665 weighted_loss=2.021265 lr=0.0001 windows=23149/106562
progress epoch=1 optimizer_steps=10278 raw_loss=1.779562 weighted_loss=1.162181 lr=0.0001 windows=23212/106562
progress epoch=1 optimizer_steps=10305 raw_loss=1.361325 weighted_loss=0.718639 lr=0.0001 windows=23266/106562
progress epoch=1 optimizer_steps=10330 raw_loss=1.848525 weighted_loss=1.874331 lr=0.0001 windows=23345/106562
progress epoch=1 optimizer_steps=10356 raw_loss=1.572119 weighted_loss=1.234461 lr=0.0001 windows=23417/106562
progress epoch=1 optimizer_steps=10379 raw_loss=1.987306 weighted_loss=0.636600 lr=0.0001 windows=23441/106562
progress epoch=1 optimizer_steps=10402 raw_loss=1.712396 weighted_loss=1.193572 lr=0.0001 windows=23503/106562
progress epoch=1 optimizer_steps=10428 raw_loss=1.809480 weighted_loss=2.066768 lr=0.0001 windows=23580/106562
progress epoch=1 optimizer_steps=10451 raw_loss=1.998523 weighted_loss=0.784509 lr=0.0001 windows=23616/106562
progress epoch=1 optimizer_steps=10485 raw_loss=2.398020 weighted_loss=1.287653 lr=0.0001 windows=23697/106562
progress epoch=1 optimizer_steps=10506 raw_loss=1.525398 weighted_loss=0.758516 lr=0.0001 windows=23747/106562
progress epoch=1 optimizer_steps=10528 raw_loss=1.886578 weighted_loss=2.056483 lr=0.0001 windows=23814/106562
progress epoch=1 optimizer_steps=10558 raw_loss=1.750989 weighted_loss=1.228429 lr=0.0001 windows=23899/106562
progress epoch=1 optimizer_steps=10576 raw_loss=1.301541 weighted_loss=0.710948 lr=0.0001 windows=23933/106562
progress epoch=1 optimizer_steps=10611 raw_loss=1.775370 weighted_loss=1.196340 lr=0.0001 windows=24033/106562
progress epoch=1 optimizer_steps=10644 raw_loss=1.986679 weighted_loss=4.511011 lr=0.0001 windows=24108/106562
progress epoch=1 optimizer_steps=10665 raw_loss=1.929496 weighted_loss=0.676822 lr=0.0001 windows=24134/106562
progress epoch=1 optimizer_steps=10677 raw_loss=1.931506 weighted_loss=1.955641 lr=0.0001 windows=24164/106562
progress epoch=1 optimizer_steps=10702 raw_loss=1.733691 weighted_loss=0.923662 lr=0.0001 windows=24212/106562
progress epoch=1 optimizer_steps=10729 raw_loss=1.533197 weighted_loss=1.200756 lr=0.0001 windows=24280/106562
progress epoch=1 optimizer_steps=10751 raw_loss=1.748757 weighted_loss=1.381677 lr=0.0001 windows=24346/106562
progress epoch=1 optimizer_steps=10775 raw_loss=2.009735 weighted_loss=1.494882 lr=0.0001 windows=24419/106562
progress epoch=1 optimizer_steps=10801 raw_loss=2.150721 weighted_loss=1.683379 lr=0.0001 windows=24492/106562
progress epoch=1 optimizer_steps=10842 raw_loss=2.200712 weighted_loss=1.397936 lr=0.0001 windows=24572/106562
progress epoch=1 optimizer_steps=10860 raw_loss=1.681509 weighted_loss=0.860408 lr=0.0001 windows=24615/106562
progress epoch=1 optimizer_steps=10875 raw_loss=1.765941 weighted_loss=0.567176 lr=0.0001 windows=24633/106562
progress epoch=1 optimizer_steps=10902 raw_loss=1.909569 weighted_loss=1.257643 lr=0.0001 windows=24691/106562
progress epoch=1 optimizer_steps=10935 raw_loss=2.033479 weighted_loss=1.327836 lr=0.0001 windows=24789/106562
progress epoch=1 optimizer_steps=10951 raw_loss=1.602563 weighted_loss=1.256108 lr=0.0001 windows=24838/106562
progress epoch=1 optimizer_steps=10977 raw_loss=1.667654 weighted_loss=1.566695 lr=0.0001 windows=24920/106562
progress epoch=1 optimizer_steps=11001 raw_loss=1.662141 weighted_loss=1.581833 lr=0.0001 windows=25013/106562
checkpoint optimizer_steps=11001 path=/home/yanzhou/cyh/cid-v17-retrain/runs/cid-v1-0.4b-v17-ncv4/stage-a/stage-a-latest.pt
progress epoch=1 optimizer_steps=11030 raw_loss=1.419394 weighted_loss=0.758379 lr=0.0001 windows=25065/106562
progress epoch=1 optimizer_steps=11057 raw_loss=1.472833 weighted_loss=1.448794 lr=0.0001 windows=25121/106562
progress epoch=1 optimizer_steps=11094 raw_loss=1.995707 weighted_loss=1.133684 lr=0.0001 windows=25217/106562
progress epoch=1 optimizer_steps=11104 raw_loss=2.795802 weighted_loss=2.424900 lr=0.0001 windows=25265/106562
progress epoch=1 optimizer_steps=11129 raw_loss=1.985364 weighted_loss=1.208784 lr=0.0001 windows=25315/106562
progress epoch=1 optimizer_steps=11152 raw_loss=1.560135 weighted_loss=0.885932 lr=0.0001 windows=25354/106562
progress epoch=1 optimizer_steps=11181 raw_loss=1.815538 weighted_loss=1.082817 lr=0.0001 windows=25420/106562
progress epoch=1 optimizer_steps=11204 raw_loss=1.739298 weighted_loss=1.058212 lr=0.0001 windows=25473/106562
progress epoch=1 optimizer_steps=11228 raw_loss=1.372885 weighted_loss=0.746147 lr=0.0001 windows=25516/106562
progress epoch=1 optimizer_steps=11253 raw_loss=1.922002 weighted_loss=0.829099 lr=0.0001 windows=25555/106562
progress epoch=1 optimizer_steps=11276 raw_loss=1.855137 weighted_loss=1.316129 lr=0.0001 windows=25606/106562
progress epoch=1 optimizer_steps=11302 raw_loss=1.522974 weighted_loss=0.899009 lr=0.0001 windows=25666/106562
progress epoch=1 optimizer_steps=11327 raw_loss=2.310103 weighted_loss=1.483908 lr=0.0001 windows=25738/106562
progress epoch=1 optimizer_steps=11350 raw_loss=1.864237 weighted_loss=2.032990 lr=0.0001 windows=25801/106562
progress epoch=1 optimizer_steps=11375 raw_loss=1.425317 weighted_loss=1.111555 lr=0.0001 windows=25874/106562
progress epoch=1 optimizer_steps=11402 raw_loss=1.923246 weighted_loss=1.388905 lr=0.0001 windows=25934/106562
progress epoch=1 optimizer_steps=11429 raw_loss=1.935707 weighted_loss=1.487913 lr=0.0001 windows=26008/106562
progress epoch=1 optimizer_steps=11450 raw_loss=1.912599 weighted_loss=2.332349 lr=0.0001 windows=26078/106562
progress epoch=1 optimizer_steps=11476 raw_loss=1.857974 weighted_loss=1.778248 lr=0.0001 windows=26161/106562
progress epoch=1 optimizer_steps=11502 raw_loss=1.916000 weighted_loss=0.708295 lr=0.0001 windows=26214/106562
progress epoch=1 optimizer_steps=11525 raw_loss=2.698457 weighted_loss=2.865615 lr=0.0001 windows=26279/106562
progress epoch=1 optimizer_steps=11553 raw_loss=1.874653 weighted_loss=0.864211 lr=0.0001 windows=26372/106562
progress epoch=1 optimizer_steps=11576 raw_loss=1.607265 weighted_loss=1.306822 lr=0.0001 windows=26458/106562
progress epoch=1 optimizer_steps=11602 raw_loss=1.915083 weighted_loss=1.438180 lr=0.0001 windows=26519/106562
progress epoch=1 optimizer_steps=11626 raw_loss=2.382334 weighted_loss=2.837345 lr=0.0001 windows=26606/106562
progress epoch=1 optimizer_steps=11668 raw_loss=1.909203 weighted_loss=0.614869 lr=0.0001 windows=26660/106562
progress epoch=1 optimizer_steps=11681 raw_loss=1.856480 weighted_loss=0.507966 lr=0.0001 windows=26678/106562
progress epoch=1 optimizer_steps=11703 raw_loss=1.811477 weighted_loss=1.190579 lr=0.0001 windows=26737/106562
progress epoch=1 optimizer_steps=11732 raw_loss=1.961827 weighted_loss=1.676119 lr=0.0001 windows=26833/106562
progress epoch=1 optimizer_steps=11750 raw_loss=2.342976 weighted_loss=1.332024 lr=0.0001 windows=26894/106562
progress epoch=1 optimizer_steps=11783 raw_loss=2.022415 weighted_loss=1.380563 lr=0.0001 windows=26966/106562
progress epoch=1 optimizer_steps=11801 raw_loss=2.020226 weighted_loss=1.461601 lr=0.0001 windows=27014/106562
progress epoch=1 optimizer_steps=11828 raw_loss=1.742484 weighted_loss=0.899978 lr=0.0001 windows=27078/106562
progress epoch=1 optimizer_steps=11850 raw_loss=1.946615 weighted_loss=1.313981 lr=0.0001 windows=27139/106562
progress epoch=1 optimizer_steps=11877 raw_loss=1.838393 weighted_loss=1.349194 lr=0.0001 windows=27226/106562
progress epoch=1 optimizer_steps=11900 raw_loss=1.946980 weighted_loss=1.146244 lr=0.0001 windows=27288/106562
progress epoch=1 optimizer_steps=11936 raw_loss=1.581923 weighted_loss=1.248961 lr=0.0001 windows=27392/106562
progress epoch=1 optimizer_steps=11951 raw_loss=1.601031 weighted_loss=1.118994 lr=0.0001 windows=27429/106562
progress epoch=1 optimizer_steps=11981 raw_loss=1.971996 weighted_loss=1.210669 lr=0.0001 windows=27524/106562
progress epoch=1 optimizer_steps=12001 raw_loss=1.635325 weighted_loss=1.198866 lr=0.0001 windows=27575/106562
checkpoint optimizer_steps=12001 path=/home/yanzhou/cyh/cid-v17-retrain/runs/cid-v1-0.4b-v17-ncv4/stage-a/stage-a-latest.pt
progress epoch=1 optimizer_steps=12028 raw_loss=1.567350 weighted_loss=1.561154 lr=0.0001 windows=27648/106562
progress epoch=1 optimizer_steps=12052 raw_loss=2.306789 weighted_loss=1.995213 lr=0.0001 windows=27740/106562
progress epoch=1 optimizer_steps=12096 raw_loss=2.007323 weighted_loss=1.943642 lr=0.0001 windows=27839/106562
progress epoch=1 optimizer_steps=12104 raw_loss=2.455096 weighted_loss=2.149626 lr=0.0001 windows=27863/106562
progress epoch=1 optimizer_steps=12127 raw_loss=2.516638 weighted_loss=2.151392 lr=0.0001 windows=27939/106562
progress epoch=1 optimizer_steps=12151 raw_loss=2.454287 weighted_loss=2.909108 lr=0.0001 windows=28036/106562
progress epoch=1 optimizer_steps=12175 raw_loss=2.134329 weighted_loss=1.411590 lr=0.0001 windows=28101/106562
progress epoch=1 optimizer_steps=12203 raw_loss=1.764271 weighted_loss=0.772896 lr=0.0001 windows=28162/106562
progress epoch=1 optimizer_steps=12232 raw_loss=1.687379 weighted_loss=1.346637 lr=0.0001 windows=28234/106562
progress epoch=1 optimizer_steps=12250 raw_loss=1.585475 weighted_loss=0.854452 lr=0.0001 windows=28271/106562
progress epoch=1 optimizer_steps=12286 raw_loss=1.937952 weighted_loss=0.876447 lr=0.0001 windows=28343/106562
progress epoch=1 optimizer_steps=12303 raw_loss=1.838023 weighted_loss=0.564244 lr=0.0001 windows=28374/106562
progress epoch=1 optimizer_steps=12332 raw_loss=1.989955 weighted_loss=0.683617 lr=0.0001 windows=28413/106562
progress epoch=1 optimizer_steps=12358 raw_loss=1.947685 weighted_loss=0.785767 lr=0.0001 windows=28464/106562
progress epoch=1 optimizer_steps=12385 raw_loss=1.615794 weighted_loss=2.045284 lr=0.0001 windows=28536/106562
progress epoch=1 optimizer_steps=12402 raw_loss=2.382434 weighted_loss=1.831886 lr=0.0001 windows=28597/106562
progress epoch=1 optimizer_steps=12426 raw_loss=1.967612 weighted_loss=2.325432 lr=0.0001 windows=28700/106562
progress epoch=1 optimizer_steps=12456 raw_loss=1.513630 weighted_loss=1.287094 lr=0.0001 windows=28777/106562
progress epoch=1 optimizer_steps=12475 raw_loss=1.811356 weighted_loss=1.203381 lr=0.0001 windows=28821/106562
progress epoch=1 optimizer_steps=12504 raw_loss=1.683569 weighted_loss=1.800617 lr=0.0001 windows=28899/106562
progress epoch=1 optimizer_steps=12526 raw_loss=2.468540 weighted_loss=2.265233 lr=0.0001 windows=28971/106562
progress epoch=1 optimizer_steps=12566 raw_loss=1.782548 weighted_loss=0.751660 lr=0.0001 windows=29064/106562
progress epoch=1 optimizer_steps=12577 raw_loss=2.228922 weighted_loss=1.626329 lr=0.0001 windows=29088/106562
progress epoch=1 optimizer_steps=12602 raw_loss=1.785663 weighted_loss=1.327730 lr=0.0001 windows=29154/106562
progress epoch=1 optimizer_steps=12627 raw_loss=1.931033 weighted_loss=1.666254 lr=0.0001 windows=29227/106562
progress epoch=1 optimizer_steps=12669 raw_loss=2.084446 weighted_loss=1.078348 lr=0.0001 windows=29316/106562
progress epoch=1 optimizer_steps=12685 raw_loss=1.705962 weighted_loss=0.862678 lr=0.0001 windows=29343/106562
progress epoch=1 optimizer_steps=12700 raw_loss=2.020343 weighted_loss=1.959008 lr=0.0001 windows=29393/106562
progress epoch=1 optimizer_steps=12727 raw_loss=2.202167 weighted_loss=2.517095 lr=0.0001 windows=29472/106562
progress epoch=1 optimizer_steps=12756 raw_loss=1.731326 weighted_loss=1.403400 lr=0.0001 windows=29546/106562
progress epoch=1 optimizer_steps=12779 raw_loss=2.186716 weighted_loss=3.114695 lr=0.0001 windows=29644/106562
progress epoch=1 optimizer_steps=12814 raw_loss=1.949971 weighted_loss=1.857918 lr=0.0001 windows=29724/106562
progress epoch=1 optimizer_steps=12836 raw_loss=1.953348 weighted_loss=0.545843 lr=0.0001 windows=29748/106562
progress epoch=1 optimizer_steps=12850 raw_loss=1.676279 weighted_loss=1.812661 lr=0.0001 windows=29802/106562
progress epoch=1 optimizer_steps=12882 raw_loss=1.835484 weighted_loss=1.198375 lr=0.0001 windows=29865/106562
progress epoch=1 optimizer_steps=12906 raw_loss=1.770871 weighted_loss=1.208656 lr=0.0001 windows=29934/106562
progress epoch=1 optimizer_steps=12925 raw_loss=1.802522 weighted_loss=2.225332 lr=0.0001 windows=29988/106562
progress epoch=1 optimizer_steps=12954 raw_loss=2.149295 weighted_loss=2.570128 lr=0.0001 windows=30079/106562
progress epoch=1 optimizer_steps=12978 raw_loss=3.015944 weighted_loss=11.955526 lr=0.0001 windows=30175/106562
progress epoch=1 optimizer_steps=13002 raw_loss=1.800898 weighted_loss=1.746236 lr=0.0001 windows=30248/106562
checkpoint optimizer_steps=13002 path=/home/yanzhou/cyh/cid-v17-retrain/runs/cid-v1-0.4b-v17-ncv4/stage-a/stage-a-latest.pt
progress epoch=1 optimizer_steps=13026 raw_loss=1.435845 weighted_loss=2.144223 lr=0.0001 windows=30320/106562
progress epoch=1 optimizer_steps=13050 raw_loss=2.039098 weighted_loss=1.465978 lr=0.0001 windows=30384/106562
progress epoch=1 optimizer_steps=13087 raw_loss=2.001257 weighted_loss=0.903917 lr=0.0001 windows=30457/106562
progress epoch=1 optimizer_steps=13102 raw_loss=2.268805 weighted_loss=1.703974 lr=0.0001 windows=30505/106562
progress epoch=1 optimizer_steps=13127 raw_loss=1.575113 weighted_loss=1.230049 lr=0.0001 windows=30584/106562
progress epoch=1 optimizer_steps=13152 raw_loss=1.739930 weighted_loss=1.276173 lr=0.0001 windows=30639/106562
progress epoch=1 optimizer_steps=13178 raw_loss=1.498622 weighted_loss=1.122254 lr=0.0001 windows=30689/106562
progress epoch=1 optimizer_steps=13207 raw_loss=1.887346 weighted_loss=1.328273 lr=0.0001 windows=30762/106562
progress epoch=1 optimizer_steps=13225 raw_loss=1.788457 weighted_loss=1.932142 lr=0.0001 windows=30811/106562
progress epoch=1 optimizer_steps=13252 raw_loss=1.525597 weighted_loss=1.155137 lr=0.0001 windows=30882/106562
progress epoch=1 optimizer_steps=13282 raw_loss=2.004875 weighted_loss=0.781828 lr=0.0001 windows=30946/106562
progress epoch=1 optimizer_steps=13302 raw_loss=1.667404 weighted_loss=2.394670 lr=0.0001 windows=31024/106562
progress epoch=1 optimizer_steps=13327 raw_loss=1.776161 weighted_loss=1.103160 lr=0.0001 windows=31098/106562
progress epoch=1 optimizer_steps=13350 raw_loss=1.767995 weighted_loss=0.956553 lr=0.0001 windows=31166/106562
progress epoch=1 optimizer_steps=13375 raw_loss=2.152058 weighted_loss=1.959762 lr=0.0001 windows=31277/106562
progress epoch=1 optimizer_steps=13401 raw_loss=2.473245 weighted_loss=3.041965 lr=0.0001 windows=31362/106562
progress epoch=1 optimizer_steps=13440 raw_loss=1.933404 weighted_loss=1.215920 lr=0.0001 windows=31466/106562
progress epoch=1 optimizer_steps=13455 raw_loss=1.860522 weighted_loss=0.862179 lr=0.0001 windows=31502/106562
progress epoch=1 optimizer_steps=13478 raw_loss=2.021481 weighted_loss=0.799870 lr=0.0001 windows=31556/106562
progress epoch=1 optimizer_steps=13505 raw_loss=2.186986 weighted_loss=1.425357 lr=0.0001 windows=31604/106562
progress epoch=1 optimizer_steps=13525 raw_loss=1.570410 weighted_loss=1.090398 lr=0.0001 windows=31658/106562
progress epoch=1 optimizer_steps=13553 raw_loss=2.059712 weighted_loss=1.319388 lr=0.0001 windows=31727/106562
progress epoch=1 optimizer_steps=13576 raw_loss=2.239082 weighted_loss=1.948343 lr=0.0001 windows=31796/106562
progress epoch=1 optimizer_steps=13605 raw_loss=1.984086 weighted_loss=0.639647 lr=0.0001 windows=31829/106562
progress epoch=1 optimizer_steps=13625 raw_loss=1.930603 weighted_loss=1.221599 lr=0.0001 windows=31877/106562
progress epoch=1 optimizer_steps=13656 raw_loss=2.183051 weighted_loss=0.961060 lr=0.0001 windows=31926/106562
progress epoch=1 optimizer_steps=13676 raw_loss=2.234326 weighted_loss=6.313829 lr=0.0001 windows=32023/106562
progress epoch=1 optimizer_steps=13701 raw_loss=1.569585 weighted_loss=1.047040 lr=0.0001 windows=32100/106562
progress epoch=1 optimizer_steps=13734 raw_loss=1.590680 weighted_loss=1.200708 lr=0.0001 windows=32172/106562
progress epoch=1 optimizer_steps=13762 raw_loss=2.138088 weighted_loss=1.058967 lr=0.0001 windows=32220/106562
progress epoch=1 optimizer_steps=13783 raw_loss=1.785104 weighted_loss=3.284113 lr=0.0001 windows=32292/106562
progress epoch=1 optimizer_steps=13804 raw_loss=1.843291 weighted_loss=0.622803 lr=0.0001 windows=32323/106562
progress epoch=1 optimizer_steps=13825 raw_loss=1.704419 weighted_loss=1.116177 lr=0.0001 windows=32372/106562
progress epoch=1 optimizer_steps=13861 raw_loss=1.901264 weighted_loss=0.615273 lr=0.0001 windows=32419/106562
progress epoch=1 optimizer_steps=13877 raw_loss=1.702126 weighted_loss=0.657280 lr=0.0001 windows=32465/106562
progress epoch=1 optimizer_steps=13905 raw_loss=2.049926 weighted_loss=1.541292 lr=0.0001 windows=32537/106562
progress epoch=1 optimizer_steps=13931 raw_loss=1.822527 weighted_loss=1.353403 lr=0.0001 windows=32609/106562
progress epoch=1 optimizer_steps=13954 raw_loss=2.497448 weighted_loss=2.182649 lr=0.0001 windows=32705/106562
progress epoch=1 optimizer_steps=13975 raw_loss=1.607992 weighted_loss=1.222183 lr=0.0001 windows=32772/106562
progress epoch=1 optimizer_steps=14000 raw_loss=1.772029 weighted_loss=1.680707 lr=0.0001 windows=32872/106562
checkpoint optimizer_steps=14000 path=/home/yanzhou/cyh/cid-v17-retrain/runs/cid-v1-0.4b-v17-ncv4/stage-a/stage-a-latest.pt
progress epoch=1 optimizer_steps=14031 raw_loss=2.295833 weighted_loss=3.999615 lr=0.0001 windows=32995/106562
progress epoch=1 optimizer_steps=14052 raw_loss=1.900807 weighted_loss=1.978585 lr=0.0001 windows=33051/106562
progress epoch=1 optimizer_steps=14077 raw_loss=2.058342 weighted_loss=1.089157 lr=0.0001 windows=33125/106562
progress epoch=1 optimizer_steps=14108 raw_loss=1.945865 weighted_loss=1.169141 lr=0.0001 windows=33209/106562
progress epoch=1 optimizer_steps=14129 raw_loss=2.238220 weighted_loss=1.516379 lr=0.0001 windows=33281/106562
progress epoch=1 optimizer_steps=14151 raw_loss=1.685205 weighted_loss=1.130406 lr=0.0001 windows=33358/106562
progress epoch=1 optimizer_steps=14179 raw_loss=1.993581 weighted_loss=1.418976 lr=0.0001 windows=33454/106562
progress epoch=1 optimizer_steps=14204 raw_loss=1.866521 weighted_loss=1.636043 lr=0.0001 windows=33549/106562
progress epoch=1 optimizer_steps=14225 raw_loss=1.881686 weighted_loss=1.417898 lr=0.0001 windows=33624/106562
progress epoch=1 optimizer_steps=14256 raw_loss=2.176828 weighted_loss=1.737959 lr=0.0001 windows=33745/106562
progress epoch=1 optimizer_steps=14289 raw_loss=1.975804 weighted_loss=1.252168 lr=0.0001 windows=33823/106562
progress epoch=1 optimizer_steps=14300 raw_loss=1.382112 weighted_loss=1.051340 lr=0.0001 windows=33848/106562
progress epoch=1 optimizer_steps=14332 raw_loss=1.722858 weighted_loss=0.664350 lr=0.0001 windows=33898/106562
progress epoch=1 optimizer_steps=14351 raw_loss=2.088757 weighted_loss=0.783801 lr=0.0001 windows=33922/106562
progress epoch=1 optimizer_steps=14375 raw_loss=1.979899 weighted_loss=1.205798 lr=0.0001 windows=33959/106562
progress epoch=1 optimizer_steps=14407 raw_loss=1.656976 weighted_loss=1.752420 lr=0.0001 windows=34066/106562
progress epoch=1 optimizer_steps=14430 raw_loss=1.774175 weighted_loss=1.685083 lr=0.0001 windows=34139/106562
progress epoch=1 optimizer_steps=14456 raw_loss=1.968061 weighted_loss=2.467947 lr=0.0001 windows=34221/106562
progress epoch=1 optimizer_steps=14478 raw_loss=1.860503 weighted_loss=1.371923 lr=0.0001 windows=34294/106562
progress epoch=1 optimizer_steps=14501 raw_loss=2.119338 weighted_loss=2.452359 lr=0.0001 windows=34376/106562
progress epoch=1 optimizer_steps=14529 raw_loss=1.833239 weighted_loss=2.259242 lr=0.0001 windows=34498/106562
progress epoch=1 optimizer_steps=14554 raw_loss=1.504782 weighted_loss=2.030910 lr=0.0001 windows=34594/106562
progress epoch=1 optimizer_steps=14581 raw_loss=1.958101 weighted_loss=1.227831 lr=0.0001 windows=34651/106562
progress epoch=1 optimizer_steps=14600 raw_loss=1.673898 weighted_loss=1.516709 lr=0.0001 windows=34716/106562
progress epoch=1 optimizer_steps=14637 raw_loss=1.943559 weighted_loss=1.571314 lr=0.0001 windows=34826/106562
progress epoch=1 optimizer_steps=14657 raw_loss=1.980382 weighted_loss=1.923297 lr=0.0001 windows=34894/106562
progress epoch=1 optimizer_steps=14677 raw_loss=1.851468 weighted_loss=1.283378 lr=0.0001 windows=34942/106562
progress epoch=1 optimizer_steps=14703 raw_loss=2.319151 weighted_loss=1.902733 lr=0.0001 windows=35035/106562
progress epoch=1 optimizer_steps=14725 raw_loss=1.856280 weighted_loss=1.240248 lr=0.0001 windows=35072/106562
progress epoch=1 optimizer_steps=14755 raw_loss=1.798495 weighted_loss=2.370401 lr=0.0001 windows=35176/106562
progress epoch=1 optimizer_steps=14777 raw_loss=2.173863 weighted_loss=0.930989 lr=0.0001 windows=35226/106562
progress epoch=1 optimizer_steps=14805 raw_loss=1.966958 weighted_loss=1.877983 lr=0.0001 windows=35299/106562
progress epoch=1 optimizer_steps=14825 raw_loss=1.538932 weighted_loss=0.947448 lr=0.0001 windows=35340/106562
progress epoch=1 optimizer_steps=14860 raw_loss=1.867735 weighted_loss=2.277204 lr=0.0001 windows=35438/106562
progress epoch=1 optimizer_steps=14879 raw_loss=1.731619 weighted_loss=2.008052 lr=0.0001 windows=35491/106562
progress epoch=1 optimizer_steps=14907 raw_loss=2.229846 weighted_loss=2.946600 lr=0.0001 windows=35600/106562
progress epoch=1 optimizer_steps=14925 raw_loss=1.995027 weighted_loss=5.961524 lr=0.0001 windows=35654/106562
progress epoch=1 optimizer_steps=14955 raw_loss=2.087957 weighted_loss=1.876744 lr=0.0001 windows=35757/106562
progress epoch=1 optimizer_steps=14980 raw_loss=1.776843 weighted_loss=1.060443 lr=0.0001 windows=35819/106562
progress epoch=1 optimizer_steps=15001 raw_loss=2.599055 weighted_loss=1.638370 lr=0.0001 windows=35879/106562
checkpoint optimizer_steps=15001 path=/home/yanzhou/cyh/cid-v17-retrain/runs/cid-v1-0.4b-v17-ncv4/stage-a/stage-a-latest.pt
progress epoch=1 optimizer_steps=15028 raw_loss=2.210623 weighted_loss=2.157065 lr=0.0001 windows=35980/106562
progress epoch=1 optimizer_steps=15051 raw_loss=1.980292 weighted_loss=1.295997 lr=0.0001 windows=36056/106562
progress epoch=1 optimizer_steps=15075 raw_loss=1.670640 weighted_loss=1.153263 lr=0.0001 windows=36116/106562
progress epoch=1 optimizer_steps=15104 raw_loss=1.794688 weighted_loss=1.817845 lr=0.0001 windows=36201/106562
progress epoch=1 optimizer_steps=15134 raw_loss=1.757993 weighted_loss=1.311374 lr=0.0001 windows=36309/106562
progress epoch=1 optimizer_steps=15150 raw_loss=1.430657 weighted_loss=0.883889 lr=0.0001 windows=36357/106562
progress epoch=1 optimizer_steps=15175 raw_loss=1.756094 weighted_loss=1.485483 lr=0.0001 windows=36433/106562
progress epoch=1 optimizer_steps=15202 raw_loss=1.709305 weighted_loss=1.872395 lr=0.0001 windows=36537/106562
progress epoch=1 optimizer_steps=15230 raw_loss=1.710798 weighted_loss=1.906376 lr=0.0001 windows=36639/106562
progress epoch=1 optimizer_steps=15257 raw_loss=1.826783 weighted_loss=1.217380 lr=0.0001 windows=36732/106562
progress epoch=1 optimizer_steps=15284 raw_loss=1.882860 weighted_loss=1.275860 lr=0.0001 windows=36792/106562
progress epoch=1 optimizer_steps=15300 raw_loss=1.527653 weighted_loss=0.990713 lr=0.0001 windows=36832/106562
progress epoch=1 optimizer_steps=15326 raw_loss=1.739690 weighted_loss=1.054437 lr=0.0001 windows=36915/106562
progress epoch=1 optimizer_steps=15352 raw_loss=1.586483 weighted_loss=1.186349 lr=0.0001 windows=36978/106562
progress epoch=1 optimizer_steps=15376 raw_loss=2.320577 weighted_loss=6.930038 lr=0.0001 windows=37108/106562
progress epoch=1 optimizer_steps=15404 raw_loss=2.028830 weighted_loss=1.622774 lr=0.0001 windows=37194/106562
progress epoch=1 optimizer_steps=15426 raw_loss=1.687267 weighted_loss=0.723307 lr=0.0001 windows=37258/106562
progress epoch=1 optimizer_steps=15450 raw_loss=2.284142 weighted_loss=2.738324 lr=0.0001 windows=37354/106562
progress epoch=1 optimizer_steps=15477 raw_loss=1.808085 weighted_loss=1.151164 lr=0.0001 windows=37458/106562
progress epoch=1 optimizer_steps=15505 raw_loss=1.763586 weighted_loss=2.140921 lr=0.0001 windows=37555/106562
progress epoch=1 optimizer_steps=15533 raw_loss=1.584655 weighted_loss=1.529252 lr=0.0001 windows=37632/106562
progress epoch=1 optimizer_steps=15566 raw_loss=1.985858 weighted_loss=1.225713 lr=0.0001 windows=37704/106562
progress epoch=1 optimizer_steps=15575 raw_loss=1.545542 weighted_loss=2.093929 lr=0.0001 windows=37735/106562
progress epoch=1 optimizer_steps=15603 raw_loss=2.073871 weighted_loss=1.278865 lr=0.0001 windows=37824/106562
progress epoch=1 optimizer_steps=15630 raw_loss=2.171257 weighted_loss=1.332593 lr=0.0001 windows=37912/106562
progress epoch=1 optimizer_steps=15651 raw_loss=1.922234 weighted_loss=2.161133 lr=0.0001 windows=37989/106562
progress epoch=1 optimizer_steps=15678 raw_loss=2.073913 weighted_loss=2.351585 lr=0.0001 windows=38095/106562
progress epoch=1 optimizer_steps=15702 raw_loss=1.757456 weighted_loss=1.145721 lr=0.0001 windows=38167/106562
progress epoch=1 optimizer_steps=15725 raw_loss=1.935453 weighted_loss=2.122055 lr=0.0001 windows=38264/106562
progress epoch=1 optimizer_steps=15758 raw_loss=1.974240 weighted_loss=1.225584 lr=0.0001 windows=38402/106562
progress epoch=1 optimizer_steps=15780 raw_loss=1.689989 weighted_loss=1.841625 lr=0.0001 windows=38475/106562
progress epoch=1 optimizer_steps=15805 raw_loss=1.666234 weighted_loss=0.873541 lr=0.0001 windows=38552/106562
progress epoch=1 optimizer_steps=15826 raw_loss=1.920698 weighted_loss=1.968983 lr=0.0001 windows=38621/106562
progress epoch=1 optimizer_steps=15852 raw_loss=1.740583 weighted_loss=1.665221 lr=0.0001 windows=38705/106562
progress epoch=1 optimizer_steps=15887 raw_loss=1.986488 weighted_loss=1.719108 lr=0.0001 windows=38797/106562
progress epoch=1 optimizer_steps=15910 raw_loss=1.754539 weighted_loss=0.796321 lr=0.0001 windows=38844/106562
progress epoch=1 optimizer_steps=15926 raw_loss=1.600821 weighted_loss=2.194414 lr=0.0001 windows=38893/106562
progress epoch=1 optimizer_steps=15953 raw_loss=1.976044 weighted_loss=2.081538 lr=0.0001 windows=38989/106562
progress epoch=1 optimizer_steps=15975 raw_loss=1.724449 weighted_loss=1.134277 lr=0.0001 windows=39037/106562
progress epoch=1 optimizer_steps=16001 raw_loss=1.974385 weighted_loss=1.315842 lr=0.0001 windows=39133/106562
checkpoint optimizer_steps=16001 path=/home/yanzhou/cyh/cid-v17-retrain/runs/cid-v1-0.4b-v17-ncv4/stage-a/stage-a-latest.pt
progress epoch=1 optimizer_steps=16027 raw_loss=1.769357 weighted_loss=2.022814 lr=0.0001 windows=39241/106562
progress epoch=1 optimizer_steps=16051 raw_loss=1.644141 weighted_loss=1.459617 lr=0.0001 windows=39316/106562
progress epoch=1 optimizer_steps=16076 raw_loss=2.374714 weighted_loss=4.072235 lr=0.0001 windows=39412/106562
progress epoch=1 optimizer_steps=16105 raw_loss=2.314092 weighted_loss=2.591964 lr=0.0001 windows=39539/106562
progress epoch=1 optimizer_steps=16131 raw_loss=2.083295 weighted_loss=2.307995 lr=0.0001 windows=39650/106562
progress epoch=1 optimizer_steps=16150 raw_loss=2.040655 weighted_loss=2.526223 lr=0.0001 windows=39722/106562
progress epoch=1 optimizer_steps=16191 raw_loss=2.173953 weighted_loss=3.681323 lr=0.0001 windows=39838/106562
progress epoch=1 optimizer_steps=16201 raw_loss=1.995294 weighted_loss=2.626093 lr=0.0001 windows=39886/106562
progress epoch=1 optimizer_steps=16227 raw_loss=1.947262 weighted_loss=1.470773 lr=0.0001 windows=39959/106562
progress epoch=1 optimizer_steps=16251 raw_loss=1.791112 weighted_loss=1.612176 lr=0.0001 windows=40027/106562
progress epoch=1 optimizer_steps=16276 raw_loss=1.960672 weighted_loss=1.999353 lr=0.0001 windows=40124/106562
progress epoch=1 optimizer_steps=16304 raw_loss=2.210937 weighted_loss=2.817971 lr=0.0001 windows=40237/106562
progress epoch=1 optimizer_steps=16342 raw_loss=1.942697 weighted_loss=1.058784 lr=0.0001 windows=40313/106562
progress epoch=1 optimizer_steps=16356 raw_loss=1.870735 weighted_loss=5.292304 lr=0.0001 windows=40361/106562
progress epoch=1 optimizer_steps=16384 raw_loss=2.028293 weighted_loss=2.962138 lr=0.0001 windows=40481/106562
progress epoch=1 optimizer_steps=16405 raw_loss=1.917757 weighted_loss=1.054190 lr=0.0001 windows=40525/106562
progress epoch=1 optimizer_steps=16427 raw_loss=1.662602 weighted_loss=0.841247 lr=0.0001 windows=40580/106562
progress epoch=1 optimizer_steps=16453 raw_loss=1.654304 weighted_loss=1.491525 lr=0.0001 windows=40652/106562
progress epoch=1 optimizer_steps=16475 raw_loss=1.664007 weighted_loss=1.046302 lr=0.0001 windows=40700/106562
progress epoch=1 optimizer_steps=16505 raw_loss=2.027521 weighted_loss=2.342559 lr=0.0001 windows=40796/106562
progress epoch=1 optimizer_steps=16529 raw_loss=1.964402 weighted_loss=1.254301 lr=0.0001 windows=40858/106562
progress epoch=1 optimizer_steps=16551 raw_loss=1.347138 weighted_loss=0.932629 lr=0.0001 windows=40906/106562
progress epoch=1 optimizer_steps=16579 raw_loss=1.848719 weighted_loss=1.558707 lr=0.0001 windows=41002/106562
progress epoch=1 optimizer_steps=16604 raw_loss=1.538349 weighted_loss=1.756638 lr=0.0001 windows=41100/106562
progress epoch=1 optimizer_steps=16629 raw_loss=1.783844 weighted_loss=1.155771 lr=0.0001 windows=41177/106562
progress epoch=1 optimizer_steps=16650 raw_loss=2.245206 weighted_loss=4.269841 lr=0.0001 windows=41265/106562
progress epoch=1 optimizer_steps=16679 raw_loss=1.755709 weighted_loss=1.752415 lr=0.0001 windows=41375/106562
progress epoch=1 optimizer_steps=16701 raw_loss=1.892746 weighted_loss=2.136544 lr=0.0001 windows=41464/106562
progress epoch=1 optimizer_steps=16730 raw_loss=1.780765 weighted_loss=1.762595 lr=0.0001 windows=41567/106562
progress epoch=1 optimizer_steps=16758 raw_loss=2.281569 weighted_loss=3.038972 lr=0.0001 windows=41687/106562
progress epoch=1 optimizer_steps=16775 raw_loss=2.175820 weighted_loss=1.636848 lr=0.0001 windows=41759/106562
progress epoch=1 optimizer_steps=16809 raw_loss=1.585715 weighted_loss=0.986358 lr=0.0001 windows=41874/106562
progress epoch=1 optimizer_steps=16829 raw_loss=2.159884 weighted_loss=1.563837 lr=0.0001 windows=41954/106562
progress epoch=1 optimizer_steps=16856 raw_loss=1.874037 weighted_loss=1.486365 lr=0.0001 windows=42026/106562
progress epoch=1 optimizer_steps=16878 raw_loss=2.014152 weighted_loss=2.314663 lr=0.0001 windows=42098/106562
progress epoch=1 optimizer_steps=16900 raw_loss=2.180739 weighted_loss=2.897234 lr=0.0001 windows=42194/106562
progress epoch=1 optimizer_steps=16928 raw_loss=1.823994 weighted_loss=2.254407 lr=0.0001 windows=42290/106562
progress epoch=1 optimizer_steps=16955 raw_loss=1.787699 weighted_loss=1.648774 lr=0.0001 windows=42377/106562
progress epoch=1 optimizer_steps=16976 raw_loss=2.517460 weighted_loss=3.601063 lr=0.0001 windows=42481/106562
progress epoch=1 optimizer_steps=17003 raw_loss=1.841882 weighted_loss=1.738595 lr=0.0001 windows=42573/106562
checkpoint optimizer_steps=17003 path=/home/yanzhou/cyh/cid-v17-retrain/runs/cid-v1-0.4b-v17-ncv4/stage-a/stage-a-latest.pt
progress epoch=1 optimizer_steps=17026 raw_loss=1.978807 weighted_loss=1.684543 lr=0.0001 windows=42669/106562
progress epoch=1 optimizer_steps=17051 raw_loss=1.816570 weighted_loss=1.401992 lr=0.0001 windows=42768/106562
progress epoch=1 optimizer_steps=17083 raw_loss=1.676458 weighted_loss=1.896495 lr=0.0001 windows=42888/106562
progress epoch=1 optimizer_steps=17100 raw_loss=2.792135 weighted_loss=8.180592 lr=0.0001 windows=42984/106562
progress epoch=1 optimizer_steps=17128 raw_loss=1.570988 weighted_loss=1.322103 lr=0.0001 windows=43089/106562
progress epoch=1 optimizer_steps=17150 raw_loss=2.240724 weighted_loss=5.921351 lr=0.0001 windows=43170/106562
progress epoch=1 optimizer_steps=17177 raw_loss=2.264119 weighted_loss=2.890687 lr=0.0001 windows=43290/106562
progress epoch=1 optimizer_steps=17201 raw_loss=1.584874 weighted_loss=1.281275 lr=0.0001 windows=43362/106562
progress epoch=1 optimizer_steps=17230 raw_loss=1.765390 weighted_loss=2.166588 lr=0.0001 windows=43471/106562
progress epoch=1 optimizer_steps=17255 raw_loss=2.086224 weighted_loss=2.329353 lr=0.0001 windows=43591/106562
progress epoch=1 optimizer_steps=17275 raw_loss=2.313752 weighted_loss=6.884875 lr=0.0001 windows=43692/106562
progress epoch=1 optimizer_steps=17302 raw_loss=1.743251 weighted_loss=1.899669 lr=0.0001 windows=43788/106562
progress epoch=1 optimizer_steps=17326 raw_loss=2.291098 weighted_loss=3.053380 lr=0.0001 windows=43884/106562
progress epoch=1 optimizer_steps=17352 raw_loss=1.874266 weighted_loss=2.090951 lr=0.0001 windows=43980/106562
progress epoch=1 optimizer_steps=17377 raw_loss=1.829149 weighted_loss=2.333579 lr=0.0001 windows=44077/106562
progress epoch=1 optimizer_steps=17411 raw_loss=1.694368 weighted_loss=1.721518 lr=0.0001 windows=44196/106562
progress epoch=1 optimizer_steps=17430 raw_loss=1.746956 weighted_loss=1.908649 lr=0.0001 windows=44252/106562
progress epoch=1 optimizer_steps=17450 raw_loss=1.804686 weighted_loss=1.381470 lr=0.0001 windows=44314/106562
progress epoch=1 optimizer_steps=17480 raw_loss=1.842042 weighted_loss=1.751158 lr=0.0001 windows=44384/106562
progress epoch=1 optimizer_steps=17503 raw_loss=1.749474 weighted_loss=1.726294 lr=0.0001 windows=44456/106562
progress epoch=1 optimizer_steps=17525 raw_loss=1.886175 weighted_loss=1.609210 lr=0.0001 windows=44524/106562
progress epoch=1 optimizer_steps=17555 raw_loss=1.867643 weighted_loss=2.367520 lr=0.0001 windows=44620/106562
progress epoch=1 optimizer_steps=17577 raw_loss=1.845448 weighted_loss=1.509382 lr=0.0001 windows=44692/106562
progress epoch=1 optimizer_steps=17603 raw_loss=1.925815 weighted_loss=1.820125 lr=0.0001 windows=44800/106562
progress epoch=1 optimizer_steps=17631 raw_loss=1.949352 weighted_loss=1.756891 lr=0.0001 windows=44924/106562
progress epoch=1 optimizer_steps=17654 raw_loss=1.706465 weighted_loss=2.796013 lr=0.0001 windows=44996/106562
progress epoch=1 optimizer_steps=17678 raw_loss=1.774557 weighted_loss=2.013405 lr=0.0001 windows=45092/106562
progress epoch=1 optimizer_steps=17705 raw_loss=1.754694 weighted_loss=2.548652 lr=0.0001 windows=45188/106562
progress epoch=1 optimizer_steps=17725 raw_loss=1.691655 weighted_loss=1.150545 lr=0.0001 windows=45260/106562
progress epoch=1 optimizer_steps=17752 raw_loss=2.020839 weighted_loss=1.790612 lr=0.0001 windows=45356/106562
progress epoch=1 optimizer_steps=17780 raw_loss=2.063470 weighted_loss=2.713293 lr=0.0001 windows=45452/106562
progress epoch=1 optimizer_steps=17800 raw_loss=1.745929 weighted_loss=1.834204 lr=0.0001 windows=45524/106562
progress epoch=1 optimizer_steps=17827 raw_loss=2.256765 weighted_loss=2.665548 lr=0.0001 windows=45644/106562
progress epoch=1 optimizer_steps=17852 raw_loss=1.752836 weighted_loss=1.333401 lr=0.0001 windows=45716/106562
progress epoch=1 optimizer_steps=17875 raw_loss=1.669915 weighted_loss=2.179429 lr=0.0001 windows=45788/106562
progress epoch=1 optimizer_steps=17902 raw_loss=1.724612 weighted_loss=1.329115 lr=0.0001 windows=45860/106562
progress epoch=1 optimizer_steps=17925 raw_loss=1.809429 weighted_loss=1.721127 lr=0.0001 windows=45932/106562
progress epoch=1 optimizer_steps=17955 raw_loss=1.868926 weighted_loss=3.239999 lr=0.0001 windows=46052/106562
progress epoch=1 optimizer_steps=17976 raw_loss=1.561472 weighted_loss=1.523569 lr=0.0001 windows=46100/106562
progress epoch=1 optimizer_steps=18004 raw_loss=1.828398 weighted_loss=2.405998 lr=0.0001 windows=46194/106562
checkpoint optimizer_steps=18004 path=/home/yanzhou/cyh/cid-v17-retrain/runs/cid-v1-0.4b-v17-ncv4/stage-a/stage-a-latest.pt
progress epoch=1 optimizer_steps=18025 raw_loss=2.581044 weighted_loss=3.938576 lr=0.0001 windows=46314/106562
progress epoch=1 optimizer_steps=18054 raw_loss=2.083923 weighted_loss=2.725691 lr=0.0001 windows=46434/106562
progress epoch=1 optimizer_steps=18076 raw_loss=1.937754 weighted_loss=1.665387 lr=0.0001 windows=46519/106562
progress epoch=1 optimizer_steps=18101 raw_loss=1.853059 weighted_loss=2.348332 lr=0.0001 windows=46615/106562
progress epoch=1 optimizer_steps=18129 raw_loss=1.693394 weighted_loss=1.515390 lr=0.0001 windows=46717/106562
progress epoch=1 optimizer_steps=18153 raw_loss=1.404892 weighted_loss=1.499375 lr=0.0001 windows=46814/106562
progress epoch=1 optimizer_steps=18179 raw_loss=1.852015 weighted_loss=2.039855 lr=0.0001 windows=46919/106562
progress epoch=1 optimizer_steps=18205 raw_loss=2.144774 weighted_loss=2.306474 lr=0.0001 windows=47029/106562
progress epoch=1 optimizer_steps=18234 raw_loss=1.941609 weighted_loss=3.667896 lr=0.0001 windows=47153/106562
progress epoch=1 optimizer_steps=18258 raw_loss=1.722858 weighted_loss=1.370206 lr=0.0001 windows=47225/106562
progress epoch=1 optimizer_steps=18277 raw_loss=1.637089 weighted_loss=1.299476 lr=0.0001 windows=47273/106562
progress epoch=1 optimizer_steps=18304 raw_loss=1.618208 weighted_loss=1.350421 lr=0.0001 windows=47345/106562
progress epoch=1 optimizer_steps=18325 raw_loss=1.579224 weighted_loss=1.655142 lr=0.0001 windows=47426/106562
progress epoch=1 optimizer_steps=18350 raw_loss=1.640369 weighted_loss=1.364600 lr=0.0001 windows=47503/106562
progress epoch=1 optimizer_steps=18376 raw_loss=2.203833 weighted_loss=2.559549 lr=0.0001 windows=47642/106562
progress epoch=1 optimizer_steps=18406 raw_loss=1.553682 weighted_loss=1.719800 lr=0.0001 windows=47738/106562
progress epoch=1 optimizer_steps=18428 raw_loss=1.658570 weighted_loss=2.066707 lr=0.0001 windows=47810/106562
progress epoch=1 optimizer_steps=18455 raw_loss=1.699936 weighted_loss=1.402782 lr=0.0001 windows=47882/106562
progress epoch=1 optimizer_steps=18479 raw_loss=1.617373 weighted_loss=1.790979 lr=0.0001 windows=47978/106562
progress epoch=1 optimizer_steps=18505 raw_loss=1.735246 weighted_loss=1.852515 lr=0.0001 windows=48074/106562
progress epoch=1 optimizer_steps=18525 raw_loss=1.659628 weighted_loss=2.267097 lr=0.0001 windows=48146/106562
progress epoch=1 optimizer_steps=18556 raw_loss=1.717417 weighted_loss=1.385921 lr=0.0001 windows=48242/106562
progress epoch=1 optimizer_steps=18581 raw_loss=2.119247 weighted_loss=8.208908 lr=0.0001 windows=48362/106562
progress epoch=1 optimizer_steps=18600 raw_loss=1.463902 weighted_loss=1.363013 lr=0.0001 windows=48410/106562
progress epoch=1 optimizer_steps=18630 raw_loss=2.014985 weighted_loss=1.540176 lr=0.0001 windows=48530/106562
progress epoch=1 optimizer_steps=18654 raw_loss=1.905742 weighted_loss=2.883702 lr=0.0001 windows=48650/106562
progress epoch=1 optimizer_steps=18676 raw_loss=1.994078 weighted_loss=5.836325 lr=0.0001 windows=48766/106562
progress epoch=1 optimizer_steps=18702 raw_loss=1.558634 weighted_loss=1.534113 lr=0.0001 windows=48862/106562
progress epoch=1 optimizer_steps=18729 raw_loss=1.711432 weighted_loss=1.313169 lr=0.0001 windows=48945/106562
progress epoch=1 optimizer_steps=18760 raw_loss=1.567873 weighted_loss=1.262144 lr=0.0001 windows=49041/106562
progress epoch=1 optimizer_steps=18775 raw_loss=1.844522 weighted_loss=3.698825 lr=0.0001 windows=49113/106562
progress epoch=1 optimizer_steps=18800 raw_loss=1.703414 weighted_loss=1.534608 lr=0.0001 windows=49209/106562
progress epoch=1 optimizer_steps=18828 raw_loss=1.653728 weighted_loss=2.523708 lr=0.0001 windows=49305/106562
progress epoch=1 optimizer_steps=18852 raw_loss=1.739722 weighted_loss=2.642215 lr=0.0001 windows=49425/106562
progress epoch=1 optimizer_steps=18875 raw_loss=1.555230 weighted_loss=1.276897 lr=0.0001 windows=49497/106562
progress epoch=1 optimizer_steps=18905 raw_loss=1.707080 weighted_loss=2.620064 lr=0.0001 windows=49626/106562
progress epoch=1 optimizer_steps=18925 raw_loss=1.808368 weighted_loss=1.358858 lr=0.0001 windows=49677/106562
progress epoch=1 optimizer_steps=18953 raw_loss=2.013697 weighted_loss=3.082273 lr=0.0001 windows=49818/106562
progress epoch=1 optimizer_steps=18978 raw_loss=1.791771 weighted_loss=1.824499 lr=0.0001 windows=49914/106562
progress epoch=1 optimizer_steps=19005 raw_loss=1.821018 weighted_loss=3.952758 lr=0.0001 windows=50036/106562
checkpoint optimizer_steps=19005 path=/home/yanzhou/cyh/cid-v17-retrain/runs/cid-v1-0.4b-v17-ncv4/stage-a/stage-a-latest.pt
progress epoch=1 optimizer_steps=19025 raw_loss=1.624884 weighted_loss=1.876916 lr=0.0001 windows=50108/106562
progress epoch=1 optimizer_steps=19051 raw_loss=1.517517 weighted_loss=1.394594 lr=0.0001 windows=50180/106562
progress epoch=1 optimizer_steps=19081 raw_loss=1.702426 weighted_loss=2.353120 lr=0.0001 windows=50276/106562
progress epoch=1 optimizer_steps=19101 raw_loss=1.579854 weighted_loss=3.945676 lr=0.0001 windows=50348/106562
progress epoch=1 optimizer_steps=19127 raw_loss=1.714090 weighted_loss=2.650325 lr=0.0001 windows=50444/106562
progress epoch=1 optimizer_steps=19152 raw_loss=1.788573 weighted_loss=1.668471 lr=0.0001 windows=50540/106562
progress epoch=1 optimizer_steps=19185 raw_loss=1.857962 weighted_loss=3.819302 lr=0.0001 windows=50684/106562
progress epoch=1 optimizer_steps=19200 raw_loss=1.649803 weighted_loss=1.317365 lr=0.0001 windows=50732/106562
progress epoch=1 optimizer_steps=19231 raw_loss=1.940817 weighted_loss=2.050500 lr=0.0001 windows=50843/106562
progress epoch=1 optimizer_steps=19255 raw_loss=1.831191 weighted_loss=1.811345 lr=0.0001 windows=50916/106562
progress epoch=1 optimizer_steps=19277 raw_loss=1.916269 weighted_loss=2.012475 lr=0.0001 windows=50988/106562
progress epoch=1 optimizer_steps=19302 raw_loss=2.025999 weighted_loss=3.260186 lr=0.0001 windows=51084/106562
progress epoch=1 optimizer_steps=19330 raw_loss=1.789800 weighted_loss=1.773636 lr=0.0001 windows=51182/106562
progress epoch=1 optimizer_steps=19350 raw_loss=1.620569 weighted_loss=1.978492 lr=0.0001 windows=51254/106562
progress epoch=1 optimizer_steps=19382 raw_loss=1.605078 weighted_loss=1.701883 lr=0.0001 windows=51350/106562
progress epoch=1 optimizer_steps=19400 raw_loss=1.578901 weighted_loss=1.189907 lr=0.0001 windows=51398/106562
progress epoch=1 optimizer_steps=19425 raw_loss=2.093293 weighted_loss=4.180455 lr=0.0001 windows=51516/106562
progress epoch=1 optimizer_steps=19452 raw_loss=1.825641 weighted_loss=5.353779 lr=0.0001 windows=51636/106562
progress epoch=1 optimizer_steps=19481 raw_loss=1.816882 weighted_loss=1.736713 lr=0.0001 windows=51756/106562
progress epoch=1 optimizer_steps=19504 raw_loss=2.084279 weighted_loss=6.532674 lr=0.0001 windows=51871/106562
progress epoch=1 optimizer_steps=19529 raw_loss=1.579435 weighted_loss=1.232772 lr=0.0001 windows=51943/106562
progress epoch=1 optimizer_steps=19553 raw_loss=1.831929 weighted_loss=4.184585 lr=0.0001 windows=52063/106562
progress epoch=1 optimizer_steps=19579 raw_loss=1.614637 weighted_loss=2.210458 lr=0.0001 windows=52160/106562
progress epoch=1 optimizer_steps=19607 raw_loss=1.615300 weighted_loss=2.062254 lr=0.0001 windows=52261/106562
progress epoch=1 optimizer_steps=19631 raw_loss=1.511890 weighted_loss=1.627633 lr=0.0001 windows=52333/106562
progress epoch=1 optimizer_steps=19651 raw_loss=2.127331 weighted_loss=4.821764 lr=0.0001 windows=52429/106562
progress epoch=1 optimizer_steps=19676 raw_loss=1.602885 weighted_loss=1.930187 lr=0.0001 windows=52501/106562
progress epoch=1 optimizer_steps=19707 raw_loss=1.604004 weighted_loss=1.487843 lr=0.0001 windows=52597/106562
progress epoch=1 optimizer_steps=19732 raw_loss=1.934459 weighted_loss=3.843015 lr=0.0001 windows=52700/106562
progress epoch=1 optimizer_steps=19759 raw_loss=1.880171 weighted_loss=1.938587 lr=0.0001 windows=52814/106562
progress epoch=1 optimizer_steps=19775 raw_loss=2.069489 weighted_loss=2.903512 lr=0.0001 windows=52880/106562
progress epoch=1 optimizer_steps=19803 raw_loss=1.583844 weighted_loss=2.618659 lr=0.0001 windows=52976/106562
progress epoch=1 optimizer_steps=19827 raw_loss=2.200437 weighted_loss=3.465118 lr=0.0001 windows=53113/106562
progress epoch=1 optimizer_steps=19850 raw_loss=2.304303 weighted_loss=4.053247 lr=0.0001 windows=53262/106562
progress epoch=1 optimizer_steps=19875 raw_loss=1.494902 weighted_loss=2.183047 lr=0.0001 windows=53358/106562
progress epoch=1 optimizer_steps=19903 raw_loss=1.828788 weighted_loss=2.975957 lr=0.0001 windows=53502/106562
progress epoch=1 optimizer_steps=19928 raw_loss=1.757683 weighted_loss=2.144447 lr=0.0001 windows=53598/106562
progress epoch=1 optimizer_steps=19953 raw_loss=1.750954 weighted_loss=3.817526 lr=0.0001 windows=53694/106562
progress epoch=1 optimizer_steps=19984 raw_loss=1.631266 weighted_loss=1.804844 lr=0.0001 windows=53814/106562
progress epoch=1 optimizer_steps=20006 raw_loss=1.429213 weighted_loss=2.498745 lr=0.0001 windows=53886/106562
checkpoint optimizer_steps=20006 path=/home/yanzhou/cyh/cid-v17-retrain/runs/cid-v1-0.4b-v17-ncv4/stage-a/stage-a-latest.pt
progress epoch=1 optimizer_steps=20031 raw_loss=1.685292 weighted_loss=2.037956 lr=0.0001 windows=53991/106562
progress epoch=1 optimizer_steps=20050 raw_loss=1.727129 weighted_loss=1.532177 lr=0.0001 windows=54063/106562
progress epoch=1 optimizer_steps=20076 raw_loss=2.016637 weighted_loss=5.564654 lr=0.0001 windows=54199/106562
progress epoch=1 optimizer_steps=20105 raw_loss=1.800473 weighted_loss=4.418890 lr=0.0001 windows=54319/106562
progress epoch=1 optimizer_steps=20131 raw_loss=1.724531 weighted_loss=1.706173 lr=0.0001 windows=54414/106562
progress epoch=1 optimizer_steps=20155 raw_loss=2.092942 weighted_loss=4.343168 lr=0.0001 windows=54534/106562
progress epoch=1 optimizer_steps=20176 raw_loss=1.993729 weighted_loss=5.772611 lr=0.0001 windows=54625/106562
progress epoch=1 optimizer_steps=20202 raw_loss=1.872789 weighted_loss=2.298834 lr=0.0001 windows=54750/106562
progress epoch=1 optimizer_steps=20229 raw_loss=1.525008 weighted_loss=1.989137 lr=0.0001 windows=54856/106562
progress epoch=1 optimizer_steps=20253 raw_loss=1.743960 weighted_loss=2.615762 lr=0.0001 windows=54952/106562
progress epoch=1 optimizer_steps=20279 raw_loss=1.672847 weighted_loss=1.459164 lr=0.0001 windows=55024/106562
progress epoch=1 optimizer_steps=20302 raw_loss=1.396853 weighted_loss=1.463053 lr=0.0001 windows=55096/106562
progress epoch=1 optimizer_steps=20329 raw_loss=1.686796 weighted_loss=1.634528 lr=0.0001 windows=55205/106562
progress epoch=1 optimizer_steps=20357 raw_loss=1.741909 weighted_loss=2.702641 lr=0.0001 windows=55311/106562
progress epoch=1 optimizer_steps=20381 raw_loss=1.688426 weighted_loss=1.914934 lr=0.0001 windows=55400/106562
progress epoch=1 optimizer_steps=20402 raw_loss=1.522549 weighted_loss=1.662732 lr=0.0001 windows=55472/106562
progress epoch=1 optimizer_steps=20425 raw_loss=2.035146 weighted_loss=3.235909 lr=0.0001 windows=55568/106562
progress epoch=1 optimizer_steps=20450 raw_loss=1.661185 weighted_loss=1.939282 lr=0.0001 windows=55664/106562
progress epoch=1 optimizer_steps=20480 raw_loss=1.529335 weighted_loss=2.365789 lr=0.0001 windows=55784/106562
progress epoch=1 optimizer_steps=20505 raw_loss=1.384383 weighted_loss=1.223422 lr=0.0001 windows=55856/106562
progress epoch=1 optimizer_steps=20528 raw_loss=1.349164 weighted_loss=1.681810 lr=0.0001 windows=55928/106562
progress epoch=1 optimizer_steps=20551 raw_loss=1.619549 weighted_loss=1.745496 lr=0.0001 windows=56011/106562
progress epoch=1 optimizer_steps=20577 raw_loss=1.667290 weighted_loss=1.672631 lr=0.0001 windows=56118/106562
progress epoch=1 optimizer_steps=20606 raw_loss=1.608703 weighted_loss=2.221724 lr=0.0001 windows=56238/106562
progress epoch=1 optimizer_steps=20628 raw_loss=1.326698 weighted_loss=1.352293 lr=0.0001 windows=56310/106562
progress epoch=1 optimizer_steps=20650 raw_loss=1.469220 weighted_loss=1.593677 lr=0.0001 windows=56382/106562
progress epoch=1 optimizer_steps=20675 raw_loss=1.843890 weighted_loss=2.355000 lr=0.0001 windows=56481/106562
progress epoch=1 optimizer_steps=20703 raw_loss=1.436823 weighted_loss=1.500826 lr=0.0001 windows=56577/106562
progress epoch=1 optimizer_steps=20726 raw_loss=1.466003 weighted_loss=2.077834 lr=0.0001 windows=56666/106562
progress epoch=1 optimizer_steps=20754 raw_loss=1.530884 weighted_loss=2.167563 lr=0.0001 windows=56769/106562
progress epoch=1 optimizer_steps=20776 raw_loss=1.869971 weighted_loss=4.553953 lr=0.0001 windows=56889/106562
progress epoch=1 optimizer_steps=20806 raw_loss=1.458385 weighted_loss=1.727248 lr=0.0001 windows=56985/106562
progress epoch=1 optimizer_steps=20829 raw_loss=1.706853 weighted_loss=2.301488 lr=0.0001 windows=57081/106562
progress epoch=1 optimizer_steps=20854 raw_loss=1.589603 weighted_loss=1.702996 lr=0.0001 windows=57177/106562
progress epoch=1 optimizer_steps=20876 raw_loss=1.920798 weighted_loss=4.887394 lr=0.0001 windows=57297/106562
progress epoch=1 optimizer_steps=20906 raw_loss=1.606383 weighted_loss=1.919868 lr=0.0001 windows=57409/106562
progress epoch=1 optimizer_steps=20926 raw_loss=1.432913 weighted_loss=0.889119 lr=0.0001 windows=57457/106562
progress epoch=1 optimizer_steps=20951 raw_loss=1.617286 weighted_loss=1.292662 lr=0.0001 windows=57529/106562
progress epoch=1 optimizer_steps=20975 raw_loss=1.587319 weighted_loss=1.316633 lr=0.0001 windows=57620/106562
progress epoch=1 optimizer_steps=21004 raw_loss=1.640379 weighted_loss=2.463309 lr=0.0001 windows=57740/106562
checkpoint optimizer_steps=21004 path=/home/yanzhou/cyh/cid-v17-retrain/runs/cid-v1-0.4b-v17-ncv4/stage-a/stage-a-latest.pt
progress epoch=1 optimizer_steps=21028 raw_loss=1.591929 weighted_loss=2.645267 lr=0.0001 windows=57860/106562
progress epoch=1 optimizer_steps=21052 raw_loss=1.701457 weighted_loss=2.067074 lr=0.0001 windows=57956/106562
progress epoch=1 optimizer_steps=21075 raw_loss=2.182751 weighted_loss=3.518812 lr=0.0001 windows=58052/106562
progress epoch=1 optimizer_steps=21100 raw_loss=1.598540 weighted_loss=1.512558 lr=0.0001 windows=58141/106562
progress epoch=1 optimizer_steps=21127 raw_loss=1.859229 weighted_loss=2.941227 lr=0.0001 windows=58262/106562
progress epoch=1 optimizer_steps=21151 raw_loss=1.791450 weighted_loss=3.559624 lr=0.0001 windows=58382/106562
progress epoch=1 optimizer_steps=21176 raw_loss=1.480059 weighted_loss=2.243850 lr=0.0001 windows=58478/106562
progress epoch=1 optimizer_steps=21200 raw_loss=1.679579 weighted_loss=5.604869 lr=0.0001 windows=58574/106562
progress epoch=1 optimizer_steps=21231 raw_loss=1.408868 weighted_loss=3.108655 lr=0.0001 windows=58699/106562
progress epoch=1 optimizer_steps=21257 raw_loss=1.672000 weighted_loss=1.769189 lr=0.0001 windows=58795/106562
progress epoch=1 optimizer_steps=21277 raw_loss=1.628443 weighted_loss=2.381284 lr=0.0001 windows=58891/106562
progress epoch=1 optimizer_steps=21301 raw_loss=1.706140 weighted_loss=3.212346 lr=0.0001 windows=59002/106562
progress epoch=1 optimizer_steps=21325 raw_loss=1.757171 weighted_loss=4.398790 lr=0.0001 windows=59122/106562
progress epoch=1 optimizer_steps=21352 raw_loss=1.470538 weighted_loss=2.264820 lr=0.0001 windows=59240/106562
progress epoch=1 optimizer_steps=21377 raw_loss=1.506194 weighted_loss=1.989079 lr=0.0001 windows=59336/106562
progress epoch=1 optimizer_steps=21406 raw_loss=1.560422 weighted_loss=2.094688 lr=0.0001 windows=59456/106562
progress epoch=1 optimizer_steps=21425 raw_loss=1.651857 weighted_loss=1.835704 lr=0.0001 windows=59528/106562
progress epoch=1 optimizer_steps=21450 raw_loss=1.617159 weighted_loss=1.936632 lr=0.0001 windows=59624/106562
progress epoch=1 optimizer_steps=21477 raw_loss=1.978164 weighted_loss=2.746844 lr=0.0001 windows=59768/106562
progress epoch=1 optimizer_steps=21504 raw_loss=1.479677 weighted_loss=1.646062 lr=0.0001 windows=59864/106562
progress epoch=1 optimizer_steps=21528 raw_loss=1.568686 weighted_loss=1.320245 lr=0.0001 windows=59936/106562
progress epoch=1 optimizer_steps=21558 raw_loss=1.562394 weighted_loss=1.310815 lr=0.0001 windows=60032/106562
progress epoch=1 optimizer_steps=21579 raw_loss=1.452377 weighted_loss=2.247190 lr=0.0001 windows=60133/106562
progress epoch=1 optimizer_steps=21604 raw_loss=1.359183 weighted_loss=2.021803 lr=0.0001 windows=60229/106562
progress epoch=1 optimizer_steps=21626 raw_loss=1.454440 weighted_loss=1.434499 lr=0.0001 windows=60301/106562
progress epoch=1 optimizer_steps=21651 raw_loss=1.945035 weighted_loss=6.248702 lr=0.0001 windows=60425/106562
progress epoch=1 optimizer_steps=21678 raw_loss=1.395651 weighted_loss=1.790884 lr=0.0001 windows=60521/106562
progress epoch=1 optimizer_steps=21700 raw_loss=1.418980 weighted_loss=1.744922 lr=0.0001 windows=60617/106562
progress epoch=1 optimizer_steps=21728 raw_loss=1.551823 weighted_loss=2.062316 lr=0.0001 windows=60737/106562
progress epoch=1 optimizer_steps=21755 raw_loss=1.753480 weighted_loss=5.406127 lr=0.0001 windows=60857/106562
progress epoch=1 optimizer_steps=21775 raw_loss=1.934034 weighted_loss=7.606194 lr=0.0001 windows=60977/106562
progress epoch=1 optimizer_steps=21804 raw_loss=1.476131 weighted_loss=2.474297 lr=0.0001 windows=61121/106562
progress epoch=1 optimizer_steps=21828 raw_loss=1.525918 weighted_loss=1.753122 lr=0.0001 windows=61217/106562
progress epoch=1 optimizer_steps=21857 raw_loss=1.535366 weighted_loss=1.812248 lr=0.0001 windows=61325/106562
progress epoch=1 optimizer_steps=21876 raw_loss=1.585068 weighted_loss=2.254240 lr=0.0001 windows=61420/106562
progress epoch=1 optimizer_steps=21903 raw_loss=1.614367 weighted_loss=3.395844 lr=0.0001 windows=61534/106562
progress epoch=1 optimizer_steps=21928 raw_loss=1.470775 weighted_loss=2.340390 lr=0.0001 windows=61630/106562
progress epoch=1 optimizer_steps=21951 raw_loss=1.711870 weighted_loss=2.129797 lr=0.0001 windows=61726/106562
progress epoch=1 optimizer_steps=21977 raw_loss=1.450553 weighted_loss=1.987200 lr=0.0001 windows=61822/106562
progress epoch=1 optimizer_steps=22001 raw_loss=1.675973 weighted_loss=2.097023 lr=0.0001 windows=61932/106562
checkpoint optimizer_steps=22001 path=/home/yanzhou/cyh/cid-v17-retrain/runs/cid-v1-0.4b-v17-ncv4/stage-a/stage-a-latest.pt
progress epoch=1 optimizer_steps=22025 raw_loss=1.184121 weighted_loss=1.214761 lr=0.0001 windows=62004/106562
progress epoch=1 optimizer_steps=22052 raw_loss=1.572584 weighted_loss=1.631041 lr=0.0001 windows=62089/106562
progress epoch=1 optimizer_steps=22079 raw_loss=1.633159 weighted_loss=4.028073 lr=0.0001 windows=62233/106562
progress epoch=1 optimizer_steps=22100 raw_loss=1.318335 weighted_loss=1.692327 lr=0.0001 windows=62305/106562
progress epoch=1 optimizer_steps=22125 raw_loss=1.706161 weighted_loss=2.598840 lr=0.0001 windows=62449/106562
progress epoch=1 optimizer_steps=22153 raw_loss=1.554783 weighted_loss=1.698513 lr=0.0001 windows=62569/106562
progress epoch=1 optimizer_steps=22181 raw_loss=1.928080 weighted_loss=2.589107 lr=0.0001 windows=62689/106562
progress epoch=1 optimizer_steps=22200 raw_loss=1.944540 weighted_loss=3.225976 lr=0.0001 windows=62774/106562
progress epoch=1 optimizer_steps=22229 raw_loss=1.814540 weighted_loss=2.983582 lr=0.0001 windows=62918/106562
progress epoch=1 optimizer_steps=22254 raw_loss=1.347821 weighted_loss=1.889700 lr=0.0001 windows=63014/106562
progress epoch=1 optimizer_steps=22275 raw_loss=1.578635 weighted_loss=1.886618 lr=0.0001 windows=63110/106562
progress epoch=1 optimizer_steps=22302 raw_loss=1.400310 weighted_loss=1.680494 lr=0.0001 windows=63210/106562
progress epoch=1 optimizer_steps=22328 raw_loss=1.581524 weighted_loss=2.220130 lr=0.0001 windows=63330/106562
progress epoch=1 optimizer_steps=22356 raw_loss=1.628658 weighted_loss=1.972300 lr=0.0001 windows=63450/106562
progress epoch=1 optimizer_steps=22381 raw_loss=1.795840 weighted_loss=6.627432 lr=0.0001 windows=63570/106562
progress epoch=1 optimizer_steps=22406 raw_loss=1.712817 weighted_loss=2.358422 lr=0.0001 windows=63713/106562
progress epoch=1 optimizer_steps=22426 raw_loss=2.162184 weighted_loss=4.743115 lr=0.0001 windows=63833/106562
progress epoch=1 optimizer_steps=22452 raw_loss=1.380059 weighted_loss=1.914646 lr=0.0001 windows=63933/106562
progress epoch=1 optimizer_steps=22478 raw_loss=1.546261 weighted_loss=2.504645 lr=0.0001 windows=64053/106562
progress epoch=1 optimizer_steps=22501 raw_loss=1.361176 weighted_loss=1.574422 lr=0.0001 windows=64149/106562
progress epoch=1 optimizer_steps=22525 raw_loss=2.443579 weighted_loss=13.651157 lr=0.0001 windows=64293/106562
progress epoch=1 optimizer_steps=22552 raw_loss=1.641379 weighted_loss=3.831063 lr=0.0001 windows=64434/106562
progress epoch=1 optimizer_steps=22580 raw_loss=1.540631 weighted_loss=1.588293 lr=0.0001 windows=64530/106562
progress epoch=1 optimizer_steps=22604 raw_loss=1.398553 weighted_loss=1.971434 lr=0.0001 windows=64636/106562
progress epoch=1 optimizer_steps=22626 raw_loss=2.514570 weighted_loss=8.698514 lr=0.0001 windows=64796/106562
progress epoch=1 optimizer_steps=22651 raw_loss=1.545754 weighted_loss=2.215330 lr=0.0001 windows=64916/106562
progress epoch=1 optimizer_steps=22675 raw_loss=1.446839 weighted_loss=1.488509 lr=0.0001 windows=65012/106562
progress epoch=1 optimizer_steps=22700 raw_loss=1.887929 weighted_loss=3.559731 lr=0.0001 windows=65156/106562
progress epoch=1 optimizer_steps=22726 raw_loss=1.430106 weighted_loss=1.875977 lr=0.0001 windows=65269/106562
progress epoch=1 optimizer_steps=22750 raw_loss=1.295323 weighted_loss=1.671353 lr=0.0001 windows=65365/106562
progress epoch=1 optimizer_steps=22775 raw_loss=2.075579 weighted_loss=8.537220 lr=0.0001 windows=65509/106562
progress epoch=1 optimizer_steps=22800 raw_loss=1.687465 weighted_loss=2.654871 lr=0.0001 windows=65629/106562
progress epoch=1 optimizer_steps=22829 raw_loss=1.461001 weighted_loss=1.740036 lr=0.0001 windows=65756/106562
progress epoch=1 optimizer_steps=22852 raw_loss=1.437782 weighted_loss=2.180248 lr=0.0001 windows=65864/106562
progress epoch=1 optimizer_steps=22877 raw_loss=1.518781 weighted_loss=3.442151 lr=0.0001 windows=65984/106562
progress epoch=1 optimizer_steps=22904 raw_loss=1.475318 weighted_loss=1.875124 lr=0.0001 windows=66104/106562
progress epoch=1 optimizer_steps=22930 raw_loss=1.830981 weighted_loss=6.038261 lr=0.0001 windows=66248/106562
progress epoch=1 optimizer_steps=22951 raw_loss=1.828168 weighted_loss=6.620939 lr=0.0001 windows=66344/106562
progress epoch=1 optimizer_steps=22980 raw_loss=1.640076 weighted_loss=4.291310 lr=0.0001 windows=66488/106562
progress epoch=1 optimizer_steps=23001 raw_loss=1.705323 weighted_loss=2.482821 lr=0.0001 windows=66584/106562
checkpoint optimizer_steps=23001 path=/home/yanzhou/cyh/cid-v17-retrain/runs/cid-v1-0.4b-v17-ncv4/stage-a/stage-a-latest.pt
progress epoch=1 optimizer_steps=23031 raw_loss=1.715700 weighted_loss=7.109178 lr=0.0001 windows=66728/106562
progress epoch=1 optimizer_steps=23057 raw_loss=1.291028 weighted_loss=1.381017 lr=0.0001 windows=66824/106562
progress epoch=1 optimizer_steps=23080 raw_loss=1.966117 weighted_loss=7.426623 lr=0.0001 windows=66944/106562
progress epoch=1 optimizer_steps=23102 raw_loss=1.793232 weighted_loss=2.601907 lr=0.0001 windows=67040/106562
progress epoch=1 optimizer_steps=23125 raw_loss=1.505777 weighted_loss=1.812768 lr=0.0001 windows=67136/106562
progress epoch=1 optimizer_steps=23152 raw_loss=1.503710 weighted_loss=2.021148 lr=0.0001 windows=67254/106562
progress epoch=1 optimizer_steps=23175 raw_loss=1.897291 weighted_loss=3.267366 lr=0.0001 windows=67374/106562
progress epoch=1 optimizer_steps=23201 raw_loss=1.798238 weighted_loss=4.539702 lr=0.0001 windows=67518/106562
progress epoch=1 optimizer_steps=23230 raw_loss=1.558463 weighted_loss=1.900279 lr=0.0001 windows=67638/106562
progress epoch=1 optimizer_steps=23252 raw_loss=1.418756 weighted_loss=1.957398 lr=0.0001 windows=67732/106562
progress epoch=1 optimizer_steps=23278 raw_loss=1.576593 weighted_loss=2.479760 lr=0.0001 windows=67852/106562
progress epoch=1 optimizer_steps=23304 raw_loss=1.547014 weighted_loss=3.988690 lr=0.0001 windows=67972/106562
progress epoch=1 optimizer_steps=23329 raw_loss=1.396580 weighted_loss=1.531508 lr=0.0001 windows=68068/106562
progress epoch=1 optimizer_steps=23352 raw_loss=1.677704 weighted_loss=2.843774 lr=0.0001 windows=68188/106562
progress epoch=1 optimizer_steps=23376 raw_loss=1.512025 weighted_loss=1.818082 lr=0.0001 windows=68284/106562
progress epoch=1 optimizer_steps=23400 raw_loss=1.710294 weighted_loss=2.746186 lr=0.0001 windows=68404/106562
progress epoch=1 optimizer_steps=23425 raw_loss=1.597318 weighted_loss=2.521914 lr=0.0001 windows=68524/106562
progress epoch=1 optimizer_steps=23457 raw_loss=1.745909 weighted_loss=4.796940 lr=0.0001 windows=68668/106562
progress epoch=1 optimizer_steps=23477 raw_loss=1.656103 weighted_loss=2.377797 lr=0.0001 windows=68764/106562
progress epoch=1 optimizer_steps=23503 raw_loss=1.750241 weighted_loss=2.722231 lr=0.0001 windows=68884/106562
progress epoch=1 optimizer_steps=23531 raw_loss=1.375140 weighted_loss=1.656645 lr=0.0001 windows=69004/106562
progress epoch=1 optimizer_steps=23550 raw_loss=2.104788 weighted_loss=7.692087 lr=0.0001 windows=69124/106562
progress epoch=1 optimizer_steps=23577 raw_loss=1.400706 weighted_loss=2.938141 lr=0.0001 windows=69244/106562
progress epoch=1 optimizer_steps=23604 raw_loss=1.623201 weighted_loss=3.316975 lr=0.0001 windows=69388/106562
progress epoch=1 optimizer_steps=23626 raw_loss=1.681893 weighted_loss=2.292068 lr=0.0001 windows=69484/106562
progress epoch=1 optimizer_steps=23650 raw_loss=1.602866 weighted_loss=3.597399 lr=0.0001 windows=69604/106562
progress epoch=1 optimizer_steps=23675 raw_loss=1.631971 weighted_loss=2.754487 lr=0.0001 windows=69724/106562
progress epoch=1 optimizer_steps=23705 raw_loss=1.466494 weighted_loss=4.065832 lr=0.0001 windows=69844/106562
progress epoch=1 optimizer_steps=23725 raw_loss=1.417798 weighted_loss=1.618226 lr=0.0001 windows=69940/106562
progress epoch=1 optimizer_steps=23752 raw_loss=1.475355 weighted_loss=2.888193 lr=0.0001 windows=70060/106562
progress epoch=1 optimizer_steps=23777 raw_loss=1.585302 weighted_loss=2.532678 lr=0.0001 windows=70171/106562
progress epoch=1 optimizer_steps=23803 raw_loss=1.691060 weighted_loss=2.287068 lr=0.0001 windows=70291/106562
progress epoch=1 optimizer_steps=23828 raw_loss=1.419145 weighted_loss=1.726160 lr=0.0001 windows=70387/106562
progress epoch=1 optimizer_steps=23853 raw_loss=1.922333 weighted_loss=4.338712 lr=0.0001 windows=70531/106562
progress epoch=1 optimizer_steps=23879 raw_loss=1.572320 weighted_loss=2.185026 lr=0.0001 windows=70651/106562
progress epoch=1 optimizer_steps=23900 raw_loss=1.775965 weighted_loss=2.191931 lr=0.0001 windows=70747/106562
progress epoch=1 optimizer_steps=23928 raw_loss=1.453776 weighted_loss=1.919367 lr=0.0001 windows=70867/106562
progress epoch=1 optimizer_steps=23955 raw_loss=1.493853 weighted_loss=1.614998 lr=0.0001 windows=70987/106562
progress epoch=1 optimizer_steps=23980 raw_loss=1.550177 weighted_loss=1.723926 lr=0.0001 windows=71083/106562
progress epoch=1 optimizer_steps=24003 raw_loss=1.407003 weighted_loss=2.803244 lr=0.0001 windows=71179/106562
checkpoint optimizer_steps=24003 path=/home/yanzhou/cyh/cid-v17-retrain/runs/cid-v1-0.4b-v17-ncv4/stage-a/stage-a-latest.pt
progress epoch=1 optimizer_steps=24028 raw_loss=1.654850 weighted_loss=3.143284 lr=0.0001 windows=71299/106562
progress epoch=1 optimizer_steps=24053 raw_loss=1.742683 weighted_loss=6.113219 lr=0.0001 windows=71419/106562
progress epoch=1 optimizer_steps=24078 raw_loss=1.271531 weighted_loss=1.305485 lr=0.0001 windows=71515/106562
progress epoch=1 optimizer_steps=24103 raw_loss=1.861588 weighted_loss=2.436102 lr=0.0001 windows=71635/106562
progress epoch=1 optimizer_steps=24131 raw_loss=1.555658 weighted_loss=2.285677 lr=0.0001 windows=71755/106562
progress epoch=1 optimizer_steps=24151 raw_loss=1.761841 weighted_loss=2.446893 lr=0.0001 windows=71851/106562
progress epoch=1 optimizer_steps=24178 raw_loss=1.582274 weighted_loss=2.634717 lr=0.0001 windows=71971/106562
progress epoch=1 optimizer_steps=24200 raw_loss=1.633200 weighted_loss=2.593378 lr=0.0001 windows=72067/106562
progress epoch=1 optimizer_steps=24226 raw_loss=2.005651 weighted_loss=3.067112 lr=0.0001 windows=72187/106562
progress epoch=1 optimizer_steps=24258 raw_loss=1.245839 weighted_loss=1.513140 lr=0.0001 windows=72307/106562
progress epoch=1 optimizer_steps=24277 raw_loss=1.505665 weighted_loss=1.757310 lr=0.0001 windows=72379/106562
progress epoch=1 optimizer_steps=24305 raw_loss=1.821314 weighted_loss=4.595726 lr=0.0001 windows=72523/106562
progress epoch=1 optimizer_steps=24326 raw_loss=1.440425 weighted_loss=1.719821 lr=0.0001 windows=72619/106562
progress epoch=1 optimizer_steps=24351 raw_loss=1.392261 weighted_loss=1.380143 lr=0.0001 windows=72715/106562
progress epoch=1 optimizer_steps=24375 raw_loss=1.831059 weighted_loss=5.823125 lr=0.0001 windows=72835/106562
progress epoch=1 optimizer_steps=24400 raw_loss=1.813760 weighted_loss=2.525007 lr=0.0001 windows=72955/106562
progress epoch=1 optimizer_steps=24430 raw_loss=1.589783 weighted_loss=1.822665 lr=0.0001 windows=73075/106562
progress epoch=1 optimizer_steps=24455 raw_loss=1.304585 weighted_loss=1.462085 lr=0.0001 windows=73171/106562
progress epoch=1 optimizer_steps=24475 raw_loss=1.637916 weighted_loss=1.930130 lr=0.0001 windows=73267/106562
progress epoch=1 optimizer_steps=24506 raw_loss=1.316645 weighted_loss=2.523741 lr=0.0001 windows=73387/106562
progress epoch=1 optimizer_steps=24530 raw_loss=1.851738 weighted_loss=3.393888 lr=0.0001 windows=73507/106562
progress epoch=1 optimizer_steps=24555 raw_loss=1.807318 weighted_loss=7.148469 lr=0.0001 windows=73651/106562
progress epoch=1 optimizer_steps=24579 raw_loss=1.541230 weighted_loss=2.053384 lr=0.0001 windows=73771/106562
progress epoch=1 optimizer_steps=24605 raw_loss=2.050121 weighted_loss=6.179938 lr=0.0001 windows=73915/106562
progress epoch=1 optimizer_steps=24631 raw_loss=1.652825 weighted_loss=3.312992 lr=0.0001 windows=74035/106562
progress epoch=1 optimizer_steps=24655 raw_loss=1.788919 weighted_loss=2.546663 lr=0.0001 windows=74154/106562
progress epoch=1 optimizer_steps=24680 raw_loss=1.408852 weighted_loss=1.520458 lr=0.0001 windows=74250/106562
progress epoch=1 optimizer_steps=24703 raw_loss=2.039278 weighted_loss=3.701103 lr=0.0001 windows=74370/106562
progress epoch=1 optimizer_steps=24727 raw_loss=1.670067 weighted_loss=2.325254 lr=0.0001 windows=74490/106562
progress epoch=1 optimizer_steps=24750 raw_loss=1.627812 weighted_loss=1.638247 lr=0.0001 windows=74586/106562
progress epoch=1 optimizer_steps=24780 raw_loss=1.358858 weighted_loss=2.556005 lr=0.0001 windows=74706/106562
progress epoch=1 optimizer_steps=24801 raw_loss=1.965532 weighted_loss=6.899897 lr=0.0001 windows=74802/106562
progress epoch=1 optimizer_steps=24825 raw_loss=1.771049 weighted_loss=1.993987 lr=0.0001 windows=74898/106562
progress epoch=1 optimizer_steps=24850 raw_loss=1.416889 weighted_loss=1.712585 lr=0.0001 windows=75018/106562
progress epoch=1 optimizer_steps=24878 raw_loss=1.502215 weighted_loss=1.921045 lr=0.0001 windows=75138/106562
progress epoch=1 optimizer_steps=24904 raw_loss=1.441504 weighted_loss=1.756720 lr=0.0001 windows=75258/106562
progress epoch=1 optimizer_steps=24926 raw_loss=1.905174 weighted_loss=2.634753 lr=0.0001 windows=75368/106562
progress epoch=1 optimizer_steps=24953 raw_loss=1.577448 weighted_loss=1.813985 lr=0.0001 windows=75488/106562
progress epoch=1 optimizer_steps=24977 raw_loss=1.848243 weighted_loss=2.996881 lr=0.0001 windows=75608/106562
progress epoch=1 optimizer_steps=25003 raw_loss=1.949289 weighted_loss=3.612114 lr=0.0001 windows=75728/106562
checkpoint optimizer_steps=25003 path=/home/yanzhou/cyh/cid-v17-retrain/runs/cid-v1-0.4b-v17-ncv4/stage-a/stage-a-latest.pt
progress epoch=1 optimizer_steps=25028 raw_loss=1.437102 weighted_loss=1.547381 lr=0.0001 windows=75824/106562
progress epoch=1 optimizer_steps=25053 raw_loss=1.952220 weighted_loss=2.881611 lr=0.0001 windows=75944/106562
progress epoch=1 optimizer_steps=25077 raw_loss=1.505334 weighted_loss=4.683645 lr=0.0001 windows=76040/106562
progress epoch=1 optimizer_steps=25105 raw_loss=1.641000 weighted_loss=2.474086 lr=0.0001 windows=76184/106562
progress epoch=1 optimizer_steps=25129 raw_loss=1.716510 weighted_loss=2.572341 lr=0.0001 windows=76280/106562
progress epoch=1 optimizer_steps=25153 raw_loss=1.627625 weighted_loss=1.886780 lr=0.0001 windows=76376/106562
progress epoch=1 optimizer_steps=25179 raw_loss=1.562369 weighted_loss=1.567105 lr=0.0001 windows=76472/106562
progress epoch=1 optimizer_steps=25201 raw_loss=1.537676 weighted_loss=3.225620 lr=0.0001 windows=76565/106562
progress epoch=1 optimizer_steps=25226 raw_loss=1.596586 weighted_loss=2.445899 lr=0.0001 windows=76685/106562
progress epoch=1 optimizer_steps=25255 raw_loss=1.718480 weighted_loss=2.069628 lr=0.0001 windows=76805/106562
progress epoch=1 optimizer_steps=25275 raw_loss=1.428197 weighted_loss=1.745794 lr=0.0001 windows=76901/106562
progress epoch=1 optimizer_steps=25303 raw_loss=1.647437 weighted_loss=2.358288 lr=0.0001 windows=77021/106562
progress epoch=1 optimizer_steps=25325 raw_loss=1.946670 weighted_loss=3.223898 lr=0.0001 windows=77141/106562
progress epoch=1 optimizer_steps=25350 raw_loss=1.622225 weighted_loss=1.723130 lr=0.0001 windows=77237/106562
progress epoch=1 optimizer_steps=25377 raw_loss=1.687670 weighted_loss=2.322441 lr=0.0001 windows=77381/106562
progress epoch=1 optimizer_steps=25402 raw_loss=1.377296 weighted_loss=1.557530 lr=0.0001 windows=77477/106562
progress epoch=1 optimizer_steps=25430 raw_loss=1.642100 weighted_loss=2.189881 lr=0.0001 windows=77597/106562
progress epoch=1 optimizer_steps=25454 raw_loss=1.544920 weighted_loss=1.578564 lr=0.0001 windows=77693/106562
progress epoch=1 optimizer_steps=25480 raw_loss=1.494449 weighted_loss=1.451044 lr=0.0001 windows=77789/106562
progress epoch=1 optimizer_steps=25500 raw_loss=2.043589 weighted_loss=6.498687 lr=0.0001 windows=77909/106562
progress epoch=1 optimizer_steps=25526 raw_loss=1.310339 weighted_loss=1.421745 lr=0.0001 windows=78005/106562
progress epoch=1 optimizer_steps=25551 raw_loss=1.421543 weighted_loss=1.693484 lr=0.0001 windows=78101/106562
progress epoch=1 optimizer_steps=25577 raw_loss=1.740058 weighted_loss=4.778239 lr=0.0001 windows=78221/106562
progress epoch=1 optimizer_steps=25603 raw_loss=1.319268 weighted_loss=1.305319 lr=0.0001 windows=78317/106562
progress epoch=1 optimizer_steps=25625 raw_loss=1.859146 weighted_loss=6.460651 lr=0.0001 windows=78437/106562
progress epoch=1 optimizer_steps=25654 raw_loss=1.471034 weighted_loss=1.724213 lr=0.0001 windows=78557/106562
progress epoch=1 optimizer_steps=25681 raw_loss=1.647308 weighted_loss=5.161275 lr=0.0001 windows=78701/106562
progress epoch=1 optimizer_steps=25702 raw_loss=1.668293 weighted_loss=2.122567 lr=0.0001 windows=78797/106562
progress epoch=1 optimizer_steps=25729 raw_loss=2.022620 weighted_loss=5.971350 lr=0.0001 windows=78965/106562
progress epoch=1 optimizer_steps=25750 raw_loss=1.416037 weighted_loss=1.791635 lr=0.0001 windows=79061/106562
progress epoch=1 optimizer_steps=25779 raw_loss=1.754058 weighted_loss=2.443503 lr=0.0001 windows=79205/106562
progress epoch=1 optimizer_steps=25804 raw_loss=1.497297 weighted_loss=1.620686 lr=0.0001 windows=79301/106562
progress epoch=1 optimizer_steps=25830 raw_loss=1.519319 weighted_loss=1.958765 lr=0.0001 windows=79421/106562
progress epoch=1 optimizer_steps=25851 raw_loss=1.508111 weighted_loss=1.773837 lr=0.0001 windows=79517/106562
progress epoch=1 optimizer_steps=25875 raw_loss=1.554668 weighted_loss=4.848122 lr=0.0001 windows=79613/106562
progress epoch=1 optimizer_steps=25900 raw_loss=2.065579 weighted_loss=3.103913 lr=0.0001 windows=79752/106562
progress epoch=1 optimizer_steps=25925 raw_loss=1.209009 weighted_loss=1.296832 lr=0.0001 windows=79848/106562
progress epoch=1 optimizer_steps=25954 raw_loss=1.550740 weighted_loss=1.713833 lr=0.0001 windows=79968/106562
progress epoch=1 optimizer_steps=25980 raw_loss=1.939281 weighted_loss=6.150975 lr=0.0001 windows=80112/106562
progress epoch=1 optimizer_steps=26004 raw_loss=1.276986 weighted_loss=1.437523 lr=0.0001 windows=80208/106562
checkpoint optimizer_steps=26004 path=/home/yanzhou/cyh/cid-v17-retrain/runs/cid-v1-0.4b-v17-ncv4/stage-a/stage-a-latest.pt
progress epoch=1 optimizer_steps=26028 raw_loss=1.542448 weighted_loss=1.663598 lr=0.0001 windows=80299/106562
progress epoch=1 optimizer_steps=26053 raw_loss=1.772546 weighted_loss=5.218197 lr=0.0001 windows=80443/106562
progress epoch=1 optimizer_steps=26081 raw_loss=1.604444 weighted_loss=2.315190 lr=0.0001 windows=80563/106562
progress epoch=1 optimizer_steps=26103 raw_loss=1.425713 weighted_loss=4.366610 lr=0.0001 windows=80659/106562
progress epoch=1 optimizer_steps=26130 raw_loss=1.762380 weighted_loss=2.539991 lr=0.0001 windows=80779/106562
progress epoch=1 optimizer_steps=26155 raw_loss=1.727617 weighted_loss=5.136228 lr=0.0001 windows=80919/106562
progress epoch=1 optimizer_steps=26181 raw_loss=1.380965 weighted_loss=1.363810 lr=0.0001 windows=81012/106562
progress epoch=1 optimizer_steps=26204 raw_loss=2.003137 weighted_loss=9.094320 lr=0.0001 windows=81156/106562
progress epoch=1 optimizer_steps=26228 raw_loss=1.790137 weighted_loss=5.327949 lr=0.0001 windows=81276/106562
progress epoch=1 optimizer_steps=26253 raw_loss=1.483426 weighted_loss=1.917693 lr=0.0001 windows=81408/106562
progress epoch=1 optimizer_steps=26275 raw_loss=1.385390 weighted_loss=1.600028 lr=0.0001 windows=81504/106562
progress epoch=1 optimizer_steps=26302 raw_loss=1.754674 weighted_loss=5.761667 lr=0.0001 windows=81648/106562
progress epoch=1 optimizer_steps=26326 raw_loss=1.370735 weighted_loss=4.511252 lr=0.0001 windows=81768/106562
progress epoch=1 optimizer_steps=26351 raw_loss=1.458020 weighted_loss=1.852104 lr=0.0001 windows=81888/106562
progress epoch=1 optimizer_steps=26378 raw_loss=1.774763 weighted_loss=4.710473 lr=0.0001 windows=82015/106562
progress epoch=1 optimizer_steps=26405 raw_loss=1.548393 weighted_loss=4.833263 lr=0.0001 windows=82159/106562
progress epoch=1 optimizer_steps=26426 raw_loss=1.881422 weighted_loss=6.457766 lr=0.0001 windows=82279/106562
progress epoch=1 optimizer_steps=26451 raw_loss=1.405343 weighted_loss=1.630915 lr=0.0001 windows=82394/106562
progress epoch=1 optimizer_steps=26478 raw_loss=1.444345 weighted_loss=2.181183 lr=0.0001 windows=82514/106562
progress epoch=1 optimizer_steps=26505 raw_loss=1.450601 weighted_loss=2.011609 lr=0.0001 windows=82634/106562
progress epoch=1 optimizer_steps=26527 raw_loss=2.023669 weighted_loss=6.128324 lr=0.0001 windows=82777/106562
progress epoch=1 optimizer_steps=26555 raw_loss=1.303508 weighted_loss=1.512202 lr=0.0001 windows=82897/106562
progress epoch=1 optimizer_steps=26578 raw_loss=1.646744 weighted_loss=5.736179 lr=0.0001 windows=83017/106562
progress epoch=1 optimizer_steps=26604 raw_loss=1.398767 weighted_loss=1.661519 lr=0.0001 windows=83126/106562
progress epoch=1 optimizer_steps=26630 raw_loss=1.240924 weighted_loss=1.333450 lr=0.0001 windows=83222/106562
progress epoch=1 optimizer_steps=26651 raw_loss=1.623274 weighted_loss=5.373738 lr=0.0001 windows=83342/106562
progress epoch=1 optimizer_steps=26678 raw_loss=1.289792 weighted_loss=1.668821 lr=0.0001 windows=83462/106562
progress epoch=1 optimizer_steps=26700 raw_loss=1.314978 weighted_loss=1.409274 lr=0.0001 windows=83554/106562
progress epoch=1 optimizer_steps=26730 raw_loss=1.133991 weighted_loss=2.672016 lr=0.0001 windows=83698/106562
progress epoch=1 optimizer_steps=26755 raw_loss=1.197774 weighted_loss=1.526907 lr=0.0001 windows=83818/106562
progress epoch=1 optimizer_steps=26776 raw_loss=2.051793 weighted_loss=5.264333 lr=0.0001 windows=83934/106562
progress epoch=1 optimizer_steps=26804 raw_loss=1.182762 weighted_loss=1.492915 lr=0.0001 windows=84054/106562
progress epoch=1 optimizer_steps=26825 raw_loss=1.742508 weighted_loss=3.895726 lr=0.0001 windows=84174/106562
progress epoch=1 optimizer_steps=26855 raw_loss=1.146306 weighted_loss=3.022761 lr=0.0001 windows=84318/106562
progress epoch=1 optimizer_steps=26880 raw_loss=1.512141 weighted_loss=4.002968 lr=0.0001 windows=84438/106562
progress epoch=1 optimizer_steps=26903 raw_loss=1.403825 weighted_loss=3.605432 lr=0.0001 windows=84534/106562
progress epoch=1 optimizer_steps=26928 raw_loss=1.182274 weighted_loss=4.103283 lr=0.0001 windows=84654/106562
progress epoch=1 optimizer_steps=26951 raw_loss=1.102238 weighted_loss=1.274520 lr=0.0001 windows=84750/106562
progress epoch=1 optimizer_steps=26978 raw_loss=0.968523 weighted_loss=0.990775 lr=0.0001 windows=84846/106562
progress epoch=1 optimizer_steps=27001 raw_loss=1.282610 weighted_loss=1.446479 lr=0.0001 windows=84942/106562
checkpoint optimizer_steps=27001 path=/home/yanzhou/cyh/cid-v17-retrain/runs/cid-v1-0.4b-v17-ncv4/stage-a/stage-a-latest.pt
progress epoch=1 optimizer_steps=27031 raw_loss=1.213121 weighted_loss=1.870286 lr=0.0001 windows=85062/106562
progress epoch=1 optimizer_steps=27053 raw_loss=1.514894 weighted_loss=2.800200 lr=0.0001 windows=85190/106562
progress epoch=1 optimizer_steps=27076 raw_loss=1.277595 weighted_loss=2.185618 lr=0.0001 windows=85286/106562
progress epoch=1 optimizer_steps=27102 raw_loss=1.161051 weighted_loss=2.798887 lr=0.0001 windows=85406/106562
progress epoch=1 optimizer_steps=27130 raw_loss=1.066314 weighted_loss=1.174470 lr=0.0001 windows=85515/106562
progress epoch=1 optimizer_steps=27153 raw_loss=1.269267 weighted_loss=4.954224 lr=0.0001 windows=85659/106562
progress epoch=1 optimizer_steps=27178 raw_loss=1.514063 weighted_loss=5.286698 lr=0.0001 windows=85827/106562
progress epoch=1 optimizer_steps=27207 raw_loss=0.849511 weighted_loss=0.834508 lr=0.0001 windows=85931/106562
progress epoch=1 optimizer_steps=27228 raw_loss=0.878540 weighted_loss=0.816903 lr=0.0001 windows=86003/106562
progress epoch=1 optimizer_steps=27252 raw_loss=0.962311 weighted_loss=2.018943 lr=0.0001 windows=86116/106562
progress epoch=1 optimizer_steps=27279 raw_loss=1.296717 weighted_loss=2.758703 lr=0.0001 windows=86260/106562
progress epoch=1 optimizer_steps=27305 raw_loss=0.817696 weighted_loss=0.832066 lr=0.0001 windows=86356/106562
progress epoch=1 optimizer_steps=27325 raw_loss=0.847910 weighted_loss=0.854271 lr=0.0001 windows=86428/106562
progress epoch=1 optimizer_steps=27356 raw_loss=1.229253 weighted_loss=2.443219 lr=0.0001 windows=86572/106562
progress epoch=1 optimizer_steps=27381 raw_loss=1.281514 weighted_loss=2.739815 lr=0.0001 windows=86692/106562
progress epoch=1 optimizer_steps=27401 raw_loss=1.131927 weighted_loss=2.229729 lr=0.0001 windows=86788/106562
progress epoch=1 optimizer_steps=27429 raw_loss=1.286812 weighted_loss=2.522286 lr=0.0001 windows=86932/106562
progress epoch=1 optimizer_steps=27453 raw_loss=0.803898 weighted_loss=0.900111 lr=0.0001 windows=87028/106562
progress epoch=1 optimizer_steps=27479 raw_loss=1.014422 weighted_loss=1.660861 lr=0.0001 windows=87148/106562
progress epoch=1 optimizer_steps=27501 raw_loss=1.138530 weighted_loss=1.968735 lr=0.0001 windows=87244/106562
progress epoch=1 optimizer_steps=27527 raw_loss=0.783250 weighted_loss=0.798583 lr=0.0001 windows=87340/106562
progress epoch=1 optimizer_steps=27555 raw_loss=1.016104 weighted_loss=1.647741 lr=0.0001 windows=87460/106562
progress epoch=1 optimizer_steps=27575 raw_loss=1.095096 weighted_loss=2.042290 lr=0.0001 windows=87556/106562
progress epoch=1 optimizer_steps=27602 raw_loss=1.034278 weighted_loss=1.734495 lr=0.0001 windows=87676/106562
progress epoch=1 optimizer_steps=27627 raw_loss=1.114171 weighted_loss=2.225604 lr=0.0001 windows=87796/106562
progress epoch=1 optimizer_steps=27651 raw_loss=1.337960 weighted_loss=3.059351 lr=0.0001 windows=87940/106562
progress epoch=1 optimizer_steps=27676 raw_loss=0.905928 weighted_loss=0.972320 lr=0.0001 windows=88036/106562
progress epoch=1 optimizer_steps=27703 raw_loss=1.010808 weighted_loss=1.562750 lr=0.0001 windows=88156/106562
progress epoch=1 optimizer_steps=27731 raw_loss=0.965446 weighted_loss=1.505654 lr=0.0001 windows=88276/106562
progress epoch=1 optimizer_steps=27752 raw_loss=0.813850 weighted_loss=0.772094 lr=0.0001 windows=88348/106562
progress epoch=1 optimizer_steps=27780 raw_loss=0.988706 weighted_loss=1.489982 lr=0.0001 windows=88468/106562
progress epoch=1 optimizer_steps=27800 raw_loss=1.377288 weighted_loss=2.820243 lr=0.0001 windows=88564/106562
progress epoch=1 optimizer_steps=27825 raw_loss=1.082366 weighted_loss=1.652327 lr=0.0001 windows=88660/106562
progress epoch=1 optimizer_steps=27853 raw_loss=0.753769 weighted_loss=0.720222 lr=0.0001 windows=88756/106562
progress epoch=1 optimizer_steps=27880 raw_loss=0.929934 weighted_loss=0.921188 lr=0.0001 windows=88852/106562
progress epoch=1 optimizer_steps=27901 raw_loss=0.840974 weighted_loss=0.798249 lr=0.0001 windows=88924/106562
progress epoch=1 optimizer_steps=27931 raw_loss=1.128535 weighted_loss=1.945360 lr=0.0001 windows=89068/106562
progress epoch=1 optimizer_steps=27954 raw_loss=1.157537 weighted_loss=1.838825 lr=0.0001 windows=89164/106562
progress epoch=1 optimizer_steps=27979 raw_loss=0.828984 weighted_loss=0.861774 lr=0.0001 windows=89260/106562
progress epoch=1 optimizer_steps=28001 raw_loss=0.911218 weighted_loss=1.518211 lr=0.0001 windows=89356/106562
checkpoint optimizer_steps=28001 path=/home/yanzhou/cyh/cid-v17-retrain/runs/cid-v1-0.4b-v17-ncv4/stage-a/stage-a-latest.pt
progress epoch=1 optimizer_steps=28030 raw_loss=0.813992 weighted_loss=0.739846 lr=0.0001 windows=89452/106562
progress epoch=1 optimizer_steps=28050 raw_loss=1.332634 weighted_loss=2.876394 lr=0.0001 windows=89572/106562
progress epoch=1 optimizer_steps=28079 raw_loss=0.937840 weighted_loss=1.392933 lr=0.0001 windows=89692/106562
progress epoch=1 optimizer_steps=28105 raw_loss=0.788582 weighted_loss=0.808196 lr=0.0001 windows=89788/106562
progress epoch=1 optimizer_steps=28131 raw_loss=1.062833 weighted_loss=1.933880 lr=0.0001 windows=89908/106562
progress epoch=1 optimizer_steps=28152 raw_loss=0.872450 weighted_loss=0.834334 lr=0.0001 windows=89980/106562
progress epoch=1 optimizer_steps=28181 raw_loss=0.996747 weighted_loss=1.471375 lr=0.0001 windows=90100/106562
progress epoch=1 optimizer_steps=28204 raw_loss=1.015557 weighted_loss=1.554458 lr=0.0001 windows=90196/106562
progress epoch=1 optimizer_steps=28226 raw_loss=1.219383 weighted_loss=2.532628 lr=0.0001 windows=90316/106562
progress epoch=1 optimizer_steps=28257 raw_loss=1.300067 weighted_loss=2.256179 lr=0.0001 windows=90460/106562
progress epoch=1 optimizer_steps=28276 raw_loss=0.987795 weighted_loss=1.712698 lr=0.0001 windows=90556/106562
progress epoch=1 optimizer_steps=28303 raw_loss=1.126182 weighted_loss=2.128420 lr=0.0001 windows=90700/106562
progress epoch=1 optimizer_steps=28329 raw_loss=0.781214 weighted_loss=0.800321 lr=0.0001 windows=90796/106562
progress epoch=1 optimizer_steps=28352 raw_loss=1.105358 weighted_loss=2.067576 lr=0.0001 windows=90916/106562
progress epoch=1 optimizer_steps=28375 raw_loss=1.229526 weighted_loss=2.408715 lr=0.0001 windows=91036/106562
progress epoch=1 optimizer_steps=28403 raw_loss=1.067336 weighted_loss=1.452341 lr=0.0001 windows=91156/106562
progress epoch=1 optimizer_steps=28425 raw_loss=1.062161 weighted_loss=1.682382 lr=0.0001 windows=91252/106562
progress epoch=1 optimizer_steps=28452 raw_loss=1.029671 weighted_loss=1.567950 lr=0.0001 windows=91372/106562
progress epoch=1 optimizer_steps=28478 raw_loss=0.855591 weighted_loss=0.859632 lr=0.0001 windows=91468/106562
progress epoch=1 optimizer_steps=28500 raw_loss=1.070070 weighted_loss=1.601258 lr=0.0001 windows=91564/106562
progress epoch=1 optimizer_steps=28525 raw_loss=0.998039 weighted_loss=1.026525 lr=0.0001 windows=91660/106562
progress epoch=1 optimizer_steps=28552 raw_loss=1.163184 weighted_loss=1.733301 lr=0.0001 windows=91780/106562
progress epoch=1 optimizer_steps=28578 raw_loss=1.253406 weighted_loss=2.173793 lr=0.0001 windows=91900/106562
progress epoch=1 optimizer_steps=28601 raw_loss=0.951646 weighted_loss=1.376327 lr=0.0001 windows=91996/106562
progress epoch=1 optimizer_steps=28630 raw_loss=1.095855 weighted_loss=1.513184 lr=0.0001 windows=92116/106562
progress epoch=1 optimizer_steps=28656 raw_loss=0.990439 weighted_loss=1.023790 lr=0.0001 windows=92212/106562
progress epoch=1 optimizer_steps=28681 raw_loss=1.023701 weighted_loss=1.456303 lr=0.0001 windows=92308/106562
progress epoch=1 optimizer_steps=28705 raw_loss=1.217195 weighted_loss=1.327450 lr=0.0001 windows=92404/106562
progress epoch=1 optimizer_steps=28726 raw_loss=1.229638 weighted_loss=2.108328 lr=0.0001 windows=92511/106562
progress epoch=1 optimizer_steps=28755 raw_loss=1.154392 weighted_loss=1.661930 lr=0.0001 windows=92631/106562
progress epoch=1 optimizer_steps=28776 raw_loss=1.300757 weighted_loss=2.671861 lr=0.0001 windows=92751/106562
progress epoch=1 optimizer_steps=28805 raw_loss=0.954152 weighted_loss=1.886587 lr=0.0001 windows=92895/106562
progress epoch=1 optimizer_steps=28830 raw_loss=0.659459 weighted_loss=0.717719 lr=0.0001 windows=92991/106562
progress epoch=1 optimizer_steps=28850 raw_loss=1.047695 weighted_loss=1.936232 lr=0.0001 windows=93087/106562
progress epoch=1 optimizer_steps=28877 raw_loss=0.813766 weighted_loss=1.346726 lr=0.0001 windows=93207/106562
progress epoch=1 optimizer_steps=28900 raw_loss=0.782606 weighted_loss=0.913041 lr=0.0001 windows=93303/106562
progress epoch=1 optimizer_steps=28926 raw_loss=0.950048 weighted_loss=1.527316 lr=0.0001 windows=93423/106562
progress epoch=1 optimizer_steps=28955 raw_loss=0.916077 weighted_loss=1.481889 lr=0.0001 windows=93543/106562
progress epoch=1 optimizer_steps=28978 raw_loss=0.851778 weighted_loss=0.990759 lr=0.0001 windows=93639/106562
progress epoch=1 optimizer_steps=29004 raw_loss=0.905813 weighted_loss=1.515627 lr=0.0001 windows=93759/106562
checkpoint optimizer_steps=29004 path=/home/yanzhou/cyh/cid-v17-retrain/runs/cid-v1-0.4b-v17-ncv4/stage-a/stage-a-latest.pt
progress epoch=1 optimizer_steps=29031 raw_loss=1.159880 weighted_loss=2.293866 lr=0.0001 windows=93903/106562
progress epoch=1 optimizer_steps=29051 raw_loss=1.032401 weighted_loss=1.697683 lr=0.0001 windows=93999/106562
progress epoch=1 optimizer_steps=29079 raw_loss=1.037234 weighted_loss=2.014376 lr=0.0001 windows=94143/106562
progress epoch=1 optimizer_steps=29101 raw_loss=1.157926 weighted_loss=2.372164 lr=0.0001 windows=94263/106562
progress epoch=1 optimizer_steps=29129 raw_loss=0.900387 weighted_loss=1.345846 lr=0.0001 windows=94383/106562
progress epoch=1 optimizer_steps=29153 raw_loss=1.198593 weighted_loss=2.330199 lr=0.0001 windows=94503/106562
progress epoch=1 optimizer_steps=29180 raw_loss=1.216068 weighted_loss=2.372125 lr=0.0001 windows=94647/106562
progress epoch=1 optimizer_steps=29203 raw_loss=1.074727 weighted_loss=2.108536 lr=0.0001 windows=94767/106562
progress epoch=1 optimizer_steps=29229 raw_loss=1.213272 weighted_loss=2.403123 lr=0.0001 windows=94911/106562
progress epoch=1 optimizer_steps=29253 raw_loss=1.033543 weighted_loss=1.764785 lr=0.0001 windows=95031/106562
progress epoch=1 optimizer_steps=29277 raw_loss=0.936106 weighted_loss=1.551808 lr=0.0001 windows=95151/106562
progress epoch=1 optimizer_steps=29303 raw_loss=1.166538 weighted_loss=1.818172 lr=0.0001 windows=95271/106562
progress epoch=1 optimizer_steps=29325 raw_loss=1.163258 weighted_loss=1.938018 lr=0.0001 windows=95367/106562
progress epoch=1 optimizer_steps=29352 raw_loss=1.140746 weighted_loss=1.753012 lr=0.0001 windows=95487/106562
progress epoch=1 optimizer_steps=29379 raw_loss=1.217048 weighted_loss=2.217261 lr=0.0001 windows=95631/106562
progress epoch=1 optimizer_steps=29405 raw_loss=1.085745 weighted_loss=1.641448 lr=0.0001 windows=95751/106562
progress epoch=1 optimizer_steps=29428 raw_loss=0.919514 weighted_loss=1.053348 lr=0.0001 windows=95847/106562
progress epoch=1 optimizer_steps=29450 raw_loss=1.238297 weighted_loss=2.525608 lr=0.0001 windows=95967/106562
progress epoch=1 optimizer_steps=29475 raw_loss=0.958306 weighted_loss=1.607776 lr=0.0001 windows=96087/106562
progress epoch=1 optimizer_steps=29504 raw_loss=1.088964 weighted_loss=1.545643 lr=0.0001 windows=96207/106562
progress epoch=1 optimizer_steps=29527 raw_loss=1.190353 weighted_loss=2.103482 lr=0.0001 windows=96327/106562
progress epoch=1 optimizer_steps=29550 raw_loss=1.257360 weighted_loss=2.248463 lr=0.0001 windows=96447/106562
progress epoch=1 optimizer_steps=29576 raw_loss=0.971310 weighted_loss=1.462148 lr=0.0001 windows=96567/106562
progress epoch=1 optimizer_steps=29600 raw_loss=1.021769 weighted_loss=1.656029 lr=0.0001 windows=96687/106562
progress epoch=1 optimizer_steps=29631 raw_loss=0.928136 weighted_loss=0.995447 lr=0.0001 windows=96807/106562
progress epoch=1 optimizer_steps=29654 raw_loss=0.818190 weighted_loss=0.938011 lr=0.0001 windows=96903/106562
progress epoch=1 optimizer_steps=29676 raw_loss=1.167673 weighted_loss=2.208101 lr=0.0001 windows=97023/106562
progress epoch=1 optimizer_steps=29703 raw_loss=1.132703 weighted_loss=2.245151 lr=0.0001 windows=97167/106562
progress epoch=1 optimizer_steps=29727 raw_loss=1.010637 weighted_loss=1.759302 lr=0.0001 windows=97287/106562
progress epoch=1 optimizer_steps=29752 raw_loss=0.954216 weighted_loss=1.579386 lr=0.0001 windows=97407/106562
progress epoch=1 optimizer_steps=29775 raw_loss=1.002934 weighted_loss=1.957495 lr=0.0001 windows=97527/106562
progress epoch=1 optimizer_steps=29800 raw_loss=0.890211 weighted_loss=1.799983 lr=0.0001 windows=97671/106562
progress epoch=1 optimizer_steps=29825 raw_loss=0.710976 weighted_loss=0.765660 lr=0.0001 windows=97767/106562
progress epoch=1 optimizer_steps=29854 raw_loss=0.992894 weighted_loss=1.812800 lr=0.0001 windows=97911/106562
progress epoch=1 optimizer_steps=29875 raw_loss=0.876907 weighted_loss=1.583464 lr=0.0001 windows=98007/106562
progress epoch=1 optimizer_steps=29900 raw_loss=0.878756 weighted_loss=1.488327 lr=0.0001 windows=98127/106562
progress epoch=1 optimizer_steps=29926 raw_loss=0.726347 weighted_loss=0.739355 lr=0.0001 windows=98223/106562
progress epoch=1 optimizer_steps=29950 raw_loss=0.647467 weighted_loss=0.704215 lr=0.0001 windows=98319/106562
progress epoch=1 optimizer_steps=29975 raw_loss=0.759673 weighted_loss=1.210324 lr=0.0001 windows=98439/106562
progress epoch=1 optimizer_steps=30002 raw_loss=0.641430 weighted_loss=0.947165 lr=0.0001 windows=98559/106562
checkpoint optimizer_steps=30002 path=/home/yanzhou/cyh/cid-v17-retrain/runs/cid-v1-0.4b-v17-ncv4/stage-a/stage-a-latest.pt
progress epoch=1 optimizer_steps=30026 raw_loss=0.913693 weighted_loss=1.759639 lr=0.0001 windows=98679/106562
progress epoch=1 optimizer_steps=30051 raw_loss=0.598862 weighted_loss=0.619971 lr=0.0001 windows=98775/106562
progress epoch=1 optimizer_steps=30076 raw_loss=0.671224 weighted_loss=1.094609 lr=0.0001 windows=98895/106562
progress epoch=1 optimizer_steps=30104 raw_loss=0.803317 weighted_loss=1.239531 lr=0.0001 windows=99015/106562
progress epoch=1 optimizer_steps=30126 raw_loss=1.009632 weighted_loss=2.169011 lr=0.0001 windows=99135/106562
progress epoch=1 optimizer_steps=30150 raw_loss=1.069877 weighted_loss=2.341536 lr=0.0001 windows=99279/106562
progress epoch=1 optimizer_steps=30175 raw_loss=0.831308 weighted_loss=0.918818 lr=0.0001 windows=99375/106562
progress epoch=1 optimizer_steps=30202 raw_loss=1.020329 weighted_loss=1.447001 lr=0.0001 windows=99495/106562
progress epoch=1 optimizer_steps=30226 raw_loss=0.961937 weighted_loss=1.092017 lr=0.0001 windows=99591/106562
progress epoch=1 optimizer_steps=30253 raw_loss=0.968697 weighted_loss=1.419611 lr=0.0001 windows=99711/106562
progress epoch=1 optimizer_steps=30278 raw_loss=0.857919 weighted_loss=0.863494 lr=0.0001 windows=99807/106562
progress epoch=1 optimizer_steps=30305 raw_loss=0.769496 weighted_loss=1.115516 lr=0.0001 windows=99927/106562
progress epoch=1 optimizer_steps=30331 raw_loss=1.091622 weighted_loss=2.334532 lr=0.0001 windows=100071/106562
progress epoch=1 optimizer_steps=30352 raw_loss=0.962118 weighted_loss=1.525758 lr=0.0001 windows=100167/106562
progress epoch=1 optimizer_steps=30376 raw_loss=1.209891 weighted_loss=1.828694 lr=0.0001 windows=100287/106562
progress epoch=1 optimizer_steps=30402 raw_loss=0.874152 weighted_loss=1.244697 lr=0.0001 windows=100407/106562
progress epoch=1 optimizer_steps=30429 raw_loss=0.902604 weighted_loss=1.806946 lr=0.0001 windows=100551/106562
progress epoch=1 optimizer_steps=30454 raw_loss=0.762720 weighted_loss=1.375102 lr=0.0001 windows=100671/106562
progress epoch=1 optimizer_steps=30479 raw_loss=0.762397 weighted_loss=0.799812 lr=0.0001 windows=100771/106562
progress epoch=1 optimizer_steps=30500 raw_loss=1.273223 weighted_loss=2.777410 lr=0.0001 windows=100904/106562
progress epoch=1 optimizer_steps=30525 raw_loss=0.957965 weighted_loss=1.864973 lr=0.0001 windows=101024/106562
progress epoch=1 optimizer_steps=30552 raw_loss=1.318655 weighted_loss=2.554851 lr=0.0001 windows=101168/106562
progress epoch=1 optimizer_steps=30579 raw_loss=1.398294 weighted_loss=2.757629 lr=0.0001 windows=101312/106562
progress epoch=1 optimizer_steps=30606 raw_loss=1.081122 weighted_loss=2.319586 lr=0.0001 windows=101456/106562
progress epoch=1 optimizer_steps=30626 raw_loss=1.241671 weighted_loss=3.062354 lr=0.0001 windows=101576/106562
progress epoch=1 optimizer_steps=30651 raw_loss=1.041985 weighted_loss=1.987211 lr=0.0001 windows=101696/106562
progress epoch=1 optimizer_steps=30678 raw_loss=1.102057 weighted_loss=2.451824 lr=0.0001 windows=101840/106562
progress epoch=1 optimizer_steps=30705 raw_loss=1.171416 weighted_loss=2.700750 lr=0.0001 windows=101984/106562
progress epoch=1 optimizer_steps=30725 raw_loss=1.166974 weighted_loss=2.822643 lr=0.0001 windows=102104/106562
progress epoch=1 optimizer_steps=30750 raw_loss=1.111103 weighted_loss=2.136529 lr=0.0001 windows=102224/106562
progress epoch=1 optimizer_steps=30777 raw_loss=1.152091 weighted_loss=2.520807 lr=0.0001 windows=102368/106562
progress epoch=1 optimizer_steps=30804 raw_loss=1.292997 weighted_loss=2.734054 lr=0.0001 windows=102512/106562
progress epoch=1 optimizer_steps=30831 raw_loss=1.181493 weighted_loss=2.473835 lr=0.0001 windows=102656/106562
progress epoch=1 optimizer_steps=30851 raw_loss=1.288045 weighted_loss=3.139189 lr=0.0001 windows=102776/106562
progress epoch=1 optimizer_steps=30876 raw_loss=0.998656 weighted_loss=1.864800 lr=0.0001 windows=102896/106562
progress epoch=1 optimizer_steps=30903 raw_loss=1.279731 weighted_loss=2.791137 lr=0.0001 windows=103040/106562
progress epoch=1 optimizer_steps=30930 raw_loss=1.245691 weighted_loss=2.652139 lr=0.0001 windows=103184/106562
progress epoch=1 optimizer_steps=30950 raw_loss=1.365495 weighted_loss=3.264726 lr=0.0001 windows=103304/106562
progress epoch=1 optimizer_steps=30975 raw_loss=0.946662 weighted_loss=1.719550 lr=0.0001 windows=103424/106562
progress epoch=1 optimizer_steps=31002 raw_loss=1.146910 weighted_loss=2.507853 lr=0.0001 windows=103568/106562
checkpoint optimizer_steps=31002 path=/home/yanzhou/cyh/cid-v17-retrain/runs/cid-v1-0.4b-v17-ncv4/stage-a/stage-a-latest.pt
progress epoch=1 optimizer_steps=31029 raw_loss=1.200487 weighted_loss=2.500412 lr=0.0001 windows=103712/106562
progress epoch=1 optimizer_steps=31056 raw_loss=1.018719 weighted_loss=2.253646 lr=0.0001 windows=103856/106562
progress epoch=1 optimizer_steps=31076 raw_loss=1.124149 weighted_loss=2.803838 lr=0.0001 windows=103976/106562
progress epoch=1 optimizer_steps=31101 raw_loss=0.901890 weighted_loss=1.911357 lr=0.0001 windows=104096/106562
progress epoch=1 optimizer_steps=31128 raw_loss=1.024935 weighted_loss=2.365499 lr=0.0001 windows=104240/106562
progress epoch=1 optimizer_steps=31155 raw_loss=1.194607 weighted_loss=2.662373 lr=0.0001 windows=104384/106562
progress epoch=1 optimizer_steps=31175 raw_loss=1.270748 weighted_loss=2.877548 lr=0.0001 windows=104504/106562
progress epoch=1 optimizer_steps=31200 raw_loss=1.091267 weighted_loss=1.987937 lr=0.0001 windows=104624/106562
progress epoch=1 optimizer_steps=31227 raw_loss=1.080280 weighted_loss=2.122504 lr=0.0001 windows=104768/106562
progress epoch=1 optimizer_steps=31254 raw_loss=1.196985 weighted_loss=2.359433 lr=0.0001 windows=104912/106562
progress epoch=1 optimizer_steps=31279 raw_loss=1.263574 weighted_loss=2.792096 lr=0.0001 windows=105053/106562
progress epoch=1 optimizer_steps=31301 raw_loss=1.763749 weighted_loss=5.791122 lr=0.0001 windows=105317/106562
progress epoch=1 optimizer_steps=31325 raw_loss=1.497856 weighted_loss=4.918085 lr=0.0001 windows=105605/106562
progress epoch=1 optimizer_steps=31351 raw_loss=1.312026 weighted_loss=4.307927 lr=0.0001 windows=105917/106562
progress epoch=1 optimizer_steps=31375 raw_loss=1.188900 weighted_loss=3.903652 lr=0.0001 windows=106205/106562
progress epoch=1 optimizer_steps=31401 raw_loss=1.136437 weighted_loss=3.731395 lr=0.0001 windows=106517/106562
epoch=1 transitions=805778 optimizer_steps=31405 raw_loss=1.883780 weighted_loss=1.971262 validation_loss=3.830900 rollout_probability=0.000 checkpoint=/home/yanzhou/cyh/cid-v17-retrain/runs/cid-v1-0.4b-v17-ncv4/stage-a/stage-a-epoch-0001.pt
progress epoch=2 optimizer_steps=31425 raw_loss=7.556879 weighted_loss=3.801008 lr=0.0001 windows=41/106562
progress epoch=2 optimizer_steps=31473 raw_loss=3.457361 weighted_loss=2.581323 lr=0.0001 windows=127/106562
progress epoch=2 optimizer_steps=31476 raw_loss=3.197762 weighted_loss=1.770524 lr=0.0001 windows=133/106562
progress epoch=2 optimizer_steps=31501 raw_loss=4.598019 weighted_loss=2.225114 lr=0.0001 windows=197/106562
progress epoch=2 optimizer_steps=31538 raw_loss=2.928599 weighted_loss=2.110523 lr=0.0001 windows=267/106562
progress epoch=2 optimizer_steps=31550 raw_loss=3.269063 weighted_loss=1.984853 lr=0.0001 windows=296/106562
progress epoch=2 optimizer_steps=31580 raw_loss=2.203619 weighted_loss=1.095793 lr=0.0001 windows=354/106562
progress epoch=2 optimizer_steps=31608 raw_loss=3.064479 weighted_loss=1.504578 lr=0.0001 windows=420/106562
progress epoch=2 optimizer_steps=31637 raw_loss=2.727153 weighted_loss=1.776805 lr=0.0001 windows=468/106562
progress epoch=2 optimizer_steps=31660 raw_loss=2.494346 weighted_loss=1.096455 lr=0.0001 windows=506/106562
progress epoch=2 optimizer_steps=31677 raw_loss=3.325594 weighted_loss=6.281520 lr=0.0001 windows=574/106562
progress epoch=2 optimizer_steps=31700 raw_loss=2.439511 weighted_loss=1.819262 lr=0.0001 windows=632/106562
progress epoch=2 optimizer_steps=31734 raw_loss=2.182811 weighted_loss=1.707495 lr=0.0001 windows=697/106562
progress epoch=2 optimizer_steps=31756 raw_loss=2.303001 weighted_loss=1.556869 lr=0.0001 windows=744/106562
progress epoch=2 optimizer_steps=31787 raw_loss=2.758110 weighted_loss=1.106664 lr=0.0001 windows=794/106562
progress epoch=2 optimizer_steps=31803 raw_loss=2.655773 weighted_loss=2.338512 lr=0.0001 windows=844/106562
progress epoch=2 optimizer_steps=31825 raw_loss=2.811312 weighted_loss=15.213877 lr=0.0001 windows=926/106562
progress epoch=2 optimizer_steps=31854 raw_loss=2.288785 weighted_loss=2.074592 lr=0.0001 windows=1011/106562
progress epoch=2 optimizer_steps=31878 raw_loss=2.035880 weighted_loss=0.609811 lr=0.0001 windows=1037/106562
progress epoch=2 optimizer_steps=31904 raw_loss=2.540110 weighted_loss=1.092746 lr=0.0001 windows=1079/106562
progress epoch=2 optimizer_steps=31931 raw_loss=2.973651 weighted_loss=3.165137 lr=0.0001 windows=1150/106562
progress epoch=2 optimizer_steps=31950 raw_loss=2.384933 weighted_loss=1.471959 lr=0.0001 windows=1199/106562
progress epoch=2 optimizer_steps=31978 raw_loss=2.207441 weighted_loss=2.019701 lr=0.0001 windows=1260/106562
progress epoch=2 optimizer_steps=32018 raw_loss=2.457076 weighted_loss=1.092253 lr=0.0001 windows=1325/106562
checkpoint optimizer_steps=32018 path=/home/yanzhou/cyh/cid-v17-retrain/runs/cid-v1-0.4b-v17-ncv4/stage-a/stage-a-latest.pt
progress epoch=2 optimizer_steps=32027 raw_loss=2.532629 weighted_loss=2.445240 lr=0.0001 windows=1350/106562
progress epoch=2 optimizer_steps=32053 raw_loss=2.494197 weighted_loss=2.808789 lr=0.0001 windows=1426/106562
progress epoch=2 optimizer_steps=32077 raw_loss=1.977187 weighted_loss=1.100404 lr=0.0001 windows=1482/106562
progress epoch=2 optimizer_steps=32119 raw_loss=2.390208 weighted_loss=1.189193 lr=0.0001 windows=1563/106562
progress epoch=2 optimizer_steps=32135 raw_loss=2.444648 weighted_loss=1.120379 lr=0.0001 windows=1606/106562
progress epoch=2 optimizer_steps=32171 raw_loss=2.137883 weighted_loss=0.643090 lr=0.0001 windows=1648/106562
progress epoch=2 optimizer_steps=32180 raw_loss=1.707063 weighted_loss=0.773943 lr=0.0001 windows=1666/106562
progress epoch=2 optimizer_steps=32201 raw_loss=2.623668 weighted_loss=3.547459 lr=0.0001 windows=1735/106562
progress epoch=2 optimizer_steps=32227 raw_loss=2.102810 weighted_loss=1.146512 lr=0.0001 windows=1794/106562
progress epoch=2 optimizer_steps=32253 raw_loss=2.231383 weighted_loss=1.428801 lr=0.0001 windows=1868/106562
progress epoch=2 optimizer_steps=32277 raw_loss=2.213053 weighted_loss=0.645900 lr=0.0001 windows=1892/106562
progress epoch=2 optimizer_steps=32300 raw_loss=2.333731 weighted_loss=1.469833 lr=0.0001 windows=1944/106562
progress epoch=2 optimizer_steps=32331 raw_loss=2.455012 weighted_loss=1.633799 lr=0.0001 windows=2011/106562
progress epoch=2 optimizer_steps=32359 raw_loss=2.460852 weighted_loss=1.469111 lr=0.0001 windows=2087/106562
progress epoch=2 optimizer_steps=32375 raw_loss=1.840475 weighted_loss=0.929012 lr=0.0001 windows=2114/106562
progress epoch=2 optimizer_steps=32402 raw_loss=2.222227 weighted_loss=1.948659 lr=0.0001 windows=2189/106562
progress epoch=2 optimizer_steps=32426 raw_loss=2.324253 weighted_loss=1.858223 lr=0.0001 windows=2275/106562
progress epoch=2 optimizer_steps=32452 raw_loss=2.262643 weighted_loss=3.036678 lr=0.0001 windows=2350/106562
progress epoch=2 optimizer_steps=32475 raw_loss=2.087327 weighted_loss=2.214408 lr=0.0001 windows=2414/106562
progress epoch=2 optimizer_steps=32503 raw_loss=2.238762 weighted_loss=1.542443 lr=0.0001 windows=2506/106562
progress epoch=2 optimizer_steps=32525 raw_loss=1.923502 weighted_loss=1.826986 lr=0.0001 windows=2554/106562
progress epoch=2 optimizer_steps=32550 raw_loss=2.284490 weighted_loss=2.714944 lr=0.0001 windows=2626/106562
progress epoch=2 optimizer_steps=32578 raw_loss=2.300268 weighted_loss=1.337732 lr=0.0001 windows=2700/106562
progress epoch=2 optimizer_steps=32600 raw_loss=2.303220 weighted_loss=1.667877 lr=0.0001 windows=2748/106562
progress epoch=2 optimizer_steps=32625 raw_loss=2.142088 weighted_loss=1.199577 lr=0.0001 windows=2814/106562
progress epoch=2 optimizer_steps=32650 raw_loss=2.682463 weighted_loss=1.088917 lr=0.0001 windows=2864/106562
progress epoch=2 optimizer_steps=32689 raw_loss=2.022296 weighted_loss=0.823411 lr=0.0001 windows=2927/106562
progress epoch=2 optimizer_steps=32706 raw_loss=2.312140 weighted_loss=0.953059 lr=0.0001 windows=2964/106562
progress epoch=2 optimizer_steps=32726 raw_loss=2.197360 weighted_loss=1.830964 lr=0.0001 windows=3003/106562
progress epoch=2 optimizer_steps=32752 raw_loss=2.563896 weighted_loss=2.877380 lr=0.0001 windows=3099/106562
progress epoch=2 optimizer_steps=32775 raw_loss=2.120525 weighted_loss=1.051662 lr=0.0001 windows=3144/106562
progress epoch=2 optimizer_steps=32800 raw_loss=2.858921 weighted_loss=1.915268 lr=0.0001 windows=3223/106562
progress epoch=2 optimizer_steps=32836 raw_loss=2.148101 weighted_loss=0.709883 lr=0.0001 windows=3267/106562
progress epoch=2 optimizer_steps=32850 raw_loss=2.349804 weighted_loss=3.333541 lr=0.0001 windows=3308/106562
progress epoch=2 optimizer_steps=32875 raw_loss=2.139592 weighted_loss=1.156840 lr=0.0001 windows=3357/106562
progress epoch=2 optimizer_steps=32901 raw_loss=2.058409 weighted_loss=0.906477 lr=0.0001 windows=3394/106562
progress epoch=2 optimizer_steps=32930 raw_loss=2.338708 weighted_loss=0.868600 lr=0.0001 windows=3448/106562
progress epoch=2 optimizer_steps=32955 raw_loss=1.929877 weighted_loss=1.339030 lr=0.0001 windows=3498/106562
progress epoch=2 optimizer_steps=32981 raw_loss=1.807451 weighted_loss=0.657968 lr=0.0001 windows=3534/106562
progress epoch=2 optimizer_steps=33003 raw_loss=1.896306 weighted_loss=0.905861 lr=0.0001 windows=3578/106562
checkpoint optimizer_steps=33003 path=/home/yanzhou/cyh/cid-v17-retrain/runs/cid-v1-0.4b-v17-ncv4/stage-a/stage-a-latest.pt
progress epoch=2 optimizer_steps=33041 raw_loss=2.138266 weighted_loss=1.177142 lr=0.0001 windows=3642/106562
progress epoch=2 optimizer_steps=33050 raw_loss=2.076592 weighted_loss=0.534770 lr=0.0001 windows=3651/106562
progress epoch=2 optimizer_steps=33083 raw_loss=2.162823 weighted_loss=1.281324 lr=0.0001 windows=3711/106562
progress epoch=2 optimizer_steps=33100 raw_loss=2.215527 weighted_loss=1.279369 lr=0.0001 windows=3758/106562
progress epoch=2 optimizer_steps=33125 raw_loss=1.867636 weighted_loss=1.271378 lr=0.0001 windows=3813/106562
progress epoch=2 optimizer_steps=33151 raw_loss=1.581179 weighted_loss=0.919461 lr=0.0001 windows=3863/106562
progress epoch=2 optimizer_steps=33175 raw_loss=2.138481 weighted_loss=1.005866 lr=0.0001 windows=3921/106562
progress epoch=2 optimizer_steps=33201 raw_loss=2.276276 weighted_loss=1.051790 lr=0.0001 windows=3973/106562
progress epoch=2 optimizer_steps=33232 raw_loss=2.228551 weighted_loss=2.049954 lr=0.0001 windows=4081/106562
progress epoch=2 optimizer_steps=33250 raw_loss=1.986612 weighted_loss=1.115916 lr=0.0001 windows=4119/106562
progress epoch=2 optimizer_steps=33275 raw_loss=1.921450 weighted_loss=1.916263 lr=0.0001 windows=4176/106562
progress epoch=2 optimizer_steps=33307 raw_loss=2.019535 weighted_loss=1.031071 lr=0.0001 windows=4248/106562
progress epoch=2 optimizer_steps=33329 raw_loss=1.740668 weighted_loss=0.886878 lr=0.0001 windows=4297/106562
progress epoch=2 optimizer_steps=33366 raw_loss=1.983674 weighted_loss=0.760701 lr=0.0001 windows=4346/106562
progress epoch=2 optimizer_steps=33385 raw_loss=1.924529 weighted_loss=0.870837 lr=0.0001 windows=4376/106562
progress epoch=2 optimizer_steps=33408 raw_loss=2.259096 weighted_loss=2.437184 lr=0.0001 windows=4448/106562
progress epoch=2 optimizer_steps=33427 raw_loss=2.587423 weighted_loss=4.360855 lr=0.0001 windows=4525/106562
progress epoch=2 optimizer_steps=33452 raw_loss=2.293720 weighted_loss=1.863805 lr=0.0001 windows=4611/106562
progress epoch=2 optimizer_steps=33477 raw_loss=1.897389 weighted_loss=1.435772 lr=0.0001 windows=4664/106562
progress epoch=2 optimizer_steps=33501 raw_loss=2.088486 weighted_loss=0.685388 lr=0.0001 windows=4690/106562
progress epoch=2 optimizer_steps=33535 raw_loss=1.997947 weighted_loss=1.140955 lr=0.0001 windows=4771/106562
progress epoch=2 optimizer_steps=33551 raw_loss=2.348884 weighted_loss=3.698493 lr=0.0001 windows=4832/106562
progress epoch=2 optimizer_steps=33576 raw_loss=2.565260 weighted_loss=1.193472 lr=0.0001 windows=4888/106562
progress epoch=2 optimizer_steps=33605 raw_loss=2.295065 weighted_loss=0.910424 lr=0.0001 windows=4936/106562
progress epoch=2 optimizer_steps=33625 raw_loss=2.088573 weighted_loss=1.284204 lr=0.0001 windows=4997/106562
progress epoch=2 optimizer_steps=33650 raw_loss=1.847428 weighted_loss=1.594270 lr=0.0001 windows=5058/106562
progress epoch=2 optimizer_steps=33675 raw_loss=2.097440 weighted_loss=1.211793 lr=0.0001 windows=5117/106562
progress epoch=2 optimizer_steps=33703 raw_loss=2.278271 weighted_loss=0.841013 lr=0.0001 windows=5162/106562
progress epoch=2 optimizer_steps=33726 raw_loss=2.098243 weighted_loss=2.489120 lr=0.0001 windows=5230/106562
progress epoch=2 optimizer_steps=33757 raw_loss=2.011619 weighted_loss=1.025310 lr=0.0001 windows=5295/106562
progress epoch=2 optimizer_steps=33786 raw_loss=2.517270 weighted_loss=0.965644 lr=0.0001 windows=5350/106562
progress epoch=2 optimizer_steps=33812 raw_loss=2.277567 weighted_loss=1.823831 lr=0.0001 windows=5407/106562
progress epoch=2 optimizer_steps=33825 raw_loss=2.181129 weighted_loss=1.190039 lr=0.0001 windows=5439/106562
progress epoch=2 optimizer_steps=33855 raw_loss=1.927314 weighted_loss=0.888622 lr=0.0001 windows=5499/106562
progress epoch=2 optimizer_steps=33882 raw_loss=2.037234 weighted_loss=1.031674 lr=0.0001 windows=5561/106562
progress epoch=2 optimizer_steps=33905 raw_loss=1.735282 weighted_loss=0.725964 lr=0.0001 windows=5599/106562
progress epoch=2 optimizer_steps=33925 raw_loss=1.768517 weighted_loss=1.463111 lr=0.0001 windows=5645/106562
progress epoch=2 optimizer_steps=33962 raw_loss=2.108444 weighted_loss=1.293629 lr=0.0001 windows=5729/106562
progress epoch=2 optimizer_steps=33975 raw_loss=1.574877 weighted_loss=0.709364 lr=0.0001 windows=5751/106562
progress epoch=2 optimizer_steps=34004 raw_loss=1.731303 weighted_loss=1.408042 lr=0.0001 windows=5809/106562
checkpoint optimizer_steps=34004 path=/home/yanzhou/cyh/cid-v17-retrain/runs/cid-v1-0.4b-v17-ncv4/stage-a/stage-a-latest.pt
progress epoch=2 optimizer_steps=34031 raw_loss=1.869295 weighted_loss=1.795418 lr=0.0001 windows=5868/106562
progress epoch=2 optimizer_steps=34068 raw_loss=1.982126 weighted_loss=0.994774 lr=0.0001 windows=5921/106562
progress epoch=2 optimizer_steps=34083 raw_loss=1.697232 weighted_loss=0.914945 lr=0.0001 windows=5950/106562
progress epoch=2 optimizer_steps=34114 raw_loss=2.343392 weighted_loss=0.981480 lr=0.0001 windows=6003/106562
progress epoch=2 optimizer_steps=34128 raw_loss=1.689957 weighted_loss=1.127874 lr=0.0001 windows=6029/106562
progress epoch=2 optimizer_steps=34153 raw_loss=1.972354 weighted_loss=0.575650 lr=0.0001 windows=6053/106562
progress epoch=2 optimizer_steps=34176 raw_loss=2.041304 weighted_loss=0.645405 lr=0.0001 windows=6080/106562
progress epoch=2 optimizer_steps=34209 raw_loss=2.008545 weighted_loss=1.486101 lr=0.0001 windows=6153/106562
progress epoch=2 optimizer_steps=34231 raw_loss=2.115679 weighted_loss=0.798086 lr=0.0001 windows=6184/106562
progress epoch=2 optimizer_steps=34259 raw_loss=1.815856 weighted_loss=0.748163 lr=0.0001 windows=6229/106562
progress epoch=2 optimizer_steps=34275 raw_loss=1.770734 weighted_loss=0.977999 lr=0.0001 windows=6261/106562
progress epoch=2 optimizer_steps=34300 raw_loss=2.275715 weighted_loss=1.057964 lr=0.0001 windows=6325/106562
progress epoch=2 optimizer_steps=34326 raw_loss=2.212383 weighted_loss=1.268705 lr=0.0001 windows=6373/106562
progress epoch=2 optimizer_steps=34353 raw_loss=2.246743 weighted_loss=1.569577 lr=0.0001 windows=6433/106562
progress epoch=2 optimizer_steps=34382 raw_loss=2.352221 weighted_loss=6.055723 lr=0.0001 windows=6517/106562
progress epoch=2 optimizer_steps=34412 raw_loss=2.099262 weighted_loss=0.850238 lr=0.0001 windows=6577/106562
progress epoch=2 optimizer_steps=34426 raw_loss=2.055843 weighted_loss=2.076981 lr=0.0001 windows=6601/106562
progress epoch=2 optimizer_steps=34453 raw_loss=2.004276 weighted_loss=1.481125 lr=0.0001 windows=6654/106562
progress epoch=2 optimizer_steps=34477 raw_loss=1.999331 weighted_loss=0.663536 lr=0.0001 windows=6686/106562
progress epoch=2 optimizer_steps=34502 raw_loss=2.087886 weighted_loss=1.830621 lr=0.0001 windows=6759/106562
progress epoch=2 optimizer_steps=34525 raw_loss=2.224963 weighted_loss=2.384695 lr=0.0001 windows=6831/106562
progress epoch=2 optimizer_steps=34568 raw_loss=1.914847 weighted_loss=0.819291 lr=0.0001 windows=6895/106562
progress epoch=2 optimizer_steps=34588 raw_loss=2.897682 weighted_loss=3.425115 lr=0.0001 windows=6951/106562
progress epoch=2 optimizer_steps=34601 raw_loss=2.391368 weighted_loss=1.221472 lr=0.0001 windows=6984/106562
progress epoch=2 optimizer_steps=34625 raw_loss=1.956210 weighted_loss=1.160122 lr=0.0001 windows=7043/106562
progress epoch=2 optimizer_steps=34655 raw_loss=2.159646 weighted_loss=3.679550 lr=0.0001 windows=7129/106562
progress epoch=2 optimizer_steps=34679 raw_loss=1.848203 weighted_loss=1.283117 lr=0.0001 windows=7206/106562
progress epoch=2 optimizer_steps=34705 raw_loss=2.010200 weighted_loss=1.670912 lr=0.0001 windows=7269/106562
progress epoch=2 optimizer_steps=34726 raw_loss=2.147567 weighted_loss=0.805286 lr=0.0001 windows=7301/106562
progress epoch=2 optimizer_steps=34751 raw_loss=1.758754 weighted_loss=0.820441 lr=0.0001 windows=7344/106562
progress epoch=2 optimizer_steps=34779 raw_loss=1.717939 weighted_loss=1.606712 lr=0.0001 windows=7413/106562
progress epoch=2 optimizer_steps=34801 raw_loss=2.125241 weighted_loss=1.752968 lr=0.0001 windows=7468/106562
progress epoch=2 optimizer_steps=34834 raw_loss=1.889149 weighted_loss=1.064201 lr=0.0001 windows=7546/106562
progress epoch=2 optimizer_steps=34856 raw_loss=2.387376 weighted_loss=1.523228 lr=0.0001 windows=7607/106562
progress epoch=2 optimizer_steps=34875 raw_loss=3.338325 weighted_loss=4.492605 lr=0.0001 windows=7678/106562
progress epoch=2 optimizer_steps=34903 raw_loss=2.288772 weighted_loss=0.940760 lr=0.0001 windows=7728/106562
progress epoch=2 optimizer_steps=34926 raw_loss=1.957171 weighted_loss=0.760673 lr=0.0001 windows=7772/106562
progress epoch=2 optimizer_steps=34952 raw_loss=2.052930 weighted_loss=1.318507 lr=0.0001 windows=7838/106562
progress epoch=2 optimizer_steps=34978 raw_loss=2.014323 weighted_loss=0.813760 lr=0.0001 windows=7876/106562
progress epoch=2 optimizer_steps=35000 raw_loss=2.400823 weighted_loss=1.560542 lr=0.0001 windows=7936/106562
checkpoint optimizer_steps=35000 path=/home/yanzhou/cyh/cid-v17-retrain/runs/cid-v1-0.4b-v17-ncv4/stage-a/stage-a-latest.pt
progress epoch=2 optimizer_steps=35030 raw_loss=1.942294 weighted_loss=0.949503 lr=0.0001 windows=8004/106562
progress epoch=2 optimizer_steps=35051 raw_loss=1.987996 weighted_loss=1.261197 lr=0.0001 windows=8055/106562
progress epoch=2 optimizer_steps=35079 raw_loss=1.887269 weighted_loss=1.148435 lr=0.0001 windows=8107/106562
progress epoch=2 optimizer_steps=35104 raw_loss=1.992360 weighted_loss=0.798577 lr=0.0001 windows=8143/106562
progress epoch=2 optimizer_steps=35125 raw_loss=2.140324 weighted_loss=1.696465 lr=0.0001 windows=8216/106562
progress epoch=2 optimizer_steps=35151 raw_loss=1.841545 weighted_loss=1.126341 lr=0.0001 windows=8280/106562
progress epoch=2 optimizer_steps=35181 raw_loss=1.968012 weighted_loss=0.900392 lr=0.0001 windows=8352/106562
progress epoch=2 optimizer_steps=35205 raw_loss=1.629778 weighted_loss=1.724165 lr=0.0001 windows=8402/106562
progress epoch=2 optimizer_steps=35227 raw_loss=2.186082 weighted_loss=2.545350 lr=0.0001 windows=8457/106562
progress epoch=2 optimizer_steps=35253 raw_loss=1.810789 weighted_loss=1.085195 lr=0.0001 windows=8507/106562
progress epoch=2 optimizer_steps=35282 raw_loss=2.058200 weighted_loss=1.637686 lr=0.0001 windows=8573/106562
progress epoch=2 optimizer_steps=35301 raw_loss=2.230064 weighted_loss=0.791592 lr=0.0001 windows=8597/106562
progress epoch=2 optimizer_steps=35327 raw_loss=1.875293 weighted_loss=1.367779 lr=0.0001 windows=8650/106562
progress epoch=2 optimizer_steps=35360 raw_loss=2.031294 weighted_loss=0.713503 lr=0.0001 windows=8699/106562
progress epoch=2 optimizer_steps=35375 raw_loss=2.215518 weighted_loss=0.949736 lr=0.0001 windows=8743/106562
progress epoch=2 optimizer_steps=35408 raw_loss=2.196745 weighted_loss=0.920785 lr=0.0001 windows=8795/106562
progress epoch=2 optimizer_steps=35428 raw_loss=1.989595 weighted_loss=1.032960 lr=0.0001 windows=8844/106562
progress epoch=2 optimizer_steps=35451 raw_loss=1.794701 weighted_loss=0.684274 lr=0.0001 windows=8880/106562
progress epoch=2 optimizer_steps=35479 raw_loss=2.227855 weighted_loss=1.182835 lr=0.0001 windows=8929/106562
progress epoch=2 optimizer_steps=35500 raw_loss=1.916233 weighted_loss=1.307091 lr=0.0001 windows=8989/106562
progress epoch=2 optimizer_steps=35526 raw_loss=1.805329 weighted_loss=0.774849 lr=0.0001 windows=9031/106562
progress epoch=2 optimizer_steps=35554 raw_loss=1.721336 weighted_loss=1.200593 lr=0.0001 windows=9093/106562
progress epoch=2 optimizer_steps=35578 raw_loss=2.052065 weighted_loss=1.788300 lr=0.0001 windows=9159/106562
progress epoch=2 optimizer_steps=35602 raw_loss=1.912315 weighted_loss=1.508161 lr=0.0001 windows=9202/106562
progress epoch=2 optimizer_steps=35628 raw_loss=1.992071 weighted_loss=1.011450 lr=0.0001 windows=9244/106562
progress epoch=2 optimizer_steps=35651 raw_loss=1.825613 weighted_loss=1.606243 lr=0.0001 windows=9301/106562
progress epoch=2 optimizer_steps=35676 raw_loss=1.793975 weighted_loss=0.968053 lr=0.0001 windows=9346/106562
progress epoch=2 optimizer_steps=35709 raw_loss=2.076478 weighted_loss=0.856953 lr=0.0001 windows=9420/106562
progress epoch=2 optimizer_steps=35728 raw_loss=1.793152 weighted_loss=0.842181 lr=0.0001 windows=9453/106562
progress epoch=2 optimizer_steps=35755 raw_loss=2.081726 weighted_loss=2.181728 lr=0.0001 windows=9525/106562
progress epoch=2 optimizer_steps=35779 raw_loss=2.065126 weighted_loss=1.056188 lr=0.0001 windows=9594/106562
progress epoch=2 optimizer_steps=35812 raw_loss=2.097440 weighted_loss=0.821490 lr=0.0001 windows=9665/106562
progress epoch=2 optimizer_steps=35832 raw_loss=1.927408 weighted_loss=2.355077 lr=0.0001 windows=9716/106562
progress epoch=2 optimizer_steps=35857 raw_loss=1.965702 weighted_loss=1.686157 lr=0.0001 windows=9771/106562
progress epoch=2 optimizer_steps=35879 raw_loss=1.757687 weighted_loss=1.499811 lr=0.0001 windows=9817/106562
progress epoch=2 optimizer_steps=35901 raw_loss=1.873324 weighted_loss=1.611432 lr=0.0001 windows=9859/106562
progress epoch=2 optimizer_steps=35940 raw_loss=1.879882 weighted_loss=1.688435 lr=0.0001 windows=9947/106562
progress epoch=2 optimizer_steps=35960 raw_loss=2.193767 weighted_loss=0.801028 lr=0.0001 windows=9973/106562
progress epoch=2 optimizer_steps=35975 raw_loss=2.382568 weighted_loss=1.765305 lr=0.0001 windows=10030/106562
progress epoch=2 optimizer_steps=36001 raw_loss=1.965696 weighted_loss=0.670312 lr=0.0001 windows=10061/106562
checkpoint optimizer_steps=36001 path=/home/yanzhou/cyh/cid-v17-retrain/runs/cid-v1-0.4b-v17-ncv4/stage-a/stage-a-latest.pt
progress epoch=2 optimizer_steps=36025 raw_loss=1.885162 weighted_loss=1.916616 lr=0.0001 windows=10121/106562
progress epoch=2 optimizer_steps=36055 raw_loss=2.049689 weighted_loss=0.843570 lr=0.0001 windows=10176/106562
progress epoch=2 optimizer_steps=36083 raw_loss=2.281796 weighted_loss=0.844648 lr=0.0001 windows=10231/106562
progress epoch=2 optimizer_steps=36106 raw_loss=1.587811 weighted_loss=0.841937 lr=0.0001 windows=10273/106562
progress epoch=2 optimizer_steps=36127 raw_loss=1.726906 weighted_loss=0.995439 lr=0.0001 windows=10332/106562
progress epoch=2 optimizer_steps=36156 raw_loss=2.221955 weighted_loss=1.593350 lr=0.0001 windows=10387/106562
progress epoch=2 optimizer_steps=36184 raw_loss=1.929704 weighted_loss=0.961929 lr=0.0001 windows=10440/106562
progress epoch=2 optimizer_steps=36204 raw_loss=1.975691 weighted_loss=2.453826 lr=0.0001 windows=10489/106562
progress epoch=2 optimizer_steps=36225 raw_loss=1.990592 weighted_loss=1.476675 lr=0.0001 windows=10546/106562
progress epoch=2 optimizer_steps=36264 raw_loss=2.009245 weighted_loss=0.866404 lr=0.0001 windows=10601/106562
progress epoch=2 optimizer_steps=36278 raw_loss=2.086536 weighted_loss=2.208872 lr=0.0001 windows=10631/106562
progress epoch=2 optimizer_steps=36301 raw_loss=2.150646 weighted_loss=0.815091 lr=0.0001 windows=10664/106562
progress epoch=2 optimizer_steps=36338 raw_loss=1.943484 weighted_loss=0.582047 lr=0.0001 windows=10704/106562
progress epoch=2 optimizer_steps=36371 raw_loss=2.012191 weighted_loss=0.977887 lr=0.0001 windows=10754/106562
progress epoch=2 optimizer_steps=36388 raw_loss=2.120316 weighted_loss=0.773542 lr=0.0001 windows=10778/106562
progress epoch=2 optimizer_steps=36424 raw_loss=2.050793 weighted_loss=0.737734 lr=0.0001 windows=10850/106562
progress epoch=2 optimizer_steps=36429 raw_loss=2.927249 weighted_loss=1.601896 lr=0.0001 windows=10874/106562
progress epoch=2 optimizer_steps=36450 raw_loss=1.983494 weighted_loss=1.271817 lr=0.0001 windows=10922/106562
progress epoch=2 optimizer_steps=36479 raw_loss=2.179198 weighted_loss=2.566872 lr=0.0001 windows=11036/106562
progress epoch=2 optimizer_steps=36502 raw_loss=2.005334 weighted_loss=0.798270 lr=0.0001 windows=11082/106562
progress epoch=2 optimizer_steps=36526 raw_loss=1.710407 weighted_loss=2.219492 lr=0.0001 windows=11146/106562
progress epoch=2 optimizer_steps=36551 raw_loss=2.510958 weighted_loss=5.079374 lr=0.0001 windows=11244/106562
progress epoch=2 optimizer_steps=36580 raw_loss=1.947615 weighted_loss=1.451100 lr=0.0001 windows=11306/106562
progress epoch=2 optimizer_steps=36601 raw_loss=1.830168 weighted_loss=1.106908 lr=0.0001 windows=11347/106562
progress epoch=2 optimizer_steps=36625 raw_loss=2.143261 weighted_loss=0.787636 lr=0.0001 windows=11389/106562
progress epoch=2 optimizer_steps=36652 raw_loss=1.804505 weighted_loss=1.504671 lr=0.0001 windows=11450/106562
progress epoch=2 optimizer_steps=36679 raw_loss=1.942000 weighted_loss=1.342180 lr=0.0001 windows=11507/106562
progress epoch=2 optimizer_steps=36700 raw_loss=2.174241 weighted_loss=1.433728 lr=0.0001 windows=11565/106562
progress epoch=2 optimizer_steps=36726 raw_loss=1.887245 weighted_loss=1.567892 lr=0.0001 windows=11627/106562
progress epoch=2 optimizer_steps=36753 raw_loss=1.766917 weighted_loss=1.341760 lr=0.0001 windows=11690/106562
progress epoch=2 optimizer_steps=36776 raw_loss=1.970091 weighted_loss=0.705950 lr=0.0001 windows=11718/106562
progress epoch=2 optimizer_steps=36813 raw_loss=2.106626 weighted_loss=1.348051 lr=0.0001 windows=11782/106562
progress epoch=2 optimizer_steps=36829 raw_loss=1.647904 weighted_loss=0.923976 lr=0.0001 windows=11813/106562
progress epoch=2 optimizer_steps=36858 raw_loss=2.113144 weighted_loss=1.103971 lr=0.0001 windows=11889/106562
progress epoch=2 optimizer_steps=36877 raw_loss=2.021622 weighted_loss=0.919204 lr=0.0001 windows=11922/106562
progress epoch=2 optimizer_steps=36904 raw_loss=1.834906 weighted_loss=1.660775 lr=0.0001 windows=11983/106562
progress epoch=2 optimizer_steps=36931 raw_loss=2.038724 weighted_loss=1.125132 lr=0.0001 windows=12053/106562
progress epoch=2 optimizer_steps=36958 raw_loss=1.723385 weighted_loss=0.941022 lr=0.0001 windows=12100/106562
progress epoch=2 optimizer_steps=36975 raw_loss=2.086461 weighted_loss=1.210448 lr=0.0001 windows=12145/106562
progress epoch=2 optimizer_steps=37003 raw_loss=2.070722 weighted_loss=1.123738 lr=0.0001 windows=12210/106562
checkpoint optimizer_steps=37003 path=/home/yanzhou/cyh/cid-v17-retrain/runs/cid-v1-0.4b-v17-ncv4/stage-a/stage-a-latest.pt
progress epoch=2 optimizer_steps=37028 raw_loss=2.291357 weighted_loss=1.449147 lr=0.0001 windows=12260/106562
progress epoch=2 optimizer_steps=37052 raw_loss=1.838442 weighted_loss=0.809023 lr=0.0001 windows=12303/106562
progress epoch=2 optimizer_steps=37075 raw_loss=2.006093 weighted_loss=1.207213 lr=0.0001 windows=12356/106562
progress epoch=2 optimizer_steps=37103 raw_loss=1.979420 weighted_loss=1.016088 lr=0.0001 windows=12401/106562
progress epoch=2 optimizer_steps=37136 raw_loss=2.084318 weighted_loss=0.762119 lr=0.0001 windows=12454/106562
progress epoch=2 optimizer_steps=37156 raw_loss=2.132374 weighted_loss=0.699096 lr=0.0001 windows=12479/106562
progress epoch=2 optimizer_steps=37175 raw_loss=1.871302 weighted_loss=1.031197 lr=0.0001 windows=12525/106562
progress epoch=2 optimizer_steps=37215 raw_loss=2.012609 weighted_loss=0.644729 lr=0.0001 windows=12574/106562
progress epoch=2 optimizer_steps=37227 raw_loss=1.889737 weighted_loss=2.776744 lr=0.0001 windows=12601/106562
progress epoch=2 optimizer_steps=37252 raw_loss=2.062206 weighted_loss=0.763484 lr=0.0001 windows=12634/106562
progress epoch=2 optimizer_steps=37279 raw_loss=1.789076 weighted_loss=0.884794 lr=0.0001 windows=12680/106562
progress epoch=2 optimizer_steps=37307 raw_loss=1.953727 weighted_loss=1.045690 lr=0.0001 windows=12733/106562
progress epoch=2 optimizer_steps=37331 raw_loss=1.680264 weighted_loss=1.078487 lr=0.0001 windows=12785/106562
progress epoch=2 optimizer_steps=37354 raw_loss=1.851996 weighted_loss=1.073347 lr=0.0001 windows=12834/106562
progress epoch=2 optimizer_steps=37394 raw_loss=1.975719 weighted_loss=1.070099 lr=0.0001 windows=12892/106562
progress epoch=2 optimizer_steps=37400 raw_loss=1.996500 weighted_loss=0.628479 lr=0.0001 windows=12902/106562
progress epoch=2 optimizer_steps=37426 raw_loss=1.901664 weighted_loss=1.870129 lr=0.0001 windows=12982/106562
progress epoch=2 optimizer_steps=37452 raw_loss=2.347561 weighted_loss=0.903925 lr=0.0001 windows=13024/106562
progress epoch=2 optimizer_steps=37482 raw_loss=2.007514 weighted_loss=1.333061 lr=0.0001 windows=13106/106562
progress epoch=2 optimizer_steps=37504 raw_loss=1.836736 weighted_loss=1.834378 lr=0.0001 windows=13165/106562
progress epoch=2 optimizer_steps=37528 raw_loss=1.823256 weighted_loss=1.879818 lr=0.0001 windows=13220/106562
progress epoch=2 optimizer_steps=37552 raw_loss=1.969989 weighted_loss=1.664214 lr=0.0001 windows=13284/106562
progress epoch=2 optimizer_steps=37582 raw_loss=2.112370 weighted_loss=0.885832 lr=0.0001 windows=13341/106562
progress epoch=2 optimizer_steps=37602 raw_loss=1.691532 weighted_loss=1.112515 lr=0.0001 windows=13386/106562
progress epoch=2 optimizer_steps=37636 raw_loss=2.069675 weighted_loss=1.103853 lr=0.0001 windows=13456/106562
progress epoch=2 optimizer_steps=37661 raw_loss=2.055218 weighted_loss=0.936237 lr=0.0001 windows=13512/106562
progress epoch=2 optimizer_steps=37683 raw_loss=1.707041 weighted_loss=1.404262 lr=0.0001 windows=13564/106562
progress epoch=2 optimizer_steps=37702 raw_loss=1.703656 weighted_loss=0.937969 lr=0.0001 windows=13612/106562
progress epoch=2 optimizer_steps=37729 raw_loss=2.047648 weighted_loss=1.410334 lr=0.0001 windows=13720/106562
progress epoch=2 optimizer_steps=37751 raw_loss=2.251920 weighted_loss=2.885568 lr=0.0001 windows=13807/106562
progress epoch=2 optimizer_steps=37778 raw_loss=2.044557 weighted_loss=2.257252 lr=0.0001 windows=13883/106562
progress epoch=2 optimizer_steps=37802 raw_loss=1.905702 weighted_loss=0.878171 lr=0.0001 windows=13930/106562
progress epoch=2 optimizer_steps=37829 raw_loss=1.765331 weighted_loss=1.407921 lr=0.0001 windows=14003/106562
progress epoch=2 optimizer_steps=37851 raw_loss=2.154535 weighted_loss=1.394731 lr=0.0001 windows=14057/106562
progress epoch=2 optimizer_steps=37878 raw_loss=1.872359 weighted_loss=1.021482 lr=0.0001 windows=14111/106562
progress epoch=2 optimizer_steps=37903 raw_loss=2.080055 weighted_loss=0.895148 lr=0.0001 windows=14150/106562
progress epoch=2 optimizer_steps=37929 raw_loss=1.884409 weighted_loss=1.430333 lr=0.0001 windows=14213/106562
progress epoch=2 optimizer_steps=37955 raw_loss=1.706917 weighted_loss=0.735523 lr=0.0001 windows=14257/106562
progress epoch=2 optimizer_steps=37975 raw_loss=2.014471 weighted_loss=1.094672 lr=0.0001 windows=14299/106562
progress epoch=2 optimizer_steps=38018 raw_loss=1.893908 weighted_loss=0.628730 lr=0.0001 windows=14352/106562
checkpoint optimizer_steps=38018 path=/home/yanzhou/cyh/cid-v17-retrain/runs/cid-v1-0.4b-v17-ncv4/stage-a/stage-a-latest.pt
progress epoch=2 optimizer_steps=38030 raw_loss=1.946550 weighted_loss=1.003410 lr=0.0001 windows=14388/106562
progress epoch=2 optimizer_steps=38050 raw_loss=1.746155 weighted_loss=1.106448 lr=0.0001 windows=14433/106562
progress epoch=2 optimizer_steps=38075 raw_loss=2.123027 weighted_loss=1.342651 lr=0.0001 windows=14537/106562
progress epoch=2 optimizer_steps=38100 raw_loss=1.813718 weighted_loss=1.133401 lr=0.0001 windows=14592/106562
progress epoch=2 optimizer_steps=38125 raw_loss=2.158851 weighted_loss=2.040985 lr=0.0001 windows=14664/106562
progress epoch=2 optimizer_steps=38151 raw_loss=1.778079 weighted_loss=0.769600 lr=0.0001 windows=14714/106562
progress epoch=2 optimizer_steps=38175 raw_loss=1.952352 weighted_loss=1.165509 lr=0.0001 windows=14769/106562
progress epoch=2 optimizer_steps=38206 raw_loss=2.373771 weighted_loss=3.692255 lr=0.0001 windows=14868/106562
progress epoch=2 optimizer_steps=38225 raw_loss=1.890143 weighted_loss=1.172624 lr=0.0001 windows=14905/106562
progress epoch=2 optimizer_steps=38250 raw_loss=2.120642 weighted_loss=1.056623 lr=0.0001 windows=14969/106562
progress epoch=2 optimizer_steps=38277 raw_loss=2.193535 weighted_loss=1.455000 lr=0.0001 windows=15039/106562
progress epoch=2 optimizer_steps=38300 raw_loss=2.071293 weighted_loss=0.886085 lr=0.0001 windows=15084/106562
progress epoch=2 optimizer_steps=38330 raw_loss=1.927828 weighted_loss=1.016551 lr=0.0001 windows=15133/106562
progress epoch=2 optimizer_steps=38352 raw_loss=1.574089 weighted_loss=1.056950 lr=0.0001 windows=15184/106562
progress epoch=2 optimizer_steps=38376 raw_loss=1.818821 weighted_loss=1.944272 lr=0.0001 windows=15262/106562
progress epoch=2 optimizer_steps=38402 raw_loss=1.968669 weighted_loss=2.561676 lr=0.0001 windows=15349/106562
progress epoch=2 optimizer_steps=38426 raw_loss=1.688527 weighted_loss=0.955108 lr=0.0001 windows=15390/106562
progress epoch=2 optimizer_steps=38451 raw_loss=1.912479 weighted_loss=1.289734 lr=0.0001 windows=15445/106562
progress epoch=2 optimizer_steps=38477 raw_loss=1.803146 weighted_loss=0.882130 lr=0.0001 windows=15518/106562
progress epoch=2 optimizer_steps=38500 raw_loss=1.952994 weighted_loss=2.138693 lr=0.0001 windows=15576/106562
progress epoch=2 optimizer_steps=38525 raw_loss=2.067242 weighted_loss=1.727128 lr=0.0001 windows=15639/106562
progress epoch=2 optimizer_steps=38550 raw_loss=1.908357 weighted_loss=0.821124 lr=0.0001 windows=15671/106562
progress epoch=2 optimizer_steps=38584 raw_loss=1.946535 weighted_loss=1.266756 lr=0.0001 windows=15737/106562
progress epoch=2 optimizer_steps=38604 raw_loss=1.929093 weighted_loss=1.097758 lr=0.0001 windows=15792/106562
progress epoch=2 optimizer_steps=38632 raw_loss=2.036226 weighted_loss=1.015568 lr=0.0001 windows=15841/106562
progress epoch=2 optimizer_steps=38654 raw_loss=2.059886 weighted_loss=0.784090 lr=0.0001 windows=15869/106562
progress epoch=2 optimizer_steps=38678 raw_loss=1.996598 weighted_loss=0.631309 lr=0.0001 windows=15908/106562
progress epoch=2 optimizer_steps=38700 raw_loss=1.862568 weighted_loss=0.982217 lr=0.0001 windows=15956/106562
progress epoch=2 optimizer_steps=38740 raw_loss=1.991266 weighted_loss=0.812750 lr=0.0001 windows=16033/106562
progress epoch=2 optimizer_steps=38752 raw_loss=2.344422 weighted_loss=1.361816 lr=0.0001 windows=16081/106562
progress epoch=2 optimizer_steps=38775 raw_loss=1.933177 weighted_loss=1.402620 lr=0.0001 windows=16142/106562
progress epoch=2 optimizer_steps=38804 raw_loss=1.773802 weighted_loss=0.856086 lr=0.0001 windows=16194/106562
progress epoch=2 optimizer_steps=38827 raw_loss=1.720418 weighted_loss=1.520067 lr=0.0001 windows=16245/106562
progress epoch=2 optimizer_steps=38862 raw_loss=1.970020 weighted_loss=1.158776 lr=0.0001 windows=16311/106562
progress epoch=2 optimizer_steps=38892 raw_loss=2.116219 weighted_loss=1.201458 lr=0.0001 windows=16366/106562
progress epoch=2 optimizer_steps=38900 raw_loss=1.348873 weighted_loss=2.273310 lr=0.0001 windows=16395/106562
progress epoch=2 optimizer_steps=38930 raw_loss=1.935439 weighted_loss=1.338945 lr=0.0001 windows=16469/106562
progress epoch=2 optimizer_steps=38951 raw_loss=2.000767 weighted_loss=0.677313 lr=0.0001 windows=16508/106562
progress epoch=2 optimizer_steps=38976 raw_loss=1.800964 weighted_loss=1.783043 lr=0.0001 windows=16573/106562
progress epoch=2 optimizer_steps=39003 raw_loss=2.040917 weighted_loss=0.742462 lr=0.0001 windows=16616/106562
checkpoint optimizer_steps=39003 path=/home/yanzhou/cyh/cid-v17-retrain/runs/cid-v1-0.4b-v17-ncv4/stage-a/stage-a-latest.pt
progress epoch=2 optimizer_steps=39025 raw_loss=1.833727 weighted_loss=1.285752 lr=0.0001 windows=16667/106562
progress epoch=2 optimizer_steps=39054 raw_loss=1.950114 weighted_loss=1.198648 lr=0.0001 windows=16740/106562
progress epoch=2 optimizer_steps=39076 raw_loss=1.707512 weighted_loss=1.772145 lr=0.0001 windows=16789/106562
progress epoch=2 optimizer_steps=39108 raw_loss=1.658761 weighted_loss=1.165704 lr=0.0001 windows=16850/106562
progress epoch=2 optimizer_steps=39129 raw_loss=2.399241 weighted_loss=1.312454 lr=0.0001 windows=16898/106562
progress epoch=2 optimizer_steps=39150 raw_loss=1.770196 weighted_loss=1.141417 lr=0.0001 windows=16970/106562
progress epoch=2 optimizer_steps=39176 raw_loss=2.272528 weighted_loss=1.545667 lr=0.0001 windows=17044/106562
progress epoch=2 optimizer_steps=39207 raw_loss=1.561018 weighted_loss=0.935016 lr=0.0001 windows=17105/106562
progress epoch=2 optimizer_steps=39225 raw_loss=1.979492 weighted_loss=1.671694 lr=0.0001 windows=17156/106562
progress epoch=2 optimizer_steps=39250 raw_loss=1.886498 weighted_loss=1.697015 lr=0.0001 windows=17222/106562
progress epoch=2 optimizer_steps=39278 raw_loss=2.112179 weighted_loss=2.767033 lr=0.0001 windows=17318/106562
progress epoch=2 optimizer_steps=39301 raw_loss=1.827990 weighted_loss=0.921857 lr=0.0001 windows=17379/106562
progress epoch=2 optimizer_steps=39325 raw_loss=2.532262 weighted_loss=2.477356 lr=0.0001 windows=17443/106562
progress epoch=2 optimizer_steps=39350 raw_loss=2.053378 weighted_loss=2.544439 lr=0.0001 windows=17504/106562
progress epoch=2 optimizer_steps=39391 raw_loss=1.871404 weighted_loss=1.002859 lr=0.0001 windows=17565/106562
progress epoch=2 optimizer_steps=39408 raw_loss=2.295710 weighted_loss=1.095121 lr=0.0001 windows=17612/106562
progress epoch=2 optimizer_steps=39432 raw_loss=2.768791 weighted_loss=2.320235 lr=0.0001 windows=17695/106562
progress epoch=2 optimizer_steps=39468 raw_loss=1.937527 weighted_loss=0.748795 lr=0.0001 windows=17745/106562
progress epoch=2 optimizer_steps=39475 raw_loss=2.108450 weighted_loss=2.966965 lr=0.0001 windows=17769/106562
progress epoch=2 optimizer_steps=39500 raw_loss=2.070863 weighted_loss=2.409871 lr=0.0001 windows=17846/106562
progress epoch=2 optimizer_steps=39527 raw_loss=1.703067 weighted_loss=0.657685 lr=0.0001 windows=17892/106562
progress epoch=2 optimizer_steps=39557 raw_loss=1.863154 weighted_loss=1.036977 lr=0.0001 windows=17969/106562
progress epoch=2 optimizer_steps=39575 raw_loss=1.862854 weighted_loss=0.999795 lr=0.0001 windows=18023/106562
progress epoch=2 optimizer_steps=39601 raw_loss=1.996465 weighted_loss=1.769402 lr=0.0001 windows=18086/106562
progress epoch=2 optimizer_steps=39625 raw_loss=1.859208 weighted_loss=0.816006 lr=0.0001 windows=18128/106562
progress epoch=2 optimizer_steps=39662 raw_loss=2.187657 weighted_loss=1.276487 lr=0.0001 windows=18207/106562
progress epoch=2 optimizer_steps=39676 raw_loss=2.677261 weighted_loss=1.686478 lr=0.0001 windows=18257/106562
progress epoch=2 optimizer_steps=39707 raw_loss=2.003475 weighted_loss=0.993090 lr=0.0001 windows=18317/106562
progress epoch=2 optimizer_steps=39725 raw_loss=2.261859 weighted_loss=1.732208 lr=0.0001 windows=18367/106562
progress epoch=2 optimizer_steps=39751 raw_loss=2.163109 weighted_loss=1.911786 lr=0.0001 windows=18445/106562
progress epoch=2 optimizer_steps=39789 raw_loss=1.946498 weighted_loss=1.191927 lr=0.0001 windows=18517/106562
progress epoch=2 optimizer_steps=39804 raw_loss=2.376123 weighted_loss=1.083826 lr=0.0001 windows=18565/106562
progress epoch=2 optimizer_steps=39829 raw_loss=1.951047 weighted_loss=1.301147 lr=0.0001 windows=18612/106562
progress epoch=2 optimizer_steps=39852 raw_loss=2.046004 weighted_loss=1.423595 lr=0.0001 windows=18678/106562
progress epoch=2 optimizer_steps=39878 raw_loss=2.092843 weighted_loss=1.336283 lr=0.0001 windows=18722/106562
progress epoch=2 optimizer_steps=39901 raw_loss=1.951157 weighted_loss=4.734043 lr=0.0001 windows=18777/106562
progress epoch=2 optimizer_steps=39929 raw_loss=2.013392 weighted_loss=1.362498 lr=0.0001 windows=18825/106562
progress epoch=2 optimizer_steps=39961 raw_loss=1.753765 weighted_loss=0.799587 lr=0.0001 windows=18876/106562
progress epoch=2 optimizer_steps=39981 raw_loss=2.218679 weighted_loss=1.381189 lr=0.0001 windows=18924/106562
progress epoch=2 optimizer_steps=40008 raw_loss=2.056005 weighted_loss=0.695371 lr=0.0001 windows=18957/106562
checkpoint optimizer_steps=40008 path=/home/yanzhou/cyh/cid-v17-retrain/runs/cid-v1-0.4b-v17-ncv4/stage-a/stage-a-latest.pt
progress epoch=2 optimizer_steps=40041 raw_loss=1.989792 weighted_loss=0.782699 lr=0.0001 windows=19003/106562
progress epoch=2 optimizer_steps=40050 raw_loss=1.695661 weighted_loss=2.636650 lr=0.0001 windows=19034/106562
progress epoch=2 optimizer_steps=40077 raw_loss=1.934537 weighted_loss=1.931116 lr=0.0001 windows=19117/106562
progress epoch=2 optimizer_steps=40102 raw_loss=1.735717 weighted_loss=1.301612 lr=0.0001 windows=19183/106562
progress epoch=2 optimizer_steps=40128 raw_loss=2.379990 weighted_loss=1.007773 lr=0.0001 windows=19256/106562
progress epoch=2 optimizer_steps=40154 raw_loss=1.716616 weighted_loss=1.355435 lr=0.0001 windows=19315/106562
progress epoch=2 optimizer_steps=40177 raw_loss=1.988431 weighted_loss=1.235235 lr=0.0001 windows=19378/106562
progress epoch=2 optimizer_steps=40202 raw_loss=2.227937 weighted_loss=2.520725 lr=0.0001 windows=19441/106562
progress epoch=2 optimizer_steps=40229 raw_loss=2.255646 weighted_loss=1.592277 lr=0.0001 windows=19489/106562
progress epoch=2 optimizer_steps=40254 raw_loss=2.402938 weighted_loss=1.539894 lr=0.0001 windows=19568/106562
progress epoch=2 optimizer_steps=40275 raw_loss=2.281649 weighted_loss=1.368947 lr=0.0001 windows=19630/106562
progress epoch=2 optimizer_steps=40310 raw_loss=2.119807 weighted_loss=1.399620 lr=0.0001 windows=19709/106562
progress epoch=2 optimizer_steps=40328 raw_loss=1.701628 weighted_loss=1.844013 lr=0.0001 windows=19756/106562
progress epoch=2 optimizer_steps=40353 raw_loss=2.073058 weighted_loss=2.665307 lr=0.0001 windows=19826/106562
progress epoch=2 optimizer_steps=40379 raw_loss=1.925073 weighted_loss=2.356926 lr=0.0001 windows=19913/106562
progress epoch=2 optimizer_steps=40400 raw_loss=1.464575 weighted_loss=0.715881 lr=0.0001 windows=19947/106562
progress epoch=2 optimizer_steps=40435 raw_loss=1.947186 weighted_loss=0.928029 lr=0.0001 windows=20030/106562
progress epoch=2 optimizer_steps=40450 raw_loss=2.473410 weighted_loss=3.171227 lr=0.0001 windows=20078/106562
progress epoch=2 optimizer_steps=40487 raw_loss=1.783051 weighted_loss=1.073416 lr=0.0001 windows=20141/106562
progress epoch=2 optimizer_steps=40501 raw_loss=2.118444 weighted_loss=1.405970 lr=0.0001 windows=20187/106562
progress epoch=2 optimizer_steps=40529 raw_loss=2.154314 weighted_loss=1.246019 lr=0.0001 windows=20275/106562
progress epoch=2 optimizer_steps=40570 raw_loss=1.881728 weighted_loss=0.935059 lr=0.0001 windows=20366/106562
progress epoch=2 optimizer_steps=40575 raw_loss=2.521380 weighted_loss=4.089915 lr=0.0001 windows=20386/106562
progress epoch=2 optimizer_steps=40600 raw_loss=2.085855 weighted_loss=3.173955 lr=0.0001 windows=20458/106562
progress epoch=2 optimizer_steps=40628 raw_loss=1.905568 weighted_loss=1.391736 lr=0.0001 windows=20523/106562
progress epoch=2 optimizer_steps=40659 raw_loss=2.129513 weighted_loss=0.843298 lr=0.0001 windows=20569/106562
progress epoch=2 optimizer_steps=40675 raw_loss=1.971758 weighted_loss=1.893857 lr=0.0001 windows=20605/106562
progress epoch=2 optimizer_steps=40700 raw_loss=2.025305 weighted_loss=0.931460 lr=0.0001 windows=20658/106562
progress epoch=2 optimizer_steps=40728 raw_loss=1.873515 weighted_loss=1.018045 lr=0.0001 windows=20715/106562
progress epoch=2 optimizer_steps=40754 raw_loss=2.206488 weighted_loss=1.794238 lr=0.0001 windows=20788/106562
progress epoch=2 optimizer_steps=40776 raw_loss=1.593855 weighted_loss=1.059777 lr=0.0001 windows=20837/106562
progress epoch=2 optimizer_steps=40813 raw_loss=2.101796 weighted_loss=0.822714 lr=0.0001 windows=20905/106562
progress epoch=2 optimizer_steps=40827 raw_loss=1.977820 weighted_loss=2.183554 lr=0.0001 windows=20952/106562
progress epoch=2 optimizer_steps=40857 raw_loss=2.014511 weighted_loss=2.045409 lr=0.0001 windows=21037/106562
progress epoch=2 optimizer_steps=40879 raw_loss=1.936897 weighted_loss=1.510495 lr=0.0001 windows=21102/106562
progress epoch=2 optimizer_steps=40901 raw_loss=2.034928 weighted_loss=1.782461 lr=0.0001 windows=21150/106562
progress epoch=2 optimizer_steps=40941 raw_loss=1.987718 weighted_loss=0.838922 lr=0.0001 windows=21220/106562
progress epoch=2 optimizer_steps=40955 raw_loss=1.815588 weighted_loss=1.786262 lr=0.0001 windows=21271/106562
progress epoch=2 optimizer_steps=40979 raw_loss=1.658663 weighted_loss=1.372617 lr=0.0001 windows=21316/106562
progress epoch=2 optimizer_steps=41001 raw_loss=1.631591 weighted_loss=1.164509 lr=0.0001 windows=21360/106562
checkpoint optimizer_steps=41001 path=/home/yanzhou/cyh/cid-v17-retrain/runs/cid-v1-0.4b-v17-ncv4/stage-a/stage-a-latest.pt
progress epoch=2 optimizer_steps=41028 raw_loss=1.971015 weighted_loss=1.670864 lr=0.0001 windows=21435/106562
progress epoch=2 optimizer_steps=41051 raw_loss=2.163298 weighted_loss=2.206193 lr=0.0001 windows=21499/106562
progress epoch=2 optimizer_steps=41077 raw_loss=1.803873 weighted_loss=1.402332 lr=0.0001 windows=21574/106562
progress epoch=2 optimizer_steps=41100 raw_loss=1.645301 weighted_loss=0.962052 lr=0.0001 windows=21614/106562
progress epoch=2 optimizer_steps=41128 raw_loss=2.001289 weighted_loss=1.535060 lr=0.0001 windows=21698/106562
progress epoch=2 optimizer_steps=41153 raw_loss=1.925953 weighted_loss=0.833345 lr=0.0001 windows=21745/106562
progress epoch=2 optimizer_steps=41175 raw_loss=2.001826 weighted_loss=0.784302 lr=0.0001 windows=21778/106562
progress epoch=2 optimizer_steps=41205 raw_loss=2.022135 weighted_loss=1.085812 lr=0.0001 windows=21840/106562
progress epoch=2 optimizer_steps=41225 raw_loss=2.128493 weighted_loss=5.703002 lr=0.0001 windows=21918/106562
progress epoch=2 optimizer_steps=41251 raw_loss=1.622443 weighted_loss=0.869891 lr=0.0001 windows=22006/106562
progress epoch=2 optimizer_steps=41283 raw_loss=2.064447 weighted_loss=0.867137 lr=0.0001 windows=22055/106562
progress epoch=2 optimizer_steps=41302 raw_loss=1.813796 weighted_loss=1.787883 lr=0.0001 windows=22099/106562
progress epoch=2 optimizer_steps=41325 raw_loss=1.980970 weighted_loss=0.883665 lr=0.0001 windows=22130/106562
progress epoch=2 optimizer_steps=41351 raw_loss=2.043692 weighted_loss=0.790051 lr=0.0001 windows=22178/106562
progress epoch=2 optimizer_steps=41390 raw_loss=1.942371 weighted_loss=1.544910 lr=0.0001 windows=22265/106562
progress epoch=2 optimizer_steps=41408 raw_loss=1.683353 weighted_loss=1.233464 lr=0.0001 windows=22306/106562
progress epoch=2 optimizer_steps=41426 raw_loss=2.137148 weighted_loss=2.946001 lr=0.0001 windows=22354/106562
progress epoch=2 optimizer_steps=41450 raw_loss=2.047106 weighted_loss=0.826649 lr=0.0001 windows=22393/106562
progress epoch=2 optimizer_steps=41478 raw_loss=1.891759 weighted_loss=0.788183 lr=0.0001 windows=22451/106562
progress epoch=2 optimizer_steps=41500 raw_loss=2.274819 weighted_loss=0.912921 lr=0.0001 windows=22500/106562
progress epoch=2 optimizer_steps=41525 raw_loss=1.896261 weighted_loss=1.069145 lr=0.0001 windows=22576/106562
progress epoch=2 optimizer_steps=41557 raw_loss=1.817039 weighted_loss=2.267176 lr=0.0001 windows=22652/106562
progress epoch=2 optimizer_steps=41576 raw_loss=2.214555 weighted_loss=1.082317 lr=0.0001 windows=22718/106562
progress epoch=2 optimizer_steps=41604 raw_loss=2.067331 weighted_loss=1.970055 lr=0.0001 windows=22805/106562
progress epoch=2 optimizer_steps=41625 raw_loss=1.645564 weighted_loss=0.959526 lr=0.0001 windows=22857/106562
progress epoch=2 optimizer_steps=41655 raw_loss=1.589211 weighted_loss=0.863374 lr=0.0001 windows=22917/106562
progress epoch=2 optimizer_steps=41676 raw_loss=1.862339 weighted_loss=2.666333 lr=0.0001 windows=22994/106562
progress epoch=2 optimizer_steps=41702 raw_loss=2.309222 weighted_loss=1.702567 lr=0.0001 windows=23077/106562
progress epoch=2 optimizer_steps=41730 raw_loss=1.904870 weighted_loss=1.004839 lr=0.0001 windows=23148/106562
progress epoch=2 optimizer_steps=41757 raw_loss=1.806597 weighted_loss=0.850503 lr=0.0001 windows=23210/106562
progress epoch=2 optimizer_steps=41787 raw_loss=1.732019 weighted_loss=0.652135 lr=0.0001 windows=23244/106562
progress epoch=2 optimizer_steps=41801 raw_loss=1.770637 weighted_loss=0.968956 lr=0.0001 windows=23268/106562
progress epoch=2 optimizer_steps=41842 raw_loss=1.893090 weighted_loss=0.733502 lr=0.0001 windows=23343/106562
progress epoch=2 optimizer_steps=41854 raw_loss=2.007223 weighted_loss=1.267413 lr=0.0001 windows=23367/106562
progress epoch=2 optimizer_steps=41877 raw_loss=2.323808 weighted_loss=1.956353 lr=0.0001 windows=23446/106562
progress epoch=2 optimizer_steps=41903 raw_loss=2.044890 weighted_loss=1.447376 lr=0.0001 windows=23508/106562
progress epoch=2 optimizer_steps=41929 raw_loss=2.025565 weighted_loss=0.869819 lr=0.0001 windows=23550/106562
progress epoch=2 optimizer_steps=41950 raw_loss=1.910899 weighted_loss=1.573986 lr=0.0001 windows=23595/106562
progress epoch=2 optimizer_steps=41979 raw_loss=1.941813 weighted_loss=2.176480 lr=0.0001 windows=23674/106562
progress epoch=2 optimizer_steps=42011 raw_loss=2.033710 weighted_loss=1.223116 lr=0.0001 windows=23722/106562
checkpoint optimizer_steps=42011 path=/home/yanzhou/cyh/cid-v17-retrain/runs/cid-v1-0.4b-v17-ncv4/stage-a/stage-a-latest.pt
progress epoch=2 optimizer_steps=42027 raw_loss=1.667327 weighted_loss=1.643902 lr=0.0001 windows=23768/106562
progress epoch=2 optimizer_steps=42054 raw_loss=2.782318 weighted_loss=10.917826 lr=0.0001 windows=23866/106562
progress epoch=2 optimizer_steps=42089 raw_loss=2.112801 weighted_loss=0.949494 lr=0.0001 windows=23931/106562
progress epoch=2 optimizer_steps=42102 raw_loss=1.957392 weighted_loss=2.327669 lr=0.0001 windows=23971/106562
progress epoch=2 optimizer_steps=42126 raw_loss=1.860916 weighted_loss=0.961328 lr=0.0001 windows=24019/106562
progress epoch=2 optimizer_steps=42150 raw_loss=2.273478 weighted_loss=1.307642 lr=0.0001 windows=24067/106562
progress epoch=2 optimizer_steps=42176 raw_loss=2.259728 weighted_loss=1.616654 lr=0.0001 windows=24158/106562
progress epoch=2 optimizer_steps=42210 raw_loss=1.868528 weighted_loss=1.176124 lr=0.0001 windows=24239/106562
progress epoch=2 optimizer_steps=42236 raw_loss=2.120529 weighted_loss=0.890212 lr=0.0001 windows=24316/106562
progress epoch=2 optimizer_steps=42269 raw_loss=1.875018 weighted_loss=0.918474 lr=0.0001 windows=24368/106562
progress epoch=2 optimizer_steps=42276 raw_loss=2.765622 weighted_loss=5.802029 lr=0.0001 windows=24418/106562
progress epoch=2 optimizer_steps=42302 raw_loss=1.737277 weighted_loss=0.923484 lr=0.0001 windows=24474/106562
progress epoch=2 optimizer_steps=42329 raw_loss=2.180035 weighted_loss=2.337683 lr=0.0001 windows=24575/106562
progress epoch=2 optimizer_steps=42358 raw_loss=1.693762 weighted_loss=0.854295 lr=0.0001 windows=24629/106562
progress epoch=2 optimizer_steps=42381 raw_loss=1.984257 weighted_loss=0.966060 lr=0.0001 windows=24682/106562
progress epoch=2 optimizer_steps=42409 raw_loss=2.170739 weighted_loss=0.970755 lr=0.0001 windows=24731/106562
progress epoch=2 optimizer_steps=42433 raw_loss=1.947221 weighted_loss=1.858537 lr=0.0001 windows=24783/106562
progress epoch=2 optimizer_steps=42452 raw_loss=2.357852 weighted_loss=3.097581 lr=0.0001 windows=24860/106562
progress epoch=2 optimizer_steps=42476 raw_loss=1.613989 weighted_loss=1.124239 lr=0.0001 windows=24913/106562
progress epoch=2 optimizer_steps=42506 raw_loss=2.238095 weighted_loss=1.421257 lr=0.0001 windows=24961/106562
progress epoch=2 optimizer_steps=42532 raw_loss=1.998402 weighted_loss=0.915507 lr=0.0001 windows=25015/106562
progress epoch=2 optimizer_steps=42553 raw_loss=1.815712 weighted_loss=0.940890 lr=0.0001 windows=25062/106562
progress epoch=2 optimizer_steps=42575 raw_loss=2.236295 weighted_loss=0.976479 lr=0.0001 windows=25110/106562
progress epoch=2 optimizer_steps=42600 raw_loss=2.069405 weighted_loss=1.010310 lr=0.0001 windows=25196/106562
progress epoch=2 optimizer_steps=42627 raw_loss=2.146394 weighted_loss=1.605132 lr=0.0001 windows=25267/106562
progress epoch=2 optimizer_steps=42651 raw_loss=2.045941 weighted_loss=1.013549 lr=0.0001 windows=25330/106562
progress epoch=2 optimizer_steps=42680 raw_loss=1.985525 weighted_loss=0.995637 lr=0.0001 windows=25401/106562
progress epoch=2 optimizer_steps=42704 raw_loss=2.052993 weighted_loss=1.010509 lr=0.0001 windows=25470/106562
progress epoch=2 optimizer_steps=42725 raw_loss=2.257103 weighted_loss=2.501808 lr=0.0001 windows=25548/106562
progress epoch=2 optimizer_steps=42760 raw_loss=2.000201 weighted_loss=1.186434 lr=0.0001 windows=25626/106562
progress epoch=2 optimizer_steps=42776 raw_loss=1.755376 weighted_loss=1.686778 lr=0.0001 windows=25660/106562
progress epoch=2 optimizer_steps=42806 raw_loss=1.728133 weighted_loss=0.666017 lr=0.0001 windows=25702/106562
progress epoch=2 optimizer_steps=42825 raw_loss=2.233652 weighted_loss=2.730154 lr=0.0001 windows=25801/106562
progress epoch=2 optimizer_steps=42858 raw_loss=2.099066 weighted_loss=2.467374 lr=0.0001 windows=25914/106562
progress epoch=2 optimizer_steps=42877 raw_loss=2.120627 weighted_loss=3.051164 lr=0.0001 windows=25984/106562
progress epoch=2 optimizer_steps=42909 raw_loss=1.880238 weighted_loss=1.301357 lr=0.0001 windows=26049/106562
progress epoch=2 optimizer_steps=42925 raw_loss=2.224798 weighted_loss=2.381251 lr=0.0001 windows=26101/106562
progress epoch=2 optimizer_steps=42963 raw_loss=2.037992 weighted_loss=1.104634 lr=0.0001 windows=26183/106562
progress epoch=2 optimizer_steps=42982 raw_loss=2.136568 weighted_loss=0.867365 lr=0.0001 windows=26218/106562
progress epoch=2 optimizer_steps=43006 raw_loss=1.977679 weighted_loss=0.628119 lr=0.0001 windows=26244/106562
checkpoint optimizer_steps=43006 path=/home/yanzhou/cyh/cid-v17-retrain/runs/cid-v1-0.4b-v17-ncv4/stage-a/stage-a-latest.pt
progress epoch=2 optimizer_steps=43031 raw_loss=1.804459 weighted_loss=1.079135 lr=0.0001 windows=26321/106562
progress epoch=2 optimizer_steps=43054 raw_loss=2.017997 weighted_loss=1.141527 lr=0.0001 windows=26372/106562
progress epoch=2 optimizer_steps=43081 raw_loss=2.067368 weighted_loss=1.585222 lr=0.0001 windows=26420/106562
progress epoch=2 optimizer_steps=43100 raw_loss=2.202486 weighted_loss=2.340911 lr=0.0001 windows=26469/106562
progress epoch=2 optimizer_steps=43125 raw_loss=2.053372 weighted_loss=1.531831 lr=0.0001 windows=26543/106562
progress epoch=2 optimizer_steps=43151 raw_loss=2.105587 weighted_loss=1.573487 lr=0.0001 windows=26636/106562
progress epoch=2 optimizer_steps=43179 raw_loss=1.840710 weighted_loss=1.431971 lr=0.0001 windows=26704/106562
progress epoch=2 optimizer_steps=43203 raw_loss=2.037415 weighted_loss=1.117612 lr=0.0001 windows=26764/106562
progress epoch=2 optimizer_steps=43231 raw_loss=2.084617 weighted_loss=1.245553 lr=0.0001 windows=26842/106562
progress epoch=2 optimizer_steps=43258 raw_loss=1.828088 weighted_loss=0.728274 lr=0.0001 windows=26890/106562
progress epoch=2 optimizer_steps=43278 raw_loss=1.989200 weighted_loss=1.375787 lr=0.0001 windows=26961/106562
progress epoch=2 optimizer_steps=43300 raw_loss=2.177758 weighted_loss=2.809272 lr=0.0001 windows=27035/106562
progress epoch=2 optimizer_steps=43330 raw_loss=1.610059 weighted_loss=0.860084 lr=0.0001 windows=27096/106562
progress epoch=2 optimizer_steps=43356 raw_loss=2.238326 weighted_loss=3.708426 lr=0.0001 windows=27146/106562
progress epoch=2 optimizer_steps=43381 raw_loss=2.082936 weighted_loss=1.201703 lr=0.0001 windows=27210/106562
progress epoch=2 optimizer_steps=43404 raw_loss=2.190710 weighted_loss=1.335569 lr=0.0001 windows=27268/106562
progress epoch=2 optimizer_steps=43430 raw_loss=2.382273 weighted_loss=1.736552 lr=0.0001 windows=27353/106562
progress epoch=2 optimizer_steps=43457 raw_loss=1.857594 weighted_loss=1.201850 lr=0.0001 windows=27412/106562
progress epoch=2 optimizer_steps=43481 raw_loss=2.146718 weighted_loss=3.027102 lr=0.0001 windows=27484/106562
progress epoch=2 optimizer_steps=43509 raw_loss=2.262040 weighted_loss=1.573630 lr=0.0001 windows=27574/106562
progress epoch=2 optimizer_steps=43528 raw_loss=2.134025 weighted_loss=2.354625 lr=0.0001 windows=27651/106562
progress epoch=2 optimizer_steps=43557 raw_loss=2.037600 weighted_loss=1.361085 lr=0.0001 windows=27729/106562
progress epoch=2 optimizer_steps=43582 raw_loss=2.358872 weighted_loss=1.808314 lr=0.0001 windows=27820/106562
progress epoch=2 optimizer_steps=43607 raw_loss=2.056322 weighted_loss=0.803069 lr=0.0001 windows=27875/106562
progress epoch=2 optimizer_steps=43640 raw_loss=1.896626 weighted_loss=0.929631 lr=0.0001 windows=27932/106562
progress epoch=2 optimizer_steps=43657 raw_loss=2.218297 weighted_loss=1.558584 lr=0.0001 windows=27973/106562
progress epoch=2 optimizer_steps=43677 raw_loss=1.790927 weighted_loss=0.681749 lr=0.0001 windows=28011/106562
progress epoch=2 optimizer_steps=43700 raw_loss=2.043020 weighted_loss=0.826109 lr=0.0001 windows=28040/106562
progress epoch=2 optimizer_steps=43725 raw_loss=1.757191 weighted_loss=0.711802 lr=0.0001 windows=28080/106562
progress epoch=2 optimizer_steps=43765 raw_loss=1.966135 weighted_loss=1.182202 lr=0.0001 windows=28174/106562
progress epoch=2 optimizer_steps=43776 raw_loss=1.736877 weighted_loss=0.991807 lr=0.0001 windows=28198/106562
progress epoch=2 optimizer_steps=43802 raw_loss=2.010102 weighted_loss=1.936593 lr=0.0001 windows=28301/106562
progress epoch=2 optimizer_steps=43833 raw_loss=1.725605 weighted_loss=1.025882 lr=0.0001 windows=28383/106562
progress epoch=2 optimizer_steps=43862 raw_loss=2.064788 weighted_loss=1.360587 lr=0.0001 windows=28455/106562
progress epoch=2 optimizer_steps=43880 raw_loss=1.980461 weighted_loss=1.940233 lr=0.0001 windows=28504/106562
progress epoch=2 optimizer_steps=43904 raw_loss=2.296474 weighted_loss=2.669059 lr=0.0001 windows=28613/106562
progress epoch=2 optimizer_steps=43928 raw_loss=2.474059 weighted_loss=2.173731 lr=0.0001 windows=28705/106562
progress epoch=2 optimizer_steps=43955 raw_loss=1.965802 weighted_loss=1.672542 lr=0.0001 windows=28770/106562
progress epoch=2 optimizer_steps=43979 raw_loss=2.169757 weighted_loss=1.118919 lr=0.0001 windows=28818/106562
progress epoch=2 optimizer_steps=44004 raw_loss=1.823529 weighted_loss=2.548207 lr=0.0001 windows=28901/106562
checkpoint optimizer_steps=44004 path=/home/yanzhou/cyh/cid-v17-retrain/runs/cid-v1-0.4b-v17-ncv4/stage-a/stage-a-latest.pt
progress epoch=2 optimizer_steps=44034 raw_loss=1.651805 weighted_loss=0.991580 lr=0.0001 windows=28973/106562
progress epoch=2 optimizer_steps=44052 raw_loss=2.105071 weighted_loss=1.265782 lr=0.0001 windows=29037/106562
progress epoch=2 optimizer_steps=44076 raw_loss=1.960588 weighted_loss=0.916149 lr=0.0001 windows=29072/106562
progress epoch=2 optimizer_steps=44108 raw_loss=2.002549 weighted_loss=1.064169 lr=0.0001 windows=29142/106562
progress epoch=2 optimizer_steps=44125 raw_loss=1.980686 weighted_loss=1.203236 lr=0.0001 windows=29190/106562
progress epoch=2 optimizer_steps=44158 raw_loss=1.934517 weighted_loss=1.005809 lr=0.0001 windows=29234/106562
progress epoch=2 optimizer_steps=44175 raw_loss=1.856968 weighted_loss=1.926976 lr=0.0001 windows=29271/106562
progress epoch=2 optimizer_steps=44207 raw_loss=1.973100 weighted_loss=1.205132 lr=0.0001 windows=29365/106562
progress epoch=2 optimizer_steps=44229 raw_loss=2.063582 weighted_loss=2.555006 lr=0.0001 windows=29445/106562
progress epoch=2 optimizer_steps=44256 raw_loss=2.253431 weighted_loss=1.449457 lr=0.0001 windows=29522/106562
progress epoch=2 optimizer_steps=44281 raw_loss=2.063490 weighted_loss=1.879117 lr=0.0001 windows=29611/106562
progress epoch=2 optimizer_steps=44304 raw_loss=1.987424 weighted_loss=1.526879 lr=0.0001 windows=29669/106562
progress epoch=2 optimizer_steps=44328 raw_loss=1.989166 weighted_loss=1.357525 lr=0.0001 windows=29767/106562
progress epoch=2 optimizer_steps=44353 raw_loss=2.204572 weighted_loss=3.465934 lr=0.0001 windows=29863/106562
progress epoch=2 optimizer_steps=44389 raw_loss=2.098428 weighted_loss=1.044861 lr=0.0001 windows=29949/106562
progress epoch=2 optimizer_steps=44400 raw_loss=2.429793 weighted_loss=1.361201 lr=0.0001 windows=29987/106562
progress epoch=2 optimizer_steps=44426 raw_loss=2.238379 weighted_loss=2.378322 lr=0.0001 windows=30075/106562
progress epoch=2 optimizer_steps=44459 raw_loss=2.117926 weighted_loss=2.122086 lr=0.0001 windows=30193/106562
progress epoch=2 optimizer_steps=44479 raw_loss=2.305441 weighted_loss=2.191887 lr=0.0001 windows=30265/106562
progress epoch=2 optimizer_steps=44505 raw_loss=2.030447 weighted_loss=1.678618 lr=0.0001 windows=30330/106562
progress epoch=2 optimizer_steps=44525 raw_loss=2.013324 weighted_loss=3.215800 lr=0.0001 windows=30389/106562
progress epoch=2 optimizer_steps=44550 raw_loss=2.203130 weighted_loss=1.519938 lr=0.0001 windows=30484/106562
progress epoch=2 optimizer_steps=44583 raw_loss=2.043798 weighted_loss=1.219492 lr=0.0001 windows=30560/106562
progress epoch=2 optimizer_steps=44604 raw_loss=1.987530 weighted_loss=2.991666 lr=0.0001 windows=30629/106562
progress epoch=2 optimizer_steps=44628 raw_loss=1.896578 weighted_loss=0.939586 lr=0.0001 windows=30686/106562
progress epoch=2 optimizer_steps=44655 raw_loss=2.434359 weighted_loss=3.857151 lr=0.0001 windows=30814/106562
progress epoch=2 optimizer_steps=44684 raw_loss=1.929954 weighted_loss=1.243116 lr=0.0001 windows=30887/106562
progress epoch=2 optimizer_steps=44708 raw_loss=1.921536 weighted_loss=2.309345 lr=0.0001 windows=30959/106562
progress epoch=2 optimizer_steps=44726 raw_loss=1.773457 weighted_loss=0.810669 lr=0.0001 windows=30991/106562
progress epoch=2 optimizer_steps=44750 raw_loss=2.043553 weighted_loss=0.717899 lr=0.0001 windows=31021/106562
progress epoch=2 optimizer_steps=44779 raw_loss=1.734979 weighted_loss=1.457527 lr=0.0001 windows=31095/106562
progress epoch=2 optimizer_steps=44810 raw_loss=1.673698 weighted_loss=1.253789 lr=0.0001 windows=31168/106562
progress epoch=2 optimizer_steps=44827 raw_loss=1.708377 weighted_loss=0.842985 lr=0.0001 windows=31202/106562
progress epoch=2 optimizer_steps=44860 raw_loss=1.799169 weighted_loss=1.055786 lr=0.0001 windows=31274/106562
progress epoch=2 optimizer_steps=44883 raw_loss=2.033118 weighted_loss=2.080406 lr=0.0001 windows=31332/106562
progress epoch=2 optimizer_steps=44907 raw_loss=2.208285 weighted_loss=2.146549 lr=0.0001 windows=31405/106562
progress epoch=2 optimizer_steps=44925 raw_loss=2.054914 weighted_loss=0.710225 lr=0.0001 windows=31429/106562
progress epoch=2 optimizer_steps=44950 raw_loss=2.229001 weighted_loss=1.996293 lr=0.0001 windows=31505/106562
progress epoch=2 optimizer_steps=44977 raw_loss=2.090023 weighted_loss=1.905154 lr=0.0001 windows=31611/106562
progress epoch=2 optimizer_steps=45002 raw_loss=2.114733 weighted_loss=3.534871 lr=0.0001 windows=31712/106562
checkpoint optimizer_steps=45002 path=/home/yanzhou/cyh/cid-v17-retrain/runs/cid-v1-0.4b-v17-ncv4/stage-a/stage-a-latest.pt
progress epoch=2 optimizer_steps=45028 raw_loss=2.086773 weighted_loss=2.222572 lr=0.0001 windows=31792/106562
progress epoch=2 optimizer_steps=45054 raw_loss=2.127455 weighted_loss=2.210301 lr=0.0001 windows=31878/106562
progress epoch=2 optimizer_steps=45075 raw_loss=1.972878 weighted_loss=2.370014 lr=0.0001 windows=31953/106562
progress epoch=2 optimizer_steps=45109 raw_loss=2.143210 weighted_loss=2.171170 lr=0.0001 windows=32074/106562
progress epoch=2 optimizer_steps=45126 raw_loss=1.518696 weighted_loss=1.573287 lr=0.0001 windows=32122/106562
progress epoch=2 optimizer_steps=45158 raw_loss=2.374258 weighted_loss=9.268591 lr=0.0001 windows=32207/106562
progress epoch=2 optimizer_steps=45176 raw_loss=1.922486 weighted_loss=1.109743 lr=0.0001 windows=32281/106562
progress epoch=2 optimizer_steps=45206 raw_loss=1.952452 weighted_loss=1.016107 lr=0.0001 windows=32353/106562
progress epoch=2 optimizer_steps=45229 raw_loss=1.648864 weighted_loss=0.803674 lr=0.0001 windows=32399/106562
progress epoch=2 optimizer_steps=45254 raw_loss=1.872027 weighted_loss=1.269370 lr=0.0001 windows=32445/106562
progress epoch=2 optimizer_steps=45276 raw_loss=2.141170 weighted_loss=3.056151 lr=0.0001 windows=32518/106562
progress epoch=2 optimizer_steps=45300 raw_loss=2.158165 weighted_loss=1.727332 lr=0.0001 windows=32614/106562
progress epoch=2 optimizer_steps=45327 raw_loss=2.321257 weighted_loss=3.202519 lr=0.0001 windows=32718/106562
progress epoch=2 optimizer_steps=45352 raw_loss=1.887193 weighted_loss=2.106648 lr=0.0001 windows=32792/106562
progress epoch=2 optimizer_steps=45380 raw_loss=1.848892 weighted_loss=0.920238 lr=0.0001 windows=32852/106562
progress epoch=2 optimizer_steps=45403 raw_loss=1.925030 weighted_loss=1.957959 lr=0.0001 windows=32931/106562
progress epoch=2 optimizer_steps=45425 raw_loss=2.153330 weighted_loss=1.854956 lr=0.0001 windows=33005/106562
progress epoch=2 optimizer_steps=45457 raw_loss=1.980838 weighted_loss=1.861595 lr=0.0001 windows=33098/106562
progress epoch=2 optimizer_steps=45489 raw_loss=2.276896 weighted_loss=1.759999 lr=0.0001 windows=33196/106562
progress epoch=2 optimizer_steps=45500 raw_loss=1.929809 weighted_loss=1.105400 lr=0.0001 windows=33221/106562
progress epoch=2 optimizer_steps=45544 raw_loss=1.786412 weighted_loss=1.147685 lr=0.0001 windows=33323/106562
progress epoch=2 optimizer_steps=45551 raw_loss=2.064564 weighted_loss=2.465026 lr=0.0001 windows=33347/106562
progress epoch=2 optimizer_steps=45584 raw_loss=2.028632 weighted_loss=1.639900 lr=0.0001 windows=33443/106562
progress epoch=2 optimizer_steps=45605 raw_loss=2.035228 weighted_loss=1.680924 lr=0.0001 windows=33519/106562
progress epoch=2 optimizer_steps=45626 raw_loss=2.096633 weighted_loss=2.612661 lr=0.0001 windows=33591/106562
progress epoch=2 optimizer_steps=45654 raw_loss=2.475357 weighted_loss=3.132423 lr=0.0001 windows=33704/106562
progress epoch=2 optimizer_steps=45679 raw_loss=1.827508 weighted_loss=1.669433 lr=0.0001 windows=33787/106562
progress epoch=2 optimizer_steps=45706 raw_loss=1.853988 weighted_loss=1.592189 lr=0.0001 windows=33872/106562
progress epoch=2 optimizer_steps=45725 raw_loss=2.097654 weighted_loss=2.785370 lr=0.0001 windows=33926/106562
progress epoch=2 optimizer_steps=45752 raw_loss=1.881367 weighted_loss=1.010540 lr=0.0001 windows=33992/106562
progress epoch=2 optimizer_steps=45775 raw_loss=2.189013 weighted_loss=2.402371 lr=0.0001 windows=34078/106562
progress epoch=2 optimizer_steps=45804 raw_loss=2.044763 weighted_loss=2.227364 lr=0.0001 windows=34173/106562
progress epoch=2 optimizer_steps=45826 raw_loss=2.457319 weighted_loss=3.453997 lr=0.0001 windows=34269/106562
progress epoch=2 optimizer_steps=45854 raw_loss=1.913025 weighted_loss=2.219716 lr=0.0001 windows=34356/106562
progress epoch=2 optimizer_steps=45877 raw_loss=1.804146 weighted_loss=1.225122 lr=0.0001 windows=34445/106562
progress epoch=2 optimizer_steps=45905 raw_loss=2.054073 weighted_loss=1.685051 lr=0.0001 windows=34529/106562
progress epoch=2 optimizer_steps=45935 raw_loss=1.813627 weighted_loss=1.466175 lr=0.0001 windows=34609/106562
progress epoch=2 optimizer_steps=45954 raw_loss=1.849378 weighted_loss=2.168076 lr=0.0001 windows=34657/106562
progress epoch=2 optimizer_steps=45981 raw_loss=2.376023 weighted_loss=2.761804 lr=0.0001 windows=34752/106562
progress epoch=2 optimizer_steps=46000 raw_loss=1.815219 weighted_loss=0.950597 lr=0.0001 windows=34800/106562
checkpoint optimizer_steps=46000 path=/home/yanzhou/cyh/cid-v17-retrain/runs/cid-v1-0.4b-v17-ncv4/stage-a/stage-a-latest.pt
progress epoch=2 optimizer_steps=46025 raw_loss=1.785606 weighted_loss=1.454930 lr=0.0001 windows=34874/106562
progress epoch=2 optimizer_steps=46051 raw_loss=2.072752 weighted_loss=1.173663 lr=0.0001 windows=34946/106562
progress epoch=2 optimizer_steps=46081 raw_loss=2.114937 weighted_loss=2.437335 lr=0.0001 windows=35043/106562
progress epoch=2 optimizer_steps=46101 raw_loss=1.936422 weighted_loss=1.111549 lr=0.0001 windows=35090/106562
progress epoch=2 optimizer_steps=46131 raw_loss=2.231232 weighted_loss=1.559952 lr=0.0001 windows=35187/106562
progress epoch=2 optimizer_steps=46155 raw_loss=2.033411 weighted_loss=1.716781 lr=0.0001 windows=35254/106562
progress epoch=2 optimizer_steps=46180 raw_loss=1.855472 weighted_loss=1.413894 lr=0.0001 windows=35321/106562
progress epoch=2 optimizer_steps=46211 raw_loss=1.942518 weighted_loss=0.772821 lr=0.0001 windows=35374/106562
progress epoch=2 optimizer_steps=46225 raw_loss=1.981658 weighted_loss=1.487190 lr=0.0001 windows=35428/106562
progress epoch=2 optimizer_steps=46250 raw_loss=2.257219 weighted_loss=1.971906 lr=0.0001 windows=35525/106562
progress epoch=2 optimizer_steps=46280 raw_loss=2.007255 weighted_loss=1.895393 lr=0.0001 windows=35614/106562
progress epoch=2 optimizer_steps=46314 raw_loss=2.164879 weighted_loss=0.938488 lr=0.0001 windows=35688/106562
progress epoch=2 optimizer_steps=46327 raw_loss=2.070460 weighted_loss=0.916282 lr=0.0001 windows=35737/106562
progress epoch=2 optimizer_steps=46352 raw_loss=1.972016 weighted_loss=1.817530 lr=0.0001 windows=35823/106562
progress epoch=2 optimizer_steps=46377 raw_loss=2.005477 weighted_loss=2.192868 lr=0.0001 windows=35900/106562
progress epoch=2 optimizer_steps=46405 raw_loss=1.892224 weighted_loss=0.999623 lr=0.0001 windows=35963/106562
progress epoch=2 optimizer_steps=46432 raw_loss=1.937551 weighted_loss=1.433686 lr=0.0001 windows=36025/106562
progress epoch=2 optimizer_steps=46454 raw_loss=2.129251 weighted_loss=2.600438 lr=0.0001 windows=36094/106562
progress epoch=2 optimizer_steps=46477 raw_loss=2.085777 weighted_loss=2.441136 lr=0.0001 windows=36170/106562
progress epoch=2 optimizer_steps=46501 raw_loss=2.321205 weighted_loss=2.456410 lr=0.0001 windows=36267/106562
progress epoch=2 optimizer_steps=46536 raw_loss=1.953025 weighted_loss=1.738367 lr=0.0001 windows=36387/106562
progress epoch=2 optimizer_steps=46550 raw_loss=1.984355 weighted_loss=1.062894 lr=0.0001 windows=36417/106562
progress epoch=2 optimizer_steps=46578 raw_loss=2.018371 weighted_loss=1.606426 lr=0.0001 windows=36537/106562
progress epoch=2 optimizer_steps=46601 raw_loss=2.026567 weighted_loss=3.848686 lr=0.0001 windows=36626/106562
progress epoch=2 optimizer_steps=46625 raw_loss=1.786860 weighted_loss=2.520712 lr=0.0001 windows=36722/106562
progress epoch=2 optimizer_steps=46650 raw_loss=2.251623 weighted_loss=2.575558 lr=0.0001 windows=36815/106562
progress epoch=2 optimizer_steps=46675 raw_loss=1.969149 weighted_loss=1.370159 lr=0.0001 windows=36887/106562
progress epoch=2 optimizer_steps=46710 raw_loss=2.123779 weighted_loss=2.553636 lr=0.0001 windows=37011/106562
progress epoch=2 optimizer_steps=46736 raw_loss=2.490901 weighted_loss=2.137678 lr=0.0001 windows=37107/106562
progress epoch=2 optimizer_steps=46754 raw_loss=2.208040 weighted_loss=3.124960 lr=0.0001 windows=37179/106562
progress epoch=2 optimizer_steps=46789 raw_loss=1.804163 weighted_loss=0.755546 lr=0.0001 windows=37230/106562
progress epoch=2 optimizer_steps=46804 raw_loss=1.843261 weighted_loss=1.297877 lr=0.0001 windows=37273/106562
progress epoch=2 optimizer_steps=46825 raw_loss=2.326654 weighted_loss=2.337639 lr=0.0001 windows=37376/106562
progress epoch=2 optimizer_steps=46852 raw_loss=2.000860 weighted_loss=1.013776 lr=0.0001 windows=37431/106562
progress epoch=2 optimizer_steps=46875 raw_loss=1.776921 weighted_loss=1.116451 lr=0.0001 windows=37503/106562
progress epoch=2 optimizer_steps=46901 raw_loss=2.227634 weighted_loss=1.876320 lr=0.0001 windows=37599/106562
progress epoch=2 optimizer_steps=46929 raw_loss=1.919177 weighted_loss=1.330866 lr=0.0001 windows=37680/106562
progress epoch=2 optimizer_steps=46950 raw_loss=1.958813 weighted_loss=2.046897 lr=0.0001 windows=37752/106562
progress epoch=2 optimizer_steps=46976 raw_loss=2.167267 weighted_loss=2.788035 lr=0.0001 windows=37848/106562
progress epoch=2 optimizer_steps=47001 raw_loss=2.107619 weighted_loss=1.770334 lr=0.0001 windows=37931/106562
checkpoint optimizer_steps=47001 path=/home/yanzhou/cyh/cid-v17-retrain/runs/cid-v1-0.4b-v17-ncv4/stage-a/stage-a-latest.pt
progress epoch=2 optimizer_steps=47031 raw_loss=2.080235 weighted_loss=1.840169 lr=0.0001 windows=38027/106562
progress epoch=2 optimizer_steps=47055 raw_loss=2.021415 weighted_loss=3.345495 lr=0.0001 windows=38123/106562
progress epoch=2 optimizer_steps=47077 raw_loss=1.952558 weighted_loss=1.722904 lr=0.0001 windows=38205/106562
progress epoch=2 optimizer_steps=47102 raw_loss=2.139629 weighted_loss=2.119474 lr=0.0001 windows=38299/106562
progress epoch=2 optimizer_steps=47132 raw_loss=1.918984 weighted_loss=1.587777 lr=0.0001 windows=38391/106562
progress epoch=2 optimizer_steps=47156 raw_loss=1.893661 weighted_loss=1.155038 lr=0.0001 windows=38462/106562
progress epoch=2 optimizer_steps=47175 raw_loss=3.160755 weighted_loss=4.756117 lr=0.0001 windows=38530/106562
progress epoch=2 optimizer_steps=47205 raw_loss=2.052236 weighted_loss=2.474527 lr=0.0001 windows=38631/106562
progress epoch=2 optimizer_steps=47229 raw_loss=1.985060 weighted_loss=1.183248 lr=0.0001 windows=38703/106562
progress epoch=2 optimizer_steps=47252 raw_loss=1.919151 weighted_loss=0.975544 lr=0.0001 windows=38783/106562
progress epoch=2 optimizer_steps=47286 raw_loss=1.932953 weighted_loss=1.583209 lr=0.0001 windows=38886/106562
progress epoch=2 optimizer_steps=47300 raw_loss=2.637567 weighted_loss=3.655220 lr=0.0001 windows=38958/106562
progress epoch=2 optimizer_steps=47326 raw_loss=2.166405 weighted_loss=1.347109 lr=0.0001 windows=39030/106562
progress epoch=2 optimizer_steps=47358 raw_loss=1.917832 weighted_loss=1.348711 lr=0.0001 windows=39116/106562
progress epoch=2 optimizer_steps=47379 raw_loss=1.746385 weighted_loss=1.171858 lr=0.0001 windows=39174/106562
progress epoch=2 optimizer_steps=47406 raw_loss=1.905000 weighted_loss=1.581282 lr=0.0001 windows=39270/106562
progress epoch=2 optimizer_steps=47428 raw_loss=1.878858 weighted_loss=1.298945 lr=0.0001 windows=39318/106562
progress epoch=2 optimizer_steps=47452 raw_loss=2.327575 weighted_loss=1.809428 lr=0.0001 windows=39414/106562
progress epoch=2 optimizer_steps=47482 raw_loss=2.093705 weighted_loss=2.616005 lr=0.0001 windows=39510/106562
progress epoch=2 optimizer_steps=47500 raw_loss=2.241842 weighted_loss=2.946141 lr=0.0001 windows=39583/106562
progress epoch=2 optimizer_steps=47525 raw_loss=1.972569 weighted_loss=1.115308 lr=0.0001 windows=39657/106562
progress epoch=2 optimizer_steps=47553 raw_loss=1.970489 weighted_loss=1.801270 lr=0.0001 windows=39777/106562
progress epoch=2 optimizer_steps=47575 raw_loss=1.650363 weighted_loss=1.210433 lr=0.0001 windows=39857/106562
progress epoch=2 optimizer_steps=47602 raw_loss=1.799455 weighted_loss=1.534663 lr=0.0001 windows=39930/106562
progress epoch=2 optimizer_steps=47626 raw_loss=1.858664 weighted_loss=1.362769 lr=0.0001 windows=40002/106562
progress epoch=2 optimizer_steps=47652 raw_loss=2.002300 weighted_loss=1.428505 lr=0.0001 windows=40074/106562
progress epoch=2 optimizer_steps=47682 raw_loss=1.810267 weighted_loss=1.209789 lr=0.0001 windows=40146/106562
progress epoch=2 optimizer_steps=47702 raw_loss=1.458976 weighted_loss=0.763901 lr=0.0001 windows=40195/106562
progress epoch=2 optimizer_steps=47727 raw_loss=2.027085 weighted_loss=1.473344 lr=0.0001 windows=40291/106562
progress epoch=2 optimizer_steps=47752 raw_loss=1.936162 weighted_loss=1.888213 lr=0.0001 windows=40388/106562
progress epoch=2 optimizer_steps=47784 raw_loss=1.896536 weighted_loss=2.082015 lr=0.0001 windows=40496/106562
progress epoch=2 optimizer_steps=47807 raw_loss=1.939356 weighted_loss=1.696660 lr=0.0001 windows=40568/106562
progress epoch=2 optimizer_steps=47826 raw_loss=1.717139 weighted_loss=2.021840 lr=0.0001 windows=40616/106562
progress epoch=2 optimizer_steps=47852 raw_loss=1.917930 weighted_loss=1.988156 lr=0.0001 windows=40689/106562
progress epoch=2 optimizer_steps=47875 raw_loss=2.116492 weighted_loss=2.393651 lr=0.0001 windows=40809/106562
progress epoch=2 optimizer_steps=47902 raw_loss=1.868536 weighted_loss=1.077102 lr=0.0001 windows=40889/106562
progress epoch=2 optimizer_steps=47926 raw_loss=1.882546 weighted_loss=2.157423 lr=0.0001 windows=40961/106562
progress epoch=2 optimizer_steps=47950 raw_loss=2.606706 weighted_loss=4.852666 lr=0.0001 windows=41081/106562
progress epoch=2 optimizer_steps=47976 raw_loss=2.106762 weighted_loss=2.426064 lr=0.0001 windows=41174/106562
progress epoch=2 optimizer_steps=48002 raw_loss=2.137261 weighted_loss=2.583921 lr=0.0001 windows=41265/106562
checkpoint optimizer_steps=48002 path=/home/yanzhou/cyh/cid-v17-retrain/runs/cid-v1-0.4b-v17-ncv4/stage-a/stage-a-latest.pt
progress epoch=2 optimizer_steps=48027 raw_loss=1.789060 weighted_loss=1.443856 lr=0.0001 windows=41337/106562
progress epoch=2 optimizer_steps=48052 raw_loss=1.763543 weighted_loss=1.416298 lr=0.0001 windows=41433/106562
progress epoch=2 optimizer_steps=48077 raw_loss=2.144037 weighted_loss=2.640530 lr=0.0001 windows=41529/106562
progress epoch=2 optimizer_steps=48100 raw_loss=1.830258 weighted_loss=2.415801 lr=0.0001 windows=41629/106562
progress epoch=2 optimizer_steps=48126 raw_loss=1.996958 weighted_loss=1.676511 lr=0.0001 windows=41719/106562
progress epoch=2 optimizer_steps=48150 raw_loss=1.791030 weighted_loss=2.325249 lr=0.0001 windows=41791/106562
progress epoch=2 optimizer_steps=48181 raw_loss=2.014464 weighted_loss=1.948241 lr=0.0001 windows=41902/106562
progress epoch=2 optimizer_steps=48201 raw_loss=2.041583 weighted_loss=2.503764 lr=0.0001 windows=41986/106562
progress epoch=2 optimizer_steps=48228 raw_loss=1.978004 weighted_loss=2.640544 lr=0.0001 windows=42119/106562
progress epoch=2 optimizer_steps=48250 raw_loss=2.619791 weighted_loss=6.278169 lr=0.0001 windows=42233/106562
progress epoch=2 optimizer_steps=48275 raw_loss=1.750798 weighted_loss=1.939710 lr=0.0001 windows=42329/106562
progress epoch=2 optimizer_steps=48301 raw_loss=1.786465 weighted_loss=1.555332 lr=0.0001 windows=42421/106562
progress epoch=2 optimizer_steps=48326 raw_loss=2.516244 weighted_loss=3.151218 lr=0.0001 windows=42544/106562
progress epoch=2 optimizer_steps=48354 raw_loss=1.958387 weighted_loss=1.136406 lr=0.0001 windows=42640/106562
progress epoch=2 optimizer_steps=48382 raw_loss=1.811153 weighted_loss=1.514426 lr=0.0001 windows=42712/106562
progress epoch=2 optimizer_steps=48406 raw_loss=1.747281 weighted_loss=1.542129 lr=0.0001 windows=42779/106562
progress epoch=2 optimizer_steps=48428 raw_loss=1.748417 weighted_loss=0.986482 lr=0.0001 windows=42854/106562
progress epoch=2 optimizer_steps=48456 raw_loss=2.161331 weighted_loss=2.734799 lr=0.0001 windows=42966/106562
progress epoch=2 optimizer_steps=48476 raw_loss=1.840026 weighted_loss=2.702454 lr=0.0001 windows=43038/106562
progress epoch=2 optimizer_steps=48505 raw_loss=1.900622 weighted_loss=2.313650 lr=0.0001 windows=43134/106562
progress epoch=2 optimizer_steps=48526 raw_loss=1.961535 weighted_loss=2.167445 lr=0.0001 windows=43206/106562
progress epoch=2 optimizer_steps=48552 raw_loss=2.120467 weighted_loss=6.018728 lr=0.0001 windows=43335/106562
progress epoch=2 optimizer_steps=48580 raw_loss=1.840258 weighted_loss=1.962169 lr=0.0001 windows=43431/106562
progress epoch=2 optimizer_steps=48602 raw_loss=1.775639 weighted_loss=1.322475 lr=0.0001 windows=43497/106562
progress epoch=2 optimizer_steps=48627 raw_loss=1.923046 weighted_loss=2.053605 lr=0.0001 windows=43569/106562
progress epoch=2 optimizer_steps=48653 raw_loss=1.806554 weighted_loss=1.685430 lr=0.0001 windows=43655/106562
progress epoch=2 optimizer_steps=48679 raw_loss=2.461117 weighted_loss=5.102285 lr=0.0001 windows=43775/106562
progress epoch=2 optimizer_steps=48702 raw_loss=1.493215 weighted_loss=2.091114 lr=0.0001 windows=43847/106562
progress epoch=2 optimizer_steps=48727 raw_loss=1.805487 weighted_loss=1.267536 lr=0.0001 windows=43931/106562
progress epoch=2 optimizer_steps=48750 raw_loss=2.182183 weighted_loss=5.695262 lr=0.0001 windows=44003/106562
progress epoch=2 optimizer_steps=48776 raw_loss=1.921517 weighted_loss=2.028162 lr=0.0001 windows=44099/106562
progress epoch=2 optimizer_steps=48806 raw_loss=1.726088 weighted_loss=1.495945 lr=0.0001 windows=44208/106562
progress epoch=2 optimizer_steps=48825 raw_loss=1.875396 weighted_loss=2.350823 lr=0.0001 windows=44283/106562
progress epoch=2 optimizer_steps=48852 raw_loss=2.040534 weighted_loss=2.351256 lr=0.0001 windows=44368/106562
progress epoch=2 optimizer_steps=48876 raw_loss=1.661554 weighted_loss=1.797357 lr=0.0001 windows=44440/106562
progress epoch=2 optimizer_steps=48908 raw_loss=1.974741 weighted_loss=2.623103 lr=0.0001 windows=44567/106562
progress epoch=2 optimizer_steps=48930 raw_loss=2.435449 weighted_loss=5.924801 lr=0.0001 windows=44664/106562
progress epoch=2 optimizer_steps=48952 raw_loss=2.025041 weighted_loss=2.603685 lr=0.0001 windows=44784/106562
progress epoch=2 optimizer_steps=48976 raw_loss=1.930833 weighted_loss=2.145343 lr=0.0001 windows=44856/106562
progress epoch=2 optimizer_steps=49001 raw_loss=1.785741 weighted_loss=2.347583 lr=0.0001 windows=44938/106562
checkpoint optimizer_steps=49001 path=/home/yanzhou/cyh/cid-v17-retrain/runs/cid-v1-0.4b-v17-ncv4/stage-a/stage-a-latest.pt
progress epoch=2 optimizer_steps=49027 raw_loss=2.081701 weighted_loss=2.226998 lr=0.0001 windows=45058/106562
progress epoch=2 optimizer_steps=49055 raw_loss=2.016771 weighted_loss=4.970836 lr=0.0001 windows=45178/106562
progress epoch=2 optimizer_steps=49078 raw_loss=1.810576 weighted_loss=1.600343 lr=0.0001 windows=45251/106562
progress epoch=2 optimizer_steps=49102 raw_loss=1.860012 weighted_loss=1.743349 lr=0.0001 windows=45339/106562
progress epoch=2 optimizer_steps=49129 raw_loss=2.222245 weighted_loss=2.905017 lr=0.0001 windows=45459/106562
progress epoch=2 optimizer_steps=49156 raw_loss=2.087076 weighted_loss=2.358580 lr=0.0001 windows=45555/106562
progress epoch=2 optimizer_steps=49182 raw_loss=2.059595 weighted_loss=2.158380 lr=0.0001 windows=45651/106562
progress epoch=2 optimizer_steps=49202 raw_loss=1.678747 weighted_loss=1.110156 lr=0.0001 windows=45723/106562
progress epoch=2 optimizer_steps=49228 raw_loss=1.726115 weighted_loss=1.253878 lr=0.0001 windows=45795/106562
progress epoch=2 optimizer_steps=49253 raw_loss=2.035126 weighted_loss=1.827037 lr=0.0001 windows=45899/106562
progress epoch=2 optimizer_steps=49280 raw_loss=1.709897 weighted_loss=2.108423 lr=0.0001 windows=45995/106562
progress epoch=2 optimizer_steps=49300 raw_loss=1.949934 weighted_loss=2.196962 lr=0.0001 windows=46067/106562
progress epoch=2 optimizer_steps=49325 raw_loss=2.029156 weighted_loss=2.770824 lr=0.0001 windows=46174/106562
progress epoch=2 optimizer_steps=49350 raw_loss=1.647751 weighted_loss=1.416109 lr=0.0001 windows=46246/106562
progress epoch=2 optimizer_steps=49381 raw_loss=2.192224 weighted_loss=2.930407 lr=0.0001 windows=46366/106562
progress epoch=2 optimizer_steps=49405 raw_loss=1.989527 weighted_loss=2.161386 lr=0.0001 windows=46486/106562
progress epoch=2 optimizer_steps=49431 raw_loss=1.843272 weighted_loss=1.891029 lr=0.0001 windows=46593/106562
progress epoch=2 optimizer_steps=49456 raw_loss=1.834730 weighted_loss=2.093573 lr=0.0001 windows=46690/106562
progress epoch=2 optimizer_steps=49478 raw_loss=1.802869 weighted_loss=2.563182 lr=0.0001 windows=46786/106562
progress epoch=2 optimizer_steps=49501 raw_loss=2.013283 weighted_loss=5.384909 lr=0.0001 windows=46885/106562
progress epoch=2 optimizer_steps=49533 raw_loss=1.854433 weighted_loss=1.785868 lr=0.0001 windows=46981/106562
progress epoch=2 optimizer_steps=49558 raw_loss=2.056208 weighted_loss=2.598191 lr=0.0001 windows=47077/106562
progress epoch=2 optimizer_steps=49582 raw_loss=1.568419 weighted_loss=1.868229 lr=0.0001 windows=47149/106562
progress epoch=2 optimizer_steps=49600 raw_loss=1.621850 weighted_loss=1.177346 lr=0.0001 windows=47197/106562
progress epoch=2 optimizer_steps=49628 raw_loss=1.929357 weighted_loss=1.902701 lr=0.0001 windows=47293/106562
progress epoch=2 optimizer_steps=49653 raw_loss=1.908397 weighted_loss=2.031265 lr=0.0001 windows=47365/106562
progress epoch=2 optimizer_steps=49675 raw_loss=1.969002 weighted_loss=2.223434 lr=0.0001 windows=47460/106562
progress epoch=2 optimizer_steps=49702 raw_loss=1.973301 weighted_loss=1.730207 lr=0.0001 windows=47542/106562
progress epoch=2 optimizer_steps=49727 raw_loss=1.755757 weighted_loss=0.997664 lr=0.0001 windows=47614/106562
progress epoch=2 optimizer_steps=49754 raw_loss=1.965492 weighted_loss=2.097623 lr=0.0001 windows=47724/106562
progress epoch=2 optimizer_steps=49775 raw_loss=2.379778 weighted_loss=4.005256 lr=0.0001 windows=47820/106562
progress epoch=2 optimizer_steps=49802 raw_loss=2.022449 weighted_loss=2.248562 lr=0.0001 windows=47940/106562
progress epoch=2 optimizer_steps=49834 raw_loss=2.054928 weighted_loss=2.810123 lr=0.0001 windows=48060/106562
progress epoch=2 optimizer_steps=49851 raw_loss=1.890687 weighted_loss=3.130203 lr=0.0001 windows=48132/106562
progress epoch=2 optimizer_steps=49877 raw_loss=1.943817 weighted_loss=2.511549 lr=0.0001 windows=48232/106562
progress epoch=2 optimizer_steps=49901 raw_loss=2.056383 weighted_loss=3.201719 lr=0.0001 windows=48328/106562
progress epoch=2 optimizer_steps=49925 raw_loss=2.388851 weighted_loss=3.037651 lr=0.0001 windows=48442/106562
progress epoch=2 optimizer_steps=49952 raw_loss=2.001725 weighted_loss=2.219977 lr=0.0001 windows=48538/106562
progress epoch=2 optimizer_steps=49976 raw_loss=1.964328 weighted_loss=3.211620 lr=0.0001 windows=48638/106562
progress epoch=2 optimizer_steps=50002 raw_loss=1.633972 weighted_loss=1.167272 lr=0.0001 windows=48710/106562
checkpoint optimizer_steps=50002 path=/home/yanzhou/cyh/cid-v17-retrain/runs/cid-v1-0.4b-v17-ncv4/stage-a/stage-a-latest.pt
progress epoch=2 optimizer_steps=50025 raw_loss=2.216172 weighted_loss=5.119228 lr=0.0001 windows=48803/106562
progress epoch=2 optimizer_steps=50051 raw_loss=2.327378 weighted_loss=4.276018 lr=0.0001 windows=48947/106562
progress epoch=2 optimizer_steps=50075 raw_loss=1.803264 weighted_loss=1.232097 lr=0.0001 windows=49039/106562
progress epoch=2 optimizer_steps=50104 raw_loss=1.896782 weighted_loss=1.694782 lr=0.0001 windows=49135/106562
progress epoch=2 optimizer_steps=50127 raw_loss=1.819205 weighted_loss=1.488143 lr=0.0001 windows=49207/106562
progress epoch=2 optimizer_steps=50153 raw_loss=2.013136 weighted_loss=2.904072 lr=0.0001 windows=49322/106562
progress epoch=2 optimizer_steps=50179 raw_loss=1.765162 weighted_loss=1.798854 lr=0.0001 windows=49400/106562
progress epoch=2 optimizer_steps=50203 raw_loss=1.647226 weighted_loss=1.904579 lr=0.0001 windows=49472/106562
progress epoch=2 optimizer_steps=50231 raw_loss=1.678194 weighted_loss=1.359998 lr=0.0001 windows=49547/106562
progress epoch=2 optimizer_steps=50250 raw_loss=2.513751 weighted_loss=4.771485 lr=0.0001 windows=49643/106562
progress epoch=2 optimizer_steps=50277 raw_loss=2.191445 weighted_loss=3.388354 lr=0.0001 windows=49763/106562
progress epoch=2 optimizer_steps=50303 raw_loss=1.990063 weighted_loss=1.989071 lr=0.0001 windows=49858/106562
progress epoch=2 optimizer_steps=50325 raw_loss=1.948123 weighted_loss=2.408224 lr=0.0001 windows=49952/106562
progress epoch=2 optimizer_steps=50352 raw_loss=1.809687 weighted_loss=2.210112 lr=0.0001 windows=50048/106562
progress epoch=2 optimizer_steps=50381 raw_loss=2.071130 weighted_loss=2.208441 lr=0.0001 windows=50175/106562
progress epoch=2 optimizer_steps=50403 raw_loss=2.091894 weighted_loss=1.264829 lr=0.0001 windows=50253/106562
progress epoch=2 optimizer_steps=50428 raw_loss=1.851634 weighted_loss=2.499747 lr=0.0001 windows=50349/106562
progress epoch=2 optimizer_steps=50455 raw_loss=1.797389 weighted_loss=2.470845 lr=0.0001 windows=50445/106562
progress epoch=2 optimizer_steps=50477 raw_loss=1.890826 weighted_loss=2.794464 lr=0.0001 windows=50517/106562
progress epoch=2 optimizer_steps=50504 raw_loss=2.080276 weighted_loss=1.897404 lr=0.0001 windows=50634/106562
progress epoch=2 optimizer_steps=50528 raw_loss=1.730082 weighted_loss=1.985184 lr=0.0001 windows=50717/106562
progress epoch=2 optimizer_steps=50554 raw_loss=1.871528 weighted_loss=1.937427 lr=0.0001 windows=50812/106562
progress epoch=2 optimizer_steps=50576 raw_loss=1.900109 weighted_loss=1.621868 lr=0.0001 windows=50891/106562
progress epoch=2 optimizer_steps=50601 raw_loss=1.814350 weighted_loss=2.120726 lr=0.0001 windows=51011/106562
progress epoch=2 optimizer_steps=50627 raw_loss=1.987249 weighted_loss=3.180805 lr=0.0001 windows=51117/106562
progress epoch=2 optimizer_steps=50654 raw_loss=2.330714 weighted_loss=4.059344 lr=0.0001 windows=51261/106562
progress epoch=2 optimizer_steps=50676 raw_loss=1.944843 weighted_loss=1.813893 lr=0.0001 windows=51351/106562
progress epoch=2 optimizer_steps=50707 raw_loss=1.864300 weighted_loss=1.787893 lr=0.0001 windows=51465/106562
progress epoch=2 optimizer_steps=50725 raw_loss=1.869552 weighted_loss=2.735666 lr=0.0001 windows=51537/106562
progress epoch=2 optimizer_steps=50751 raw_loss=1.930719 weighted_loss=1.604319 lr=0.0001 windows=51633/106562
progress epoch=2 optimizer_steps=50775 raw_loss=2.012431 weighted_loss=1.588619 lr=0.0001 windows=51729/106562
progress epoch=2 optimizer_steps=50804 raw_loss=2.091541 weighted_loss=4.666569 lr=0.0001 windows=51873/106562
progress epoch=2 optimizer_steps=50834 raw_loss=1.647371 weighted_loss=1.192872 lr=0.0001 windows=51959/106562
progress epoch=2 optimizer_steps=50856 raw_loss=2.606065 weighted_loss=11.160463 lr=0.0001 windows=52079/106562
progress epoch=2 optimizer_steps=50883 raw_loss=1.859032 weighted_loss=2.022828 lr=0.0001 windows=52166/106562
progress epoch=2 optimizer_steps=50900 raw_loss=1.702583 weighted_loss=1.626505 lr=0.0001 windows=52214/106562
progress epoch=2 optimizer_steps=50932 raw_loss=1.722157 weighted_loss=1.945529 lr=0.0001 windows=52334/106562
progress epoch=2 optimizer_steps=50953 raw_loss=1.811117 weighted_loss=2.256151 lr=0.0001 windows=52430/106562
progress epoch=2 optimizer_steps=50975 raw_loss=2.012286 weighted_loss=4.241306 lr=0.0001 windows=52534/106562
progress epoch=2 optimizer_steps=51005 raw_loss=1.876626 weighted_loss=2.611206 lr=0.0001 windows=52654/106562
checkpoint optimizer_steps=51005 path=/home/yanzhou/cyh/cid-v17-retrain/runs/cid-v1-0.4b-v17-ncv4/stage-a/stage-a-latest.pt
progress epoch=2 optimizer_steps=51026 raw_loss=1.595086 weighted_loss=1.854172 lr=0.0001 windows=52726/106562
progress epoch=2 optimizer_steps=51053 raw_loss=1.881150 weighted_loss=2.548991 lr=0.0001 windows=52822/106562
progress epoch=2 optimizer_steps=51075 raw_loss=1.878279 weighted_loss=2.304136 lr=0.0001 windows=52918/106562
progress epoch=2 optimizer_steps=51104 raw_loss=1.797962 weighted_loss=1.930708 lr=0.0001 windows=53014/106562
progress epoch=2 optimizer_steps=51129 raw_loss=1.968021 weighted_loss=1.464055 lr=0.0001 windows=53111/106562
progress epoch=2 optimizer_steps=51150 raw_loss=1.789267 weighted_loss=1.874983 lr=0.0001 windows=53183/106562
progress epoch=2 optimizer_steps=51178 raw_loss=2.043361 weighted_loss=2.590357 lr=0.0001 windows=53303/106562
progress epoch=2 optimizer_steps=51200 raw_loss=1.746788 weighted_loss=1.706931 lr=0.0001 windows=53375/106562
progress epoch=2 optimizer_steps=51229 raw_loss=1.901921 weighted_loss=5.261114 lr=0.0001 windows=53497/106562
progress epoch=2 optimizer_steps=51251 raw_loss=2.128633 weighted_loss=2.965392 lr=0.0001 windows=53593/106562
progress epoch=2 optimizer_steps=51277 raw_loss=1.841781 weighted_loss=2.188731 lr=0.0001 windows=53694/106562
progress epoch=2 optimizer_steps=51302 raw_loss=1.999346 weighted_loss=2.444846 lr=0.0001 windows=53790/106562
progress epoch=2 optimizer_steps=51327 raw_loss=2.080588 weighted_loss=4.742272 lr=0.0001 windows=53886/106562
progress epoch=2 optimizer_steps=51351 raw_loss=1.716569 weighted_loss=1.516941 lr=0.0001 windows=53969/106562
progress epoch=2 optimizer_steps=51378 raw_loss=1.758026 weighted_loss=2.607859 lr=0.0001 windows=54065/106562
progress epoch=2 optimizer_steps=51403 raw_loss=2.073015 weighted_loss=3.181210 lr=0.0001 windows=54209/106562
progress epoch=2 optimizer_steps=51425 raw_loss=2.112163 weighted_loss=2.901012 lr=0.0001 windows=54317/106562
progress epoch=2 optimizer_steps=51456 raw_loss=1.967057 weighted_loss=2.988371 lr=0.0001 windows=54437/106562
progress epoch=2 optimizer_steps=51480 raw_loss=1.734370 weighted_loss=2.188636 lr=0.0001 windows=54533/106562
progress epoch=2 optimizer_steps=51500 raw_loss=2.077079 weighted_loss=2.946037 lr=0.0001 windows=54629/106562
progress epoch=2 optimizer_steps=51527 raw_loss=1.801804 weighted_loss=2.431411 lr=0.0001 windows=54744/106562
progress epoch=2 optimizer_steps=51555 raw_loss=1.906818 weighted_loss=2.520249 lr=0.0001 windows=54851/106562
progress epoch=2 optimizer_steps=51576 raw_loss=1.780625 weighted_loss=1.498178 lr=0.0001 windows=54923/106562
progress epoch=2 optimizer_steps=51602 raw_loss=2.165435 weighted_loss=5.221712 lr=0.0001 windows=55043/106562
progress epoch=2 optimizer_steps=51627 raw_loss=1.857798 weighted_loss=2.797326 lr=0.0001 windows=55139/106562
progress epoch=2 optimizer_steps=51655 raw_loss=1.585545 weighted_loss=1.401186 lr=0.0001 windows=55226/106562
progress epoch=2 optimizer_steps=51675 raw_loss=2.119645 weighted_loss=2.942125 lr=0.0001 windows=55322/106562
progress epoch=2 optimizer_steps=51704 raw_loss=2.098193 weighted_loss=2.861820 lr=0.0001 windows=55454/106562
progress epoch=2 optimizer_steps=51727 raw_loss=2.110569 weighted_loss=6.418759 lr=0.0001 windows=55550/106562
progress epoch=2 optimizer_steps=51752 raw_loss=1.835586 weighted_loss=2.404697 lr=0.0001 windows=55670/106562
progress epoch=2 optimizer_steps=51777 raw_loss=1.698814 weighted_loss=1.583564 lr=0.0001 windows=55742/106562
progress epoch=2 optimizer_steps=51804 raw_loss=1.975764 weighted_loss=1.814443 lr=0.0001 windows=55862/106562
progress epoch=2 optimizer_steps=51828 raw_loss=2.116730 weighted_loss=2.788711 lr=0.0001 windows=55967/106562
progress epoch=2 optimizer_steps=51851 raw_loss=2.361121 weighted_loss=6.663862 lr=0.0001 windows=56087/106562
progress epoch=2 optimizer_steps=51877 raw_loss=1.923319 weighted_loss=4.519110 lr=0.0001 windows=56183/106562
progress epoch=2 optimizer_steps=51901 raw_loss=2.241887 weighted_loss=3.259903 lr=0.0001 windows=56303/106562
progress epoch=2 optimizer_steps=51925 raw_loss=1.861516 weighted_loss=2.700448 lr=0.0001 windows=56399/106562
progress epoch=2 optimizer_steps=51954 raw_loss=1.915607 weighted_loss=2.320397 lr=0.0001 windows=56519/106562
progress epoch=2 optimizer_steps=51978 raw_loss=1.811879 weighted_loss=1.865430 lr=0.0001 windows=56615/106562
progress epoch=2 optimizer_steps=52005 raw_loss=1.978496 weighted_loss=2.368928 lr=0.0001 windows=56735/106562
checkpoint optimizer_steps=52005 path=/home/yanzhou/cyh/cid-v17-retrain/runs/cid-v1-0.4b-v17-ncv4/stage-a/stage-a-latest.pt
progress epoch=2 optimizer_steps=52028 raw_loss=1.739559 weighted_loss=1.747987 lr=0.0001 windows=56831/106562
progress epoch=2 optimizer_steps=52050 raw_loss=1.602836 weighted_loss=1.908463 lr=0.0001 windows=56903/106562
progress epoch=2 optimizer_steps=52077 raw_loss=1.621992 weighted_loss=1.989963 lr=0.0001 windows=56999/106562
progress epoch=2 optimizer_steps=52103 raw_loss=2.019864 weighted_loss=3.112448 lr=0.0001 windows=57095/106562
progress epoch=2 optimizer_steps=52125 raw_loss=1.833373 weighted_loss=2.137603 lr=0.0001 windows=57188/106562
progress epoch=2 optimizer_steps=52153 raw_loss=1.989211 weighted_loss=2.306503 lr=0.0001 windows=57308/106562
progress epoch=2 optimizer_steps=52180 raw_loss=1.659168 weighted_loss=1.826858 lr=0.0001 windows=57404/106562
progress epoch=2 optimizer_steps=52203 raw_loss=2.062667 weighted_loss=2.967390 lr=0.0001 windows=57524/106562
progress epoch=2 optimizer_steps=52231 raw_loss=1.989493 weighted_loss=2.237059 lr=0.0001 windows=57620/106562
progress epoch=2 optimizer_steps=52253 raw_loss=1.655363 weighted_loss=2.002052 lr=0.0001 windows=57692/106562
progress epoch=2 optimizer_steps=52275 raw_loss=1.639707 weighted_loss=1.996735 lr=0.0001 windows=57791/106562
progress epoch=2 optimizer_steps=52305 raw_loss=1.728638 weighted_loss=3.109492 lr=0.0001 windows=57926/106562
progress epoch=2 optimizer_steps=52326 raw_loss=1.748381 weighted_loss=1.731676 lr=0.0001 windows=58005/106562
progress epoch=2 optimizer_steps=52351 raw_loss=1.878134 weighted_loss=2.407247 lr=0.0001 windows=58101/106562
progress epoch=2 optimizer_steps=52376 raw_loss=1.882019 weighted_loss=5.620453 lr=0.0001 windows=58221/106562
progress epoch=2 optimizer_steps=52400 raw_loss=1.999948 weighted_loss=3.044368 lr=0.0001 windows=58352/106562
progress epoch=2 optimizer_steps=52425 raw_loss=1.796237 weighted_loss=2.453652 lr=0.0001 windows=58448/106562
progress epoch=2 optimizer_steps=52452 raw_loss=1.949696 weighted_loss=2.593980 lr=0.0001 windows=58580/106562
progress epoch=2 optimizer_steps=52481 raw_loss=1.700215 weighted_loss=2.220593 lr=0.0001 windows=58700/106562
progress epoch=2 optimizer_steps=52503 raw_loss=1.861946 weighted_loss=2.686412 lr=0.0001 windows=58830/106562
progress epoch=2 optimizer_steps=52529 raw_loss=2.077898 weighted_loss=6.967104 lr=0.0001 windows=58962/106562
progress epoch=2 optimizer_steps=52551 raw_loss=1.777805 weighted_loss=2.473620 lr=0.0001 windows=59058/106562
progress epoch=2 optimizer_steps=52576 raw_loss=1.863750 weighted_loss=2.643072 lr=0.0001 windows=59178/106562
progress epoch=2 optimizer_steps=52603 raw_loss=1.759543 weighted_loss=2.125775 lr=0.0001 windows=59274/106562
progress epoch=2 optimizer_steps=52626 raw_loss=1.790768 weighted_loss=1.575077 lr=0.0001 windows=59346/106562
progress epoch=2 optimizer_steps=52654 raw_loss=1.742782 weighted_loss=2.110987 lr=0.0001 windows=59466/106562
progress epoch=2 optimizer_steps=52683 raw_loss=1.949542 weighted_loss=2.293999 lr=0.0001 windows=59580/106562
progress epoch=2 optimizer_steps=52700 raw_loss=2.469397 weighted_loss=9.369203 lr=0.0001 windows=59676/106562
progress epoch=2 optimizer_steps=52729 raw_loss=1.732672 weighted_loss=2.421484 lr=0.0001 windows=59793/106562
progress epoch=2 optimizer_steps=52752 raw_loss=1.615744 weighted_loss=1.429637 lr=0.0001 windows=59865/106562
progress epoch=2 optimizer_steps=52778 raw_loss=1.974912 weighted_loss=2.829877 lr=0.0001 windows=59978/106562
progress epoch=2 optimizer_steps=52804 raw_loss=2.049649 weighted_loss=2.633858 lr=0.0001 windows=60098/106562
progress epoch=2 optimizer_steps=52828 raw_loss=1.581337 weighted_loss=2.814908 lr=0.0001 windows=60194/106562
progress epoch=2 optimizer_steps=52853 raw_loss=1.695671 weighted_loss=1.809569 lr=0.0001 windows=60290/106562
progress epoch=2 optimizer_steps=52876 raw_loss=2.109644 weighted_loss=2.670996 lr=0.0001 windows=60386/106562
progress epoch=2 optimizer_steps=52903 raw_loss=1.691498 weighted_loss=1.944139 lr=0.0001 windows=60482/106562
progress epoch=2 optimizer_steps=52925 raw_loss=1.937945 weighted_loss=2.531040 lr=0.0001 windows=60578/106562
progress epoch=2 optimizer_steps=52952 raw_loss=2.616131 weighted_loss=9.617111 lr=0.0001 windows=60722/106562
progress epoch=2 optimizer_steps=52981 raw_loss=1.762113 weighted_loss=2.112757 lr=0.0001 windows=60842/106562
progress epoch=2 optimizer_steps=53004 raw_loss=1.485927 weighted_loss=1.448443 lr=0.0001 windows=60914/106562
checkpoint optimizer_steps=53004 path=/home/yanzhou/cyh/cid-v17-retrain/runs/cid-v1-0.4b-v17-ncv4/stage-a/stage-a-latest.pt
progress epoch=2 optimizer_steps=53025 raw_loss=2.382540 weighted_loss=5.041045 lr=0.0001 windows=61034/106562
progress epoch=2 optimizer_steps=53056 raw_loss=1.795377 weighted_loss=2.250686 lr=0.0001 windows=61153/106562
progress epoch=2 optimizer_steps=53080 raw_loss=1.752941 weighted_loss=2.335889 lr=0.0001 windows=61249/106562
progress epoch=2 optimizer_steps=53102 raw_loss=2.370093 weighted_loss=3.780131 lr=0.0001 windows=61368/106562
progress epoch=2 optimizer_steps=53128 raw_loss=1.763397 weighted_loss=2.384873 lr=0.0001 windows=61488/106562
progress epoch=2 optimizer_steps=53153 raw_loss=1.748596 weighted_loss=2.039336 lr=0.0001 windows=61584/106562
progress epoch=2 optimizer_steps=53178 raw_loss=2.048289 weighted_loss=5.169524 lr=0.0001 windows=61704/106562
progress epoch=2 optimizer_steps=53205 raw_loss=1.739840 weighted_loss=2.236035 lr=0.0001 windows=61822/106562
progress epoch=2 optimizer_steps=53226 raw_loss=1.992547 weighted_loss=2.709812 lr=0.0001 windows=61918/106562
progress epoch=2 optimizer_steps=53252 raw_loss=1.607808 weighted_loss=2.632684 lr=0.0001 windows=62025/106562
progress epoch=2 optimizer_steps=53277 raw_loss=1.671234 weighted_loss=1.891643 lr=0.0001 windows=62121/106562
progress epoch=2 optimizer_steps=53304 raw_loss=1.760703 weighted_loss=4.992473 lr=0.0001 windows=62230/106562
progress epoch=2 optimizer_steps=53328 raw_loss=1.853822 weighted_loss=2.530151 lr=0.0001 windows=62326/106562
progress epoch=2 optimizer_steps=53353 raw_loss=1.532545 weighted_loss=1.977394 lr=0.0001 windows=62422/106562
progress epoch=2 optimizer_steps=53378 raw_loss=1.764205 weighted_loss=2.459260 lr=0.0001 windows=62542/106562
progress epoch=2 optimizer_steps=53400 raw_loss=1.726102 weighted_loss=2.421152 lr=0.0001 windows=62637/106562
progress epoch=2 optimizer_steps=53428 raw_loss=1.917168 weighted_loss=2.394625 lr=0.0001 windows=62757/106562
progress epoch=2 optimizer_steps=53452 raw_loss=2.017189 weighted_loss=6.415264 lr=0.0001 windows=62887/106562
progress epoch=2 optimizer_steps=53476 raw_loss=1.735518 weighted_loss=2.634204 lr=0.0001 windows=62983/106562
progress epoch=2 optimizer_steps=53503 raw_loss=1.948917 weighted_loss=2.688045 lr=0.0001 windows=63103/106562
progress epoch=2 optimizer_steps=53527 raw_loss=1.665607 weighted_loss=2.103751 lr=0.0001 windows=63199/106562
progress epoch=2 optimizer_steps=53551 raw_loss=1.674284 weighted_loss=2.333088 lr=0.0001 windows=63295/106562
progress epoch=2 optimizer_steps=53581 raw_loss=1.430290 weighted_loss=1.655568 lr=0.0001 windows=63391/106562
progress epoch=2 optimizer_steps=53600 raw_loss=1.710340 weighted_loss=2.095652 lr=0.0001 windows=63463/106562
progress epoch=2 optimizer_steps=53630 raw_loss=1.967242 weighted_loss=5.692488 lr=0.0001 windows=63607/106562
progress epoch=2 optimizer_steps=53651 raw_loss=1.906981 weighted_loss=2.867998 lr=0.0001 windows=63703/106562
progress epoch=2 optimizer_steps=53682 raw_loss=1.612234 weighted_loss=1.739541 lr=0.0001 windows=63823/106562
progress epoch=2 optimizer_steps=53703 raw_loss=1.872717 weighted_loss=6.026163 lr=0.0001 windows=63919/106562
progress epoch=2 optimizer_steps=53730 raw_loss=1.538664 weighted_loss=1.608653 lr=0.0001 windows=64015/106562
progress epoch=2 optimizer_steps=53757 raw_loss=1.642486 weighted_loss=2.276334 lr=0.0001 windows=64111/106562
progress epoch=2 optimizer_steps=53780 raw_loss=2.080479 weighted_loss=3.793576 lr=0.0001 windows=64231/106562
progress epoch=2 optimizer_steps=53802 raw_loss=1.790899 weighted_loss=2.350401 lr=0.0001 windows=64327/106562
progress epoch=2 optimizer_steps=53830 raw_loss=1.829865 weighted_loss=5.161195 lr=0.0001 windows=64447/106562
progress epoch=2 optimizer_steps=53855 raw_loss=1.941905 weighted_loss=3.446400 lr=0.0001 windows=64567/106562
progress epoch=2 optimizer_steps=53878 raw_loss=2.280324 weighted_loss=7.197608 lr=0.0001 windows=64687/106562
progress epoch=2 optimizer_steps=53904 raw_loss=2.165094 weighted_loss=5.695728 lr=0.0001 windows=64807/106562
progress epoch=2 optimizer_steps=53928 raw_loss=1.488573 weighted_loss=2.084034 lr=0.0001 windows=64903/106562
progress epoch=2 optimizer_steps=53954 raw_loss=2.451767 weighted_loss=9.953395 lr=0.0001 windows=65047/106562
progress epoch=2 optimizer_steps=53978 raw_loss=1.897045 weighted_loss=2.390194 lr=0.0001 windows=65159/106562
progress epoch=2 optimizer_steps=54004 raw_loss=1.726539 weighted_loss=2.110032 lr=0.0001 windows=65271/106562
checkpoint optimizer_steps=54004 path=/home/yanzhou/cyh/cid-v17-retrain/runs/cid-v1-0.4b-v17-ncv4/stage-a/stage-a-latest.pt
progress epoch=2 optimizer_steps=54027 raw_loss=2.282152 weighted_loss=5.989901 lr=0.0001 windows=65391/106562
progress epoch=2 optimizer_steps=54050 raw_loss=2.058718 weighted_loss=3.213334 lr=0.0001 windows=65512/106562
progress epoch=2 optimizer_steps=54077 raw_loss=2.154590 weighted_loss=8.366232 lr=0.0001 windows=65656/106562
progress epoch=2 optimizer_steps=54100 raw_loss=1.722777 weighted_loss=1.927135 lr=0.0001 windows=65752/106562
progress epoch=2 optimizer_steps=54126 raw_loss=1.918560 weighted_loss=4.610244 lr=0.0001 windows=65872/106562
progress epoch=2 optimizer_steps=54153 raw_loss=1.859881 weighted_loss=2.423707 lr=0.0001 windows=65992/106562
progress epoch=2 optimizer_steps=54176 raw_loss=1.988539 weighted_loss=5.977958 lr=0.0001 windows=66100/106562
progress epoch=2 optimizer_steps=54205 raw_loss=2.587210 weighted_loss=9.517086 lr=0.0001 windows=66291/106562
progress epoch=2 optimizer_steps=54231 raw_loss=1.909456 weighted_loss=4.743365 lr=0.0001 windows=66411/106562
progress epoch=2 optimizer_steps=54251 raw_loss=1.595445 weighted_loss=2.007562 lr=0.0001 windows=66483/106562
progress epoch=2 optimizer_steps=54275 raw_loss=2.037022 weighted_loss=3.093849 lr=0.0001 windows=66603/106562
progress epoch=2 optimizer_steps=54303 raw_loss=1.639771 weighted_loss=2.034204 lr=0.0001 windows=66709/106562
progress epoch=2 optimizer_steps=54328 raw_loss=1.729605 weighted_loss=2.152542 lr=0.0001 windows=66805/106562
progress epoch=2 optimizer_steps=54353 raw_loss=1.727372 weighted_loss=2.188182 lr=0.0001 windows=66901/106562
progress epoch=2 optimizer_steps=54379 raw_loss=1.987022 weighted_loss=2.531291 lr=0.0001 windows=67021/106562
progress epoch=2 optimizer_steps=54400 raw_loss=2.061986 weighted_loss=2.458926 lr=0.0001 windows=67122/106562
progress epoch=2 optimizer_steps=54429 raw_loss=1.684292 weighted_loss=1.956625 lr=0.0001 windows=67242/106562
progress epoch=2 optimizer_steps=54455 raw_loss=1.662364 weighted_loss=2.013953 lr=0.0001 windows=67338/106562
progress epoch=2 optimizer_steps=54478 raw_loss=1.919092 weighted_loss=2.381039 lr=0.0001 windows=67450/106562
progress epoch=2 optimizer_steps=54502 raw_loss=1.744552 weighted_loss=2.473052 lr=0.0001 windows=67546/106562
progress epoch=2 optimizer_steps=54526 raw_loss=1.732154 weighted_loss=2.601740 lr=0.0001 windows=67652/106562
progress epoch=2 optimizer_steps=54555 raw_loss=2.269225 weighted_loss=5.715372 lr=0.0001 windows=67796/106562
progress epoch=2 optimizer_steps=54575 raw_loss=2.021891 weighted_loss=2.357535 lr=0.0001 windows=67892/106562
progress epoch=2 optimizer_steps=54603 raw_loss=1.862723 weighted_loss=2.471963 lr=0.0001 windows=68012/106562
progress epoch=2 optimizer_steps=54628 raw_loss=1.457206 weighted_loss=1.505462 lr=0.0001 windows=68108/106562
progress epoch=2 optimizer_steps=54652 raw_loss=1.674201 weighted_loss=1.766597 lr=0.0001 windows=68204/106562
progress epoch=2 optimizer_steps=54675 raw_loss=2.062651 weighted_loss=5.914447 lr=0.0001 windows=68324/106562
progress epoch=2 optimizer_steps=54701 raw_loss=2.070973 weighted_loss=2.647043 lr=0.0001 windows=68444/106562
progress epoch=2 optimizer_steps=54728 raw_loss=2.315916 weighted_loss=5.327428 lr=0.0001 windows=68588/106562
progress epoch=2 optimizer_steps=54753 raw_loss=1.923815 weighted_loss=2.732120 lr=0.0001 windows=68708/106562
progress epoch=2 optimizer_steps=54777 raw_loss=2.184015 weighted_loss=5.318499 lr=0.0001 windows=68828/106562
progress epoch=2 optimizer_steps=54803 raw_loss=1.904351 weighted_loss=2.440017 lr=0.0001 windows=68948/106562
progress epoch=2 optimizer_steps=54827 raw_loss=2.018847 weighted_loss=2.610151 lr=0.0001 windows=69068/106562
progress epoch=2 optimizer_steps=54850 raw_loss=1.899828 weighted_loss=2.250504 lr=0.0001 windows=69164/106562
progress epoch=2 optimizer_steps=54881 raw_loss=1.675708 weighted_loss=2.074182 lr=0.0001 windows=69284/106562
progress epoch=2 optimizer_steps=54904 raw_loss=1.489492 weighted_loss=1.731005 lr=0.0001 windows=69380/106562
progress epoch=2 optimizer_steps=54925 raw_loss=2.664021 weighted_loss=7.304466 lr=0.0001 windows=69500/106562
progress epoch=2 optimizer_steps=54953 raw_loss=2.216875 weighted_loss=6.024788 lr=0.0001 windows=69644/106562
progress epoch=2 optimizer_steps=54981 raw_loss=1.904025 weighted_loss=2.318689 lr=0.0001 windows=69764/106562
progress epoch=2 optimizer_steps=55004 raw_loss=1.768940 weighted_loss=1.929468 lr=0.0001 windows=69860/106562
checkpoint optimizer_steps=55004 path=/home/yanzhou/cyh/cid-v17-retrain/runs/cid-v1-0.4b-v17-ncv4/stage-a/stage-a-latest.pt
progress epoch=2 optimizer_steps=55026 raw_loss=1.878245 weighted_loss=2.134474 lr=0.0001 windows=69956/106562
progress epoch=2 optimizer_steps=55050 raw_loss=1.803968 weighted_loss=2.424544 lr=0.0001 windows=70052/106562
progress epoch=2 optimizer_steps=55077 raw_loss=1.985446 weighted_loss=2.638363 lr=0.0001 windows=70172/106562
progress epoch=2 optimizer_steps=55101 raw_loss=1.712589 weighted_loss=2.090718 lr=0.0001 windows=70268/106562
progress epoch=2 optimizer_steps=55128 raw_loss=1.820395 weighted_loss=2.758592 lr=0.0001 windows=70388/106562
progress epoch=2 optimizer_steps=55154 raw_loss=1.827635 weighted_loss=2.945072 lr=0.0001 windows=70508/106562
progress epoch=2 optimizer_steps=55176 raw_loss=2.125714 weighted_loss=3.376254 lr=0.0001 windows=70627/106562
progress epoch=2 optimizer_steps=55202 raw_loss=2.175763 weighted_loss=6.950226 lr=0.0001 windows=70771/106562
progress epoch=2 optimizer_steps=55226 raw_loss=2.446349 weighted_loss=6.172765 lr=0.0001 windows=70915/106562
progress epoch=2 optimizer_steps=55251 raw_loss=1.851633 weighted_loss=2.406010 lr=0.0001 windows=71035/106562
progress epoch=2 optimizer_steps=55279 raw_loss=2.126063 weighted_loss=3.588969 lr=0.0001 windows=71179/106562
progress epoch=2 optimizer_steps=55302 raw_loss=1.982586 weighted_loss=2.670231 lr=0.0001 windows=71275/106562
progress epoch=2 optimizer_steps=55330 raw_loss=1.688760 weighted_loss=4.697407 lr=0.0001 windows=71395/106562
progress epoch=2 optimizer_steps=55350 raw_loss=2.061846 weighted_loss=2.646637 lr=0.0001 windows=71491/106562
progress epoch=2 optimizer_steps=55376 raw_loss=2.087555 weighted_loss=5.249969 lr=0.0001 windows=71635/106562
progress epoch=2 optimizer_steps=55401 raw_loss=2.163377 weighted_loss=6.437272 lr=0.0001 windows=71755/106562
progress epoch=2 optimizer_steps=55432 raw_loss=2.006378 weighted_loss=7.606774 lr=0.0001 windows=71899/106562
progress epoch=2 optimizer_steps=55451 raw_loss=2.250903 weighted_loss=3.221626 lr=0.0001 windows=71995/106562
progress epoch=2 optimizer_steps=55481 raw_loss=1.649777 weighted_loss=2.039737 lr=0.0001 windows=72115/106562
progress epoch=2 optimizer_steps=55502 raw_loss=2.026281 weighted_loss=3.365765 lr=0.0001 windows=72211/106562
progress epoch=2 optimizer_steps=55529 raw_loss=2.130870 weighted_loss=5.420669 lr=0.0001 windows=72355/106562
progress epoch=2 optimizer_steps=55552 raw_loss=1.728171 weighted_loss=1.950698 lr=0.0001 windows=72451/106562
progress epoch=2 optimizer_steps=55575 raw_loss=2.736527 weighted_loss=10.150212 lr=0.0001 windows=72595/106562
progress epoch=2 optimizer_steps=55602 raw_loss=2.241717 weighted_loss=5.038587 lr=0.0001 windows=72735/106562
progress epoch=2 optimizer_steps=55629 raw_loss=1.601024 weighted_loss=1.870872 lr=0.0001 windows=72855/106562
progress epoch=2 optimizer_steps=55652 raw_loss=1.904962 weighted_loss=4.935118 lr=0.0001 windows=72951/106562
progress epoch=2 optimizer_steps=55676 raw_loss=1.476219 weighted_loss=1.467894 lr=0.0001 windows=73047/106562
progress epoch=2 optimizer_steps=55702 raw_loss=1.999880 weighted_loss=4.621128 lr=0.0001 windows=73167/106562
progress epoch=2 optimizer_steps=55727 raw_loss=1.343141 weighted_loss=1.317577 lr=0.0001 windows=73263/106562
progress epoch=2 optimizer_steps=55755 raw_loss=1.884001 weighted_loss=2.327669 lr=0.0001 windows=73383/106562
progress epoch=2 optimizer_steps=55780 raw_loss=1.611646 weighted_loss=2.407104 lr=0.0001 windows=73503/106562
progress epoch=2 optimizer_steps=55802 raw_loss=1.883145 weighted_loss=4.533210 lr=0.0001 windows=73599/106562
progress epoch=2 optimizer_steps=55827 raw_loss=2.495335 weighted_loss=11.067101 lr=0.0001 windows=73743/106562
progress epoch=2 optimizer_steps=55853 raw_loss=1.483317 weighted_loss=1.497725 lr=0.0001 windows=73839/106562
progress epoch=2 optimizer_steps=55879 raw_loss=2.008593 weighted_loss=4.560646 lr=0.0001 windows=73959/106562
progress epoch=2 optimizer_steps=55902 raw_loss=1.851314 weighted_loss=4.469823 lr=0.0001 windows=74055/106562
progress epoch=2 optimizer_steps=55930 raw_loss=2.492356 weighted_loss=5.944363 lr=0.0001 windows=74199/106562
progress epoch=2 optimizer_steps=55953 raw_loss=2.039695 weighted_loss=2.501907 lr=0.0001 windows=74295/106562
progress epoch=2 optimizer_steps=55977 raw_loss=2.292441 weighted_loss=5.184582 lr=0.0001 windows=74415/106562
progress epoch=2 optimizer_steps=56004 raw_loss=1.447818 weighted_loss=1.428721 lr=0.0001 windows=74511/106562
checkpoint optimizer_steps=56004 path=/home/yanzhou/cyh/cid-v17-retrain/runs/cid-v1-0.4b-v17-ncv4/stage-a/stage-a-latest.pt
progress epoch=2 optimizer_steps=56025 raw_loss=2.108348 weighted_loss=5.668842 lr=0.0001 windows=74607/106562
progress epoch=2 optimizer_steps=56053 raw_loss=1.683897 weighted_loss=1.945275 lr=0.0001 windows=74727/106562
progress epoch=2 optimizer_steps=56075 raw_loss=2.023073 weighted_loss=6.799995 lr=0.0001 windows=74823/106562
progress epoch=2 optimizer_steps=56104 raw_loss=2.156438 weighted_loss=4.766063 lr=0.0001 windows=74967/106562
progress epoch=2 optimizer_steps=56126 raw_loss=2.213516 weighted_loss=4.141305 lr=0.0001 windows=75087/106562
progress epoch=2 optimizer_steps=56152 raw_loss=2.023541 weighted_loss=2.637518 lr=0.0001 windows=75207/106562
progress epoch=2 optimizer_steps=56175 raw_loss=1.931249 weighted_loss=4.711645 lr=0.0001 windows=75303/106562
progress epoch=2 optimizer_steps=56202 raw_loss=2.218636 weighted_loss=8.561369 lr=0.0001 windows=75447/106562
progress epoch=2 optimizer_steps=56225 raw_loss=2.258486 weighted_loss=4.000550 lr=0.0001 windows=75567/106562
progress epoch=2 optimizer_steps=56251 raw_loss=2.201966 weighted_loss=4.980953 lr=0.0001 windows=75687/106562
progress epoch=2 optimizer_steps=56275 raw_loss=1.881558 weighted_loss=2.328464 lr=0.0001 windows=75783/106562
progress epoch=2 optimizer_steps=56302 raw_loss=2.363080 weighted_loss=6.554624 lr=0.0001 windows=75951/106562
progress epoch=2 optimizer_steps=56329 raw_loss=2.124447 weighted_loss=8.020069 lr=0.0001 windows=76095/106562
progress epoch=2 optimizer_steps=56352 raw_loss=1.948140 weighted_loss=2.253676 lr=0.0001 windows=76191/106562
progress epoch=2 optimizer_steps=56377 raw_loss=1.703521 weighted_loss=2.072278 lr=0.0001 windows=76311/106562
progress epoch=2 optimizer_steps=56405 raw_loss=1.780882 weighted_loss=2.235611 lr=0.0001 windows=76431/106562
progress epoch=2 optimizer_steps=56430 raw_loss=1.796807 weighted_loss=1.959522 lr=0.0001 windows=76527/106562
progress epoch=2 optimizer_steps=56451 raw_loss=2.438170 weighted_loss=8.608798 lr=0.0001 windows=76671/106562
progress epoch=2 optimizer_steps=56475 raw_loss=1.508648 weighted_loss=1.862913 lr=0.0001 windows=76767/106562
progress epoch=2 optimizer_steps=56503 raw_loss=1.948484 weighted_loss=2.719497 lr=0.0001 windows=76887/106562
progress epoch=2 optimizer_steps=56526 raw_loss=1.769810 weighted_loss=2.403310 lr=0.0001 windows=76983/106562
progress epoch=2 optimizer_steps=56551 raw_loss=2.173622 weighted_loss=7.152555 lr=0.0001 windows=77151/106562
progress epoch=2 optimizer_steps=56575 raw_loss=1.870575 weighted_loss=4.366321 lr=0.0001 windows=77271/106562
progress epoch=2 optimizer_steps=56604 raw_loss=1.688900 weighted_loss=2.704203 lr=0.0001 windows=77415/106562
progress epoch=2 optimizer_steps=56628 raw_loss=1.970677 weighted_loss=7.546994 lr=0.0001 windows=77535/106562
progress epoch=2 optimizer_steps=56652 raw_loss=1.518902 weighted_loss=1.677734 lr=0.0001 windows=77631/106562
progress epoch=2 optimizer_steps=56677 raw_loss=1.667927 weighted_loss=1.996287 lr=0.0001 windows=77751/106562
progress epoch=2 optimizer_steps=56703 raw_loss=1.847198 weighted_loss=2.378764 lr=0.0001 windows=77871/106562
progress epoch=2 optimizer_steps=56727 raw_loss=1.725872 weighted_loss=1.980742 lr=0.0001 windows=77967/106562
progress epoch=2 optimizer_steps=56750 raw_loss=1.645554 weighted_loss=2.471991 lr=0.0001 windows=78063/106562
progress epoch=2 optimizer_steps=56777 raw_loss=2.106992 weighted_loss=3.264877 lr=0.0001 windows=78207/106562
progress epoch=2 optimizer_steps=56802 raw_loss=1.539847 weighted_loss=1.684619 lr=0.0001 windows=78303/106562
progress epoch=2 optimizer_steps=56830 raw_loss=1.682050 weighted_loss=2.138707 lr=0.0001 windows=78423/106562
progress epoch=2 optimizer_steps=56851 raw_loss=1.433807 weighted_loss=1.631961 lr=0.0001 windows=78519/106562
progress epoch=2 optimizer_steps=56875 raw_loss=1.483951 weighted_loss=1.542450 lr=0.0001 windows=78615/106562
progress epoch=2 optimizer_steps=56905 raw_loss=1.582608 weighted_loss=3.735313 lr=0.0001 windows=78735/106562
progress epoch=2 optimizer_steps=56927 raw_loss=1.975472 weighted_loss=2.302815 lr=0.0001 windows=78831/106562
progress epoch=2 optimizer_steps=56950 raw_loss=1.483484 weighted_loss=1.738813 lr=0.0001 windows=78927/106562
progress epoch=2 optimizer_steps=56977 raw_loss=1.952697 weighted_loss=2.740088 lr=0.0001 windows=79071/106562
progress epoch=2 optimizer_steps=57002 raw_loss=2.259738 weighted_loss=9.603484 lr=0.0001 windows=79215/106562
checkpoint optimizer_steps=57002 path=/home/yanzhou/cyh/cid-v17-retrain/runs/cid-v1-0.4b-v17-ncv4/stage-a/stage-a-latest.pt
progress epoch=2 optimizer_steps=57026 raw_loss=1.870870 weighted_loss=4.791994 lr=0.0001 windows=79335/106562
progress epoch=2 optimizer_steps=57050 raw_loss=1.468326 weighted_loss=1.570386 lr=0.0001 windows=79431/106562
progress epoch=2 optimizer_steps=57075 raw_loss=1.615385 weighted_loss=2.695029 lr=0.0001 windows=79551/106562
progress epoch=2 optimizer_steps=57100 raw_loss=1.371912 weighted_loss=1.529074 lr=0.0001 windows=79647/106562
progress epoch=2 optimizer_steps=57131 raw_loss=1.553665 weighted_loss=4.379119 lr=0.0001 windows=79779/106562
progress epoch=2 optimizer_steps=57151 raw_loss=1.750049 weighted_loss=2.440281 lr=0.0001 windows=79875/106562
progress epoch=2 optimizer_steps=57180 raw_loss=1.859366 weighted_loss=2.625761 lr=0.0001 windows=80018/106562
progress epoch=2 optimizer_steps=57201 raw_loss=1.776946 weighted_loss=5.211980 lr=0.0001 windows=80128/106562
progress epoch=2 optimizer_steps=57225 raw_loss=1.304209 weighted_loss=1.365966 lr=0.0001 windows=80224/106562
progress epoch=2 optimizer_steps=57255 raw_loss=1.476820 weighted_loss=1.569845 lr=0.0001 windows=80344/106562
progress epoch=2 optimizer_steps=57279 raw_loss=1.170152 weighted_loss=1.138630 lr=0.0001 windows=80440/106562
progress epoch=2 optimizer_steps=57302 raw_loss=1.581787 weighted_loss=1.805078 lr=0.0001 windows=80536/106562
progress epoch=2 optimizer_steps=57332 raw_loss=1.512311 weighted_loss=2.200931 lr=0.0001 windows=80675/106562
progress epoch=2 optimizer_steps=57352 raw_loss=2.167331 weighted_loss=6.342793 lr=0.0001 windows=80792/106562
progress epoch=2 optimizer_steps=57375 raw_loss=1.354701 weighted_loss=1.454241 lr=0.0001 windows=80888/106562
progress epoch=2 optimizer_steps=57403 raw_loss=1.383312 weighted_loss=1.882662 lr=0.0001 windows=81032/106562
progress epoch=2 optimizer_steps=57427 raw_loss=1.243079 weighted_loss=1.438877 lr=0.0001 windows=81128/106562
progress epoch=2 optimizer_steps=57451 raw_loss=1.603917 weighted_loss=2.108527 lr=0.0001 windows=81248/106562
progress epoch=2 optimizer_steps=57478 raw_loss=1.415020 weighted_loss=2.175782 lr=0.0001 windows=81368/106562
progress epoch=2 optimizer_steps=57502 raw_loss=1.322540 weighted_loss=1.486213 lr=0.0001 windows=81464/106562
progress epoch=2 optimizer_steps=57527 raw_loss=1.985721 weighted_loss=6.170121 lr=0.0001 windows=81599/106562
progress epoch=2 optimizer_steps=57552 raw_loss=1.301356 weighted_loss=1.536828 lr=0.0001 windows=81719/106562
progress epoch=2 optimizer_steps=57575 raw_loss=1.266153 weighted_loss=1.292584 lr=0.0001 windows=81811/106562
progress epoch=2 optimizer_steps=57607 raw_loss=1.145701 weighted_loss=1.283787 lr=0.0001 windows=81931/106562
progress epoch=2 optimizer_steps=57625 raw_loss=1.797594 weighted_loss=7.060635 lr=0.0001 windows=82027/106562
progress epoch=2 optimizer_steps=57654 raw_loss=1.656699 weighted_loss=7.003620 lr=0.0001 windows=82171/106562
progress epoch=2 optimizer_steps=57677 raw_loss=1.126999 weighted_loss=1.087762 lr=0.0001 windows=82264/106562
progress epoch=2 optimizer_steps=57701 raw_loss=1.224470 weighted_loss=1.428603 lr=0.0001 windows=82360/106562
progress epoch=2 optimizer_steps=57726 raw_loss=1.588419 weighted_loss=4.671522 lr=0.0001 windows=82480/106562
progress epoch=2 optimizer_steps=57751 raw_loss=1.706951 weighted_loss=2.733323 lr=0.0001 windows=82600/106562
progress epoch=2 optimizer_steps=57779 raw_loss=1.617295 weighted_loss=2.937112 lr=0.0001 windows=82744/106562
progress epoch=2 optimizer_steps=57800 raw_loss=1.666846 weighted_loss=5.052242 lr=0.0001 windows=82840/106562
progress epoch=2 optimizer_steps=57830 raw_loss=1.596615 weighted_loss=6.608316 lr=0.0001 windows=83016/106562
progress epoch=2 optimizer_steps=57852 raw_loss=1.240481 weighted_loss=3.378320 lr=0.0001 windows=83112/106562
progress epoch=2 optimizer_steps=57878 raw_loss=1.326778 weighted_loss=2.776285 lr=0.0001 windows=83232/106562
progress epoch=2 optimizer_steps=57901 raw_loss=1.673629 weighted_loss=2.774504 lr=0.0001 windows=83352/106562
progress epoch=2 optimizer_steps=57926 raw_loss=1.476109 weighted_loss=2.462648 lr=0.0001 windows=83472/106562
progress epoch=2 optimizer_steps=57950 raw_loss=1.535933 weighted_loss=4.331904 lr=0.0001 windows=83592/106562
progress epoch=2 optimizer_steps=57979 raw_loss=1.263601 weighted_loss=1.509732 lr=0.0001 windows=83711/106562
progress epoch=2 optimizer_steps=58001 raw_loss=1.739084 weighted_loss=5.275667 lr=0.0001 windows=83844/106562
checkpoint optimizer_steps=58001 path=/home/yanzhou/cyh/cid-v17-retrain/runs/cid-v1-0.4b-v17-ncv4/stage-a/stage-a-latest.pt
progress epoch=2 optimizer_steps=58025 raw_loss=1.427566 weighted_loss=3.626935 lr=0.0001 windows=83966/106562
progress epoch=2 optimizer_steps=58051 raw_loss=1.203479 weighted_loss=1.294363 lr=0.0001 windows=84062/106562
progress epoch=2 optimizer_steps=58080 raw_loss=1.444511 weighted_loss=5.257574 lr=0.0001 windows=84206/106562
progress epoch=2 optimizer_steps=58103 raw_loss=1.329465 weighted_loss=1.582556 lr=0.0001 windows=84302/106562
progress epoch=2 optimizer_steps=58126 raw_loss=1.215544 weighted_loss=3.169869 lr=0.0001 windows=84398/106562
progress epoch=2 optimizer_steps=58153 raw_loss=1.229935 weighted_loss=3.022068 lr=0.0001 windows=84531/106562
progress epoch=2 optimizer_steps=58178 raw_loss=1.586407 weighted_loss=6.039448 lr=0.0001 windows=84675/106562
progress epoch=2 optimizer_steps=58204 raw_loss=1.290223 weighted_loss=2.696581 lr=0.0001 windows=84795/106562
progress epoch=2 optimizer_steps=58230 raw_loss=1.357010 weighted_loss=3.133177 lr=0.0001 windows=84932/106562
progress epoch=2 optimizer_steps=58251 raw_loss=1.126306 weighted_loss=1.524149 lr=0.0001 windows=85028/106562
progress epoch=2 optimizer_steps=58278 raw_loss=1.405097 weighted_loss=2.230987 lr=0.0001 windows=85148/106562
progress epoch=2 optimizer_steps=58305 raw_loss=1.623623 weighted_loss=3.198193 lr=0.0001 windows=85292/106562
progress epoch=2 optimizer_steps=58329 raw_loss=1.314830 weighted_loss=1.504782 lr=0.0001 windows=85388/106562
progress epoch=2 optimizer_steps=58350 raw_loss=1.092912 weighted_loss=1.049346 lr=0.0001 windows=85460/106562
progress epoch=2 optimizer_steps=58379 raw_loss=1.322320 weighted_loss=2.056681 lr=0.0001 windows=85580/106562
progress epoch=2 optimizer_steps=58400 raw_loss=1.604787 weighted_loss=2.540609 lr=0.0001 windows=85676/106562
progress epoch=2 optimizer_steps=58425 raw_loss=1.003657 weighted_loss=0.987040 lr=0.0001 windows=85772/106562
progress epoch=2 optimizer_steps=58454 raw_loss=1.366271 weighted_loss=2.206410 lr=0.0001 windows=85892/106562
progress epoch=2 optimizer_steps=58478 raw_loss=1.170960 weighted_loss=1.347666 lr=0.0001 windows=85988/106562
progress epoch=2 optimizer_steps=58500 raw_loss=1.359262 weighted_loss=2.200188 lr=0.0001 windows=86084/106562
progress epoch=2 optimizer_steps=58525 raw_loss=1.362570 weighted_loss=2.329666 lr=0.0001 windows=86204/106562
progress epoch=2 optimizer_steps=58550 raw_loss=1.295260 weighted_loss=2.025168 lr=0.0001 windows=86300/106562
progress epoch=2 optimizer_steps=58577 raw_loss=1.280154 weighted_loss=2.097243 lr=0.0001 windows=86420/106562
progress epoch=2 optimizer_steps=58602 raw_loss=1.479129 weighted_loss=3.011280 lr=0.0001 windows=86540/106562
progress epoch=2 optimizer_steps=58626 raw_loss=1.656366 weighted_loss=3.179802 lr=0.0001 windows=86660/106562
progress epoch=2 optimizer_steps=58654 raw_loss=1.278360 weighted_loss=1.936252 lr=0.0001 windows=86780/106562
progress epoch=2 optimizer_steps=58678 raw_loss=1.477105 weighted_loss=2.434800 lr=0.0001 windows=86900/106562
progress epoch=2 optimizer_steps=58704 raw_loss=1.293889 weighted_loss=2.155999 lr=0.0001 windows=87020/106562
progress epoch=2 optimizer_steps=58732 raw_loss=1.612724 weighted_loss=3.158325 lr=0.0001 windows=87164/106562
progress epoch=2 optimizer_steps=58753 raw_loss=1.218073 weighted_loss=2.083083 lr=0.0001 windows=87268/106562
progress epoch=2 optimizer_steps=58781 raw_loss=1.203366 weighted_loss=1.750315 lr=0.0001 windows=87388/106562
progress epoch=2 optimizer_steps=58801 raw_loss=1.487224 weighted_loss=3.189872 lr=0.0001 windows=87508/106562
progress epoch=2 optimizer_steps=58826 raw_loss=1.205848 weighted_loss=2.037485 lr=0.0001 windows=87628/106562
progress epoch=2 optimizer_steps=58852 raw_loss=1.136464 weighted_loss=1.732745 lr=0.0001 windows=87748/106562
progress epoch=2 optimizer_steps=58882 raw_loss=1.162534 weighted_loss=2.072808 lr=0.0001 windows=87892/106562
progress epoch=2 optimizer_steps=58901 raw_loss=1.145467 weighted_loss=2.103463 lr=0.0001 windows=87988/106562
progress epoch=2 optimizer_steps=58926 raw_loss=0.915513 weighted_loss=0.966614 lr=0.0001 windows=88084/106562
progress epoch=2 optimizer_steps=58954 raw_loss=1.001262 weighted_loss=0.936294 lr=0.0001 windows=88180/106562
progress epoch=2 optimizer_steps=58975 raw_loss=0.986238 weighted_loss=1.628570 lr=0.0001 windows=88276/106562
progress epoch=2 optimizer_steps=59000 raw_loss=1.065483 weighted_loss=1.706689 lr=0.0001 windows=88396/106562
checkpoint optimizer_steps=59000 path=/home/yanzhou/cyh/cid-v17-retrain/runs/cid-v1-0.4b-v17-ncv4/stage-a/stage-a-latest.pt
progress epoch=2 optimizer_steps=59030 raw_loss=1.304742 weighted_loss=2.301913 lr=0.0001 windows=88540/106562
progress epoch=2 optimizer_steps=59051 raw_loss=1.200335 weighted_loss=1.990712 lr=0.0001 windows=88636/106562
progress epoch=2 optimizer_steps=59079 raw_loss=1.490191 weighted_loss=2.846211 lr=0.0001 windows=88780/106562
progress epoch=2 optimizer_steps=59101 raw_loss=1.200787 weighted_loss=1.761916 lr=0.0001 windows=88876/106562
progress epoch=2 optimizer_steps=59127 raw_loss=1.101800 weighted_loss=1.099376 lr=0.0001 windows=88972/106562
progress epoch=2 optimizer_steps=59152 raw_loss=1.036333 weighted_loss=1.072623 lr=0.0001 windows=89068/106562
progress epoch=2 optimizer_steps=59175 raw_loss=1.213855 weighted_loss=1.767200 lr=0.0001 windows=89164/106562
progress epoch=2 optimizer_steps=59202 raw_loss=1.043440 weighted_loss=1.586861 lr=0.0001 windows=89284/106562
progress epoch=2 optimizer_steps=59228 raw_loss=0.959899 weighted_loss=0.982345 lr=0.0001 windows=89380/106562
progress epoch=2 optimizer_steps=59255 raw_loss=1.088867 weighted_loss=1.069361 lr=0.0001 windows=89476/106562
progress epoch=2 optimizer_steps=59275 raw_loss=1.532126 weighted_loss=2.455674 lr=0.0001 windows=89572/106562
progress epoch=2 optimizer_steps=59302 raw_loss=1.308570 weighted_loss=2.032610 lr=0.0001 windows=89692/106562
progress epoch=2 optimizer_steps=59325 raw_loss=1.310947 weighted_loss=2.452669 lr=0.0001 windows=89812/106562
progress epoch=2 optimizer_steps=59351 raw_loss=1.379407 weighted_loss=2.109967 lr=0.0001 windows=89932/106562
progress epoch=2 optimizer_steps=59380 raw_loss=1.142113 weighted_loss=1.671306 lr=0.0001 windows=90052/106562
progress epoch=2 optimizer_steps=59400 raw_loss=1.391799 weighted_loss=2.232531 lr=0.0001 windows=90148/106562
progress epoch=2 optimizer_steps=59428 raw_loss=1.229663 weighted_loss=1.785090 lr=0.0001 windows=90268/106562
progress epoch=2 optimizer_steps=59450 raw_loss=1.642565 weighted_loss=3.167411 lr=0.0001 windows=90388/106562
progress epoch=2 optimizer_steps=59475 raw_loss=1.051193 weighted_loss=1.109871 lr=0.0001 windows=90484/106562
progress epoch=2 optimizer_steps=59500 raw_loss=1.648466 weighted_loss=3.462425 lr=0.0001 windows=90628/106562
progress epoch=2 optimizer_steps=59528 raw_loss=0.999462 weighted_loss=1.397756 lr=0.0001 windows=90748/106562
progress epoch=2 optimizer_steps=59552 raw_loss=1.199770 weighted_loss=1.615956 lr=0.0001 windows=90844/106562
progress epoch=2 optimizer_steps=59576 raw_loss=1.096658 weighted_loss=1.255360 lr=0.0001 windows=90940/106562
progress epoch=2 optimizer_steps=59604 raw_loss=1.183390 weighted_loss=1.682510 lr=0.0001 windows=91060/106562
progress epoch=2 optimizer_steps=59631 raw_loss=1.042485 weighted_loss=1.027253 lr=0.0001 windows=91156/106562
progress epoch=2 optimizer_steps=59657 raw_loss=1.381173 weighted_loss=2.412632 lr=0.0001 windows=91276/106562
progress epoch=2 optimizer_steps=59675 raw_loss=1.133838 weighted_loss=1.278711 lr=0.0001 windows=91348/106562
progress epoch=2 optimizer_steps=59702 raw_loss=1.225600 weighted_loss=1.976614 lr=0.0001 windows=91468/106562
progress epoch=2 optimizer_steps=59727 raw_loss=1.042170 weighted_loss=1.406789 lr=0.0001 windows=91564/106562
progress epoch=2 optimizer_steps=59753 raw_loss=0.975175 weighted_loss=1.000279 lr=0.0001 windows=91660/106562
progress epoch=2 optimizer_steps=59781 raw_loss=1.178990 weighted_loss=1.702788 lr=0.0001 windows=91780/106562
progress epoch=2 optimizer_steps=59802 raw_loss=0.903095 weighted_loss=0.868292 lr=0.0001 windows=91852/106562
progress epoch=2 optimizer_steps=59828 raw_loss=1.250292 weighted_loss=1.940749 lr=0.0001 windows=91972/106562
progress epoch=2 optimizer_steps=59852 raw_loss=0.964530 weighted_loss=1.062618 lr=0.0001 windows=92068/106562
progress epoch=2 optimizer_steps=59880 raw_loss=0.995095 weighted_loss=1.047900 lr=0.0001 windows=92175/106562
progress epoch=2 optimizer_steps=59901 raw_loss=1.159138 weighted_loss=1.932817 lr=0.0001 windows=92271/106562
progress epoch=2 optimizer_steps=59928 raw_loss=1.303972 weighted_loss=2.433619 lr=0.0001 windows=92415/106562
progress epoch=2 optimizer_steps=59955 raw_loss=1.075694 weighted_loss=1.606500 lr=0.0001 windows=92535/106562
progress epoch=2 optimizer_steps=59977 raw_loss=1.474991 weighted_loss=3.004902 lr=0.0001 windows=92655/106562
progress epoch=2 optimizer_steps=60003 raw_loss=1.076871 weighted_loss=1.735639 lr=0.0001 windows=92775/106562
checkpoint optimizer_steps=60003 path=/home/yanzhou/cyh/cid-v17-retrain/runs/cid-v1-0.4b-v17-ncv4/stage-a/stage-a-latest.pt
progress epoch=2 optimizer_steps=60029 raw_loss=1.303351 weighted_loss=2.040569 lr=0.0001 windows=92895/106562
progress epoch=2 optimizer_steps=60053 raw_loss=1.055894 weighted_loss=1.163879 lr=0.0001 windows=92991/106562
progress epoch=2 optimizer_steps=60077 raw_loss=1.075678 weighted_loss=1.162735 lr=0.0001 windows=93087/106562
progress epoch=2 optimizer_steps=60101 raw_loss=1.455405 weighted_loss=3.145203 lr=0.0001 windows=93231/106562
progress epoch=2 optimizer_steps=60130 raw_loss=1.614216 weighted_loss=3.377784 lr=0.0001 windows=93399/106562
progress epoch=2 optimizer_steps=60150 raw_loss=1.387355 weighted_loss=2.265175 lr=0.0001 windows=93495/106562
progress epoch=2 optimizer_steps=60175 raw_loss=1.408155 weighted_loss=2.179801 lr=0.0001 windows=93615/106562
progress epoch=2 optimizer_steps=60205 raw_loss=1.377273 weighted_loss=2.773978 lr=0.0001 windows=93783/106562
progress epoch=2 optimizer_steps=60231 raw_loss=1.185002 weighted_loss=1.820774 lr=0.0001 windows=93903/106562
progress epoch=2 optimizer_steps=60252 raw_loss=1.030826 weighted_loss=1.658634 lr=0.0001 windows=93999/106562
progress epoch=2 optimizer_steps=60277 raw_loss=0.963167 weighted_loss=1.621070 lr=0.0001 windows=94119/106562
progress epoch=2 optimizer_steps=60302 raw_loss=0.887582 weighted_loss=0.928731 lr=0.0001 windows=94215/106562
progress epoch=2 optimizer_steps=60328 raw_loss=1.200199 weighted_loss=2.707467 lr=0.0001 windows=94359/106562
progress epoch=2 optimizer_steps=60352 raw_loss=1.004151 weighted_loss=1.662829 lr=0.0001 windows=94479/106562
progress epoch=2 optimizer_steps=60378 raw_loss=1.024177 weighted_loss=1.728029 lr=0.0001 windows=94599/106562
progress epoch=2 optimizer_steps=60401 raw_loss=1.128576 weighted_loss=2.260236 lr=0.0001 windows=94719/106562
progress epoch=2 optimizer_steps=60425 raw_loss=1.225685 weighted_loss=2.719844 lr=0.0001 windows=94863/106562
progress epoch=2 optimizer_steps=60453 raw_loss=1.108618 weighted_loss=2.179488 lr=0.0001 windows=95007/106562
progress epoch=2 optimizer_steps=60475 raw_loss=1.231918 weighted_loss=2.392056 lr=0.0001 windows=95127/106562
progress epoch=2 optimizer_steps=60503 raw_loss=1.248313 weighted_loss=2.228583 lr=0.0001 windows=95271/106562
progress epoch=2 optimizer_steps=60531 raw_loss=1.224365 weighted_loss=2.228999 lr=0.0001 windows=95415/106562
progress epoch=2 optimizer_steps=60552 raw_loss=1.179757 weighted_loss=1.997705 lr=0.0001 windows=95511/106562
progress epoch=2 optimizer_steps=60576 raw_loss=0.913513 weighted_loss=1.003478 lr=0.0001 windows=95607/106562
progress epoch=2 optimizer_steps=60601 raw_loss=1.237716 weighted_loss=2.340370 lr=0.0001 windows=95751/106562
progress epoch=2 optimizer_steps=60626 raw_loss=1.216424 weighted_loss=1.856039 lr=0.0001 windows=95871/106562
progress epoch=2 optimizer_steps=60653 raw_loss=1.190774 weighted_loss=2.346055 lr=0.0001 windows=96015/106562
progress epoch=2 optimizer_steps=60680 raw_loss=1.191086 weighted_loss=2.109444 lr=0.0001 windows=96159/106562
progress epoch=2 optimizer_steps=60700 raw_loss=1.016315 weighted_loss=1.630218 lr=0.0001 windows=96255/106562
progress epoch=2 optimizer_steps=60728 raw_loss=1.164157 weighted_loss=2.221798 lr=0.0001 windows=96399/106562
progress epoch=2 optimizer_steps=60751 raw_loss=1.309460 weighted_loss=2.595986 lr=0.0001 windows=96519/106562
progress epoch=2 optimizer_steps=60777 raw_loss=1.125136 weighted_loss=1.840300 lr=0.0001 windows=96639/106562
progress epoch=2 optimizer_steps=60801 raw_loss=0.806857 weighted_loss=0.851116 lr=0.0001 windows=96735/106562
progress epoch=2 optimizer_steps=60825 raw_loss=0.956680 weighted_loss=1.026899 lr=0.0001 windows=96831/106562
progress epoch=2 optimizer_steps=60851 raw_loss=1.342580 weighted_loss=2.813087 lr=0.0001 windows=96975/106562
progress epoch=2 optimizer_steps=60876 raw_loss=0.928653 weighted_loss=0.967405 lr=0.0001 windows=97071/106562
progress epoch=2 optimizer_steps=60904 raw_loss=0.862843 weighted_loss=0.998215 lr=0.0001 windows=97191/106562
progress epoch=2 optimizer_steps=60925 raw_loss=1.544238 weighted_loss=3.034518 lr=0.0001 windows=97311/106562
progress epoch=2 optimizer_steps=60955 raw_loss=1.161882 weighted_loss=1.720995 lr=0.0001 windows=97455/106562
progress epoch=2 optimizer_steps=60979 raw_loss=0.997634 weighted_loss=1.600275 lr=0.0001 windows=97575/106562
progress epoch=2 optimizer_steps=61001 raw_loss=0.955771 weighted_loss=1.415673 lr=0.0001 windows=97671/106562
checkpoint optimizer_steps=61001 path=/home/yanzhou/cyh/cid-v17-retrain/runs/cid-v1-0.4b-v17-ncv4/stage-a/stage-a-latest.pt
progress epoch=2 optimizer_steps=61027 raw_loss=0.995369 weighted_loss=1.462546 lr=0.0001 windows=97791/106562
progress epoch=2 optimizer_steps=61053 raw_loss=0.820217 weighted_loss=0.828426 lr=0.0001 windows=97887/106562
progress epoch=2 optimizer_steps=61075 raw_loss=1.407586 weighted_loss=2.627558 lr=0.0001 windows=98007/106562
progress epoch=2 optimizer_steps=61100 raw_loss=1.143439 weighted_loss=1.267045 lr=0.0001 windows=98103/106562
progress epoch=2 optimizer_steps=61125 raw_loss=0.880061 weighted_loss=1.446264 lr=0.0001 windows=98223/106562
progress epoch=2 optimizer_steps=61152 raw_loss=0.921887 weighted_loss=1.317703 lr=0.0001 windows=98343/106562
progress epoch=2 optimizer_steps=61177 raw_loss=0.897500 weighted_loss=1.532760 lr=0.0001 windows=98463/106562
progress epoch=2 optimizer_steps=61206 raw_loss=1.140487 weighted_loss=2.072685 lr=0.0001 windows=98611/106562
progress epoch=2 optimizer_steps=61227 raw_loss=0.871576 weighted_loss=1.373790 lr=0.0001 windows=98707/106562
progress epoch=2 optimizer_steps=61252 raw_loss=1.090919 weighted_loss=2.483552 lr=0.0001 windows=98851/106562
progress epoch=2 optimizer_steps=61276 raw_loss=0.920165 weighted_loss=1.742257 lr=0.0001 windows=98971/106562
progress epoch=2 optimizer_steps=61304 raw_loss=0.784820 weighted_loss=1.077904 lr=0.0001 windows=99091/106562
progress epoch=2 optimizer_steps=61326 raw_loss=0.853343 weighted_loss=1.321593 lr=0.0001 windows=99187/106562
progress epoch=2 optimizer_steps=61352 raw_loss=0.744400 weighted_loss=0.749313 lr=0.0001 windows=99283/106562
progress epoch=2 optimizer_steps=61376 raw_loss=1.030237 weighted_loss=1.811144 lr=0.0001 windows=99403/106562
progress epoch=2 optimizer_steps=61406 raw_loss=1.089731 weighted_loss=1.796192 lr=0.0001 windows=99547/106562
progress epoch=2 optimizer_steps=61430 raw_loss=1.030171 weighted_loss=1.814447 lr=0.0001 windows=99667/106562
progress epoch=2 optimizer_steps=61455 raw_loss=1.148714 weighted_loss=2.373610 lr=0.0001 windows=99811/106562
progress epoch=2 optimizer_steps=61479 raw_loss=1.153983 weighted_loss=2.204623 lr=0.0001 windows=99931/106562
progress epoch=2 optimizer_steps=61501 raw_loss=0.868504 weighted_loss=1.354599 lr=0.0001 windows=100027/106562
progress epoch=2 optimizer_steps=61527 raw_loss=0.966773 weighted_loss=0.981166 lr=0.0001 windows=100123/106562
progress epoch=2 optimizer_steps=61555 raw_loss=0.986850 weighted_loss=1.485203 lr=0.0001 windows=100243/106562
progress epoch=2 optimizer_steps=61581 raw_loss=1.282041 weighted_loss=2.818185 lr=0.0001 windows=100387/106562
progress epoch=2 optimizer_steps=61605 raw_loss=1.372419 weighted_loss=2.413386 lr=0.0001 windows=100507/106562
progress epoch=2 optimizer_steps=61628 raw_loss=1.013949 weighted_loss=1.966579 lr=0.0001 windows=100627/106562
progress epoch=2 optimizer_steps=61651 raw_loss=1.366655 weighted_loss=2.568597 lr=0.0001 windows=100747/106562
progress epoch=2 optimizer_steps=61680 raw_loss=1.506033 weighted_loss=2.795456 lr=0.0001 windows=100904/106562
progress epoch=2 optimizer_steps=61700 raw_loss=1.685000 weighted_loss=4.012537 lr=0.0001 windows=101024/106562
progress epoch=2 optimizer_steps=61725 raw_loss=1.087166 weighted_loss=2.080499 lr=0.0001 windows=101144/106562
progress epoch=2 optimizer_steps=61752 raw_loss=1.268330 weighted_loss=2.955983 lr=0.0001 windows=101288/106562
progress epoch=2 optimizer_steps=61779 raw_loss=1.350653 weighted_loss=3.074975 lr=0.0001 windows=101432/106562
progress epoch=2 optimizer_steps=61806 raw_loss=1.027924 weighted_loss=2.203411 lr=0.0001 windows=101576/106562
progress epoch=2 optimizer_steps=61826 raw_loss=1.292372 weighted_loss=3.044090 lr=0.0001 windows=101696/106562
progress epoch=2 optimizer_steps=61851 raw_loss=1.531184 weighted_loss=2.757982 lr=0.0001 windows=101816/106562
progress epoch=2 optimizer_steps=61878 raw_loss=1.462077 weighted_loss=3.062318 lr=0.0001 windows=101960/106562
progress epoch=2 optimizer_steps=61905 raw_loss=1.211544 weighted_loss=2.640656 lr=0.0001 windows=102104/106562
progress epoch=2 optimizer_steps=61925 raw_loss=1.361435 weighted_loss=3.287754 lr=0.0001 windows=102224/106562
progress epoch=2 optimizer_steps=61950 raw_loss=1.081701 weighted_loss=1.921726 lr=0.0001 windows=102344/106562
progress epoch=2 optimizer_steps=61977 raw_loss=1.204604 weighted_loss=2.752774 lr=0.0001 windows=102488/106562
progress epoch=2 optimizer_steps=62004 raw_loss=1.260410 weighted_loss=2.678847 lr=0.0001 windows=102632/106562
checkpoint optimizer_steps=62004 path=/home/yanzhou/cyh/cid-v17-retrain/runs/cid-v1-0.4b-v17-ncv4/stage-a/stage-a-latest.pt
progress epoch=2 optimizer_steps=62031 raw_loss=1.210256 weighted_loss=2.718502 lr=0.0001 windows=102776/106562
progress epoch=2 optimizer_steps=62051 raw_loss=1.391246 weighted_loss=3.231402 lr=0.0001 windows=102896/106562
progress epoch=2 optimizer_steps=62076 raw_loss=0.998844 weighted_loss=1.905927 lr=0.0001 windows=103016/106562
progress epoch=2 optimizer_steps=62103 raw_loss=1.235044 weighted_loss=2.500238 lr=0.0001 windows=103160/106562
progress epoch=2 optimizer_steps=62130 raw_loss=1.305265 weighted_loss=2.857240 lr=0.0001 windows=103304/106562
progress epoch=2 optimizer_steps=62150 raw_loss=1.604837 weighted_loss=3.804157 lr=0.0001 windows=103424/106562
progress epoch=2 optimizer_steps=62175 raw_loss=1.187137 weighted_loss=2.265483 lr=0.0001 windows=103544/106562
progress epoch=2 optimizer_steps=62202 raw_loss=1.370487 weighted_loss=2.984557 lr=0.0001 windows=103688/106562
progress epoch=2 optimizer_steps=62229 raw_loss=1.285300 weighted_loss=2.805274 lr=0.0001 windows=103832/106562
progress epoch=2 optimizer_steps=62256 raw_loss=1.250234 weighted_loss=2.730671 lr=0.0001 windows=103976/106562
progress epoch=2 optimizer_steps=62276 raw_loss=1.395102 weighted_loss=3.318055 lr=0.0001 windows=104096/106562
progress epoch=2 optimizer_steps=62301 raw_loss=1.155839 weighted_loss=2.153377 lr=0.0001 windows=104216/106562
progress epoch=2 optimizer_steps=62328 raw_loss=1.214837 weighted_loss=2.640759 lr=0.0001 windows=104360/106562
progress epoch=2 optimizer_steps=62355 raw_loss=1.062418 weighted_loss=2.451938 lr=0.0001 windows=104504/106562
progress epoch=2 optimizer_steps=62375 raw_loss=1.110287 weighted_loss=2.607489 lr=0.0001 windows=104624/106562
progress epoch=2 optimizer_steps=62400 raw_loss=0.760772 weighted_loss=1.339838 lr=0.0001 windows=104744/106562
progress epoch=2 optimizer_steps=62427 raw_loss=0.796794 weighted_loss=1.512166 lr=0.0001 windows=104888/106562
progress epoch=2 optimizer_steps=62454 raw_loss=1.292785 weighted_loss=2.244741 lr=0.0001 windows=105032/106562
progress epoch=2 optimizer_steps=62481 raw_loss=0.993551 weighted_loss=1.711154 lr=0.0001 windows=105176/106562
progress epoch=2 optimizer_steps=62501 raw_loss=1.108403 weighted_loss=2.260495 lr=0.0001 windows=105296/106562
progress epoch=2 optimizer_steps=62526 raw_loss=0.951907 weighted_loss=1.317563 lr=0.0001 windows=105416/106562
progress epoch=2 optimizer_steps=62553 raw_loss=1.000514 weighted_loss=1.741485 lr=0.0001 windows=105560/106562
progress epoch=2 optimizer_steps=62575 raw_loss=1.243239 weighted_loss=2.841833 lr=0.0001 windows=105725/106562
progress epoch=2 optimizer_steps=62601 raw_loss=1.211250 weighted_loss=3.977038 lr=0.0001 windows=106037/106562
progress epoch=2 optimizer_steps=62625 raw_loss=1.131468 weighted_loss=3.715079 lr=0.0001 windows=106325/106562
epoch=2 transitions=803584 optimizer_steps=62645 raw_loss=1.878861 weighted_loss=2.087866 validation_loss=4.287304 rollout_probability=0.500 checkpoint=/home/yanzhou/cyh/cid-v17-retrain/runs/cid-v1-0.4b-v17-ncv4/stage-a/stage-a-epoch-0002.pt
progress epoch=3 optimizer_steps=62650 raw_loss=12.229044 weighted_loss=11.809119 lr=0.0001 windows=29/106562
progress epoch=3 optimizer_steps=62691 raw_loss=6.505387 weighted_loss=2.658866 lr=0.0001 windows=92/106562
progress epoch=3 optimizer_steps=62707 raw_loss=2.761685 weighted_loss=3.313755 lr=0.0001 windows=136/106562
progress epoch=3 optimizer_steps=62726 raw_loss=2.834163 weighted_loss=1.211694 lr=0.0001 windows=164/106562
progress epoch=3 optimizer_steps=62750 raw_loss=2.467304 weighted_loss=1.639789 lr=0.0001 windows=214/106562
progress epoch=3 optimizer_steps=62775 raw_loss=1.914204 weighted_loss=1.052155 lr=0.0001 windows=261/106562
progress epoch=3 optimizer_steps=62805 raw_loss=2.999212 weighted_loss=1.397203 lr=0.0001 windows=309/106562
progress epoch=3 optimizer_steps=62827 raw_loss=1.460807 weighted_loss=0.676388 lr=0.0001 windows=341/106562
progress epoch=3 optimizer_steps=62855 raw_loss=2.249210 weighted_loss=0.874784 lr=0.0001 windows=382/106562
progress epoch=3 optimizer_steps=62876 raw_loss=2.859162 weighted_loss=2.165076 lr=0.0001 windows=437/106562
progress epoch=3 optimizer_steps=62905 raw_loss=1.989120 weighted_loss=1.864565 lr=0.0001 windows=497/106562
progress epoch=3 optimizer_steps=62930 raw_loss=2.217762 weighted_loss=0.843011 lr=0.0001 windows=529/106562
progress epoch=3 optimizer_steps=62955 raw_loss=2.256040 weighted_loss=1.440165 lr=0.0001 windows=596/106562
progress epoch=3 optimizer_steps=62989 raw_loss=2.665542 weighted_loss=1.231282 lr=0.0001 windows=658/106562
progress epoch=3 optimizer_steps=63005 raw_loss=2.115409 weighted_loss=1.727535 lr=0.0001 windows=691/106562
checkpoint optimizer_steps=63005 path=/home/yanzhou/cyh/cid-v17-retrain/runs/cid-v1-0.4b-v17-ncv4/stage-a/stage-a-latest.pt
progress epoch=3 optimizer_steps=63030 raw_loss=2.525807 weighted_loss=1.597813 lr=0.0001 windows=755/106562
progress epoch=3 optimizer_steps=63052 raw_loss=2.735170 weighted_loss=2.386196 lr=0.0001 windows=814/106562
progress epoch=3 optimizer_steps=63078 raw_loss=2.136020 weighted_loss=1.941801 lr=0.0001 windows=866/106562
progress epoch=3 optimizer_steps=63106 raw_loss=2.180473 weighted_loss=1.688165 lr=0.0001 windows=934/106562
progress epoch=3 optimizer_steps=63127 raw_loss=3.039272 weighted_loss=2.578928 lr=0.0001 windows=1010/106562
progress epoch=3 optimizer_steps=63151 raw_loss=2.462450 weighted_loss=0.784765 lr=0.0001 windows=1038/106562
progress epoch=3 optimizer_steps=63177 raw_loss=2.607526 weighted_loss=2.815220 lr=0.0001 windows=1102/106562
progress epoch=3 optimizer_steps=63207 raw_loss=2.902465 weighted_loss=1.616571 lr=0.0001 windows=1191/106562
progress epoch=3 optimizer_steps=63227 raw_loss=1.490394 weighted_loss=0.629048 lr=0.0001 windows=1227/106562
progress epoch=3 optimizer_steps=63254 raw_loss=2.448733 weighted_loss=2.338476 lr=0.0001 windows=1299/106562
progress epoch=3 optimizer_steps=63282 raw_loss=2.315675 weighted_loss=1.238726 lr=0.0001 windows=1361/106562
progress epoch=3 optimizer_steps=63301 raw_loss=2.308165 weighted_loss=1.049288 lr=0.0001 windows=1396/106562
progress epoch=3 optimizer_steps=63335 raw_loss=1.850188 weighted_loss=0.766385 lr=0.0001 windows=1443/106562
progress epoch=3 optimizer_steps=63354 raw_loss=2.135306 weighted_loss=1.097001 lr=0.0001 windows=1481/106562
progress epoch=3 optimizer_steps=63380 raw_loss=2.292329 weighted_loss=1.644745 lr=0.0001 windows=1541/106562
progress epoch=3 optimizer_steps=63403 raw_loss=2.168686 weighted_loss=1.721023 lr=0.0001 windows=1596/106562
progress epoch=3 optimizer_steps=63431 raw_loss=2.726684 weighted_loss=1.615878 lr=0.0001 windows=1645/106562
progress epoch=3 optimizer_steps=63455 raw_loss=2.397698 weighted_loss=0.862339 lr=0.0001 windows=1681/106562
progress epoch=3 optimizer_steps=63481 raw_loss=2.474611 weighted_loss=1.356994 lr=0.0001 windows=1744/106562
progress epoch=3 optimizer_steps=63505 raw_loss=1.962684 weighted_loss=0.946142 lr=0.0001 windows=1793/106562
progress epoch=3 optimizer_steps=63532 raw_loss=2.686914 weighted_loss=2.424241 lr=0.0001 windows=1867/106562
progress epoch=3 optimizer_steps=63551 raw_loss=1.844853 weighted_loss=0.781249 lr=0.0001 windows=1897/106562
progress epoch=3 optimizer_steps=63579 raw_loss=2.771032 weighted_loss=1.507786 lr=0.0001 windows=1975/106562
progress epoch=3 optimizer_steps=63600 raw_loss=2.800034 weighted_loss=1.193568 lr=0.0001 windows=2015/106562
progress epoch=3 optimizer_steps=63631 raw_loss=2.055860 weighted_loss=2.115196 lr=0.0001 windows=2075/106562
progress epoch=3 optimizer_steps=63655 raw_loss=2.123284 weighted_loss=1.571629 lr=0.0001 windows=2165/106562
progress epoch=3 optimizer_steps=63677 raw_loss=2.453366 weighted_loss=5.837714 lr=0.0001 windows=2228/106562
progress epoch=3 optimizer_steps=63707 raw_loss=2.515722 weighted_loss=1.134354 lr=0.0001 windows=2281/106562
progress epoch=3 optimizer_steps=63736 raw_loss=2.439908 weighted_loss=2.061053 lr=0.0001 windows=2340/106562
progress epoch=3 optimizer_steps=63751 raw_loss=1.892201 weighted_loss=2.210432 lr=0.0001 windows=2370/106562
progress epoch=3 optimizer_steps=63781 raw_loss=1.437013 weighted_loss=0.753326 lr=0.0001 windows=2430/106562
progress epoch=3 optimizer_steps=63805 raw_loss=2.404015 weighted_loss=0.827571 lr=0.0001 windows=2464/106562
progress epoch=3 optimizer_steps=63830 raw_loss=2.709025 weighted_loss=1.736707 lr=0.0001 windows=2513/106562
progress epoch=3 optimizer_steps=63852 raw_loss=2.242956 weighted_loss=1.452251 lr=0.0001 windows=2561/106562
progress epoch=3 optimizer_steps=63882 raw_loss=2.214992 weighted_loss=1.468840 lr=0.0001 windows=2649/106562
progress epoch=3 optimizer_steps=63910 raw_loss=2.014030 weighted_loss=1.588401 lr=0.0001 windows=2710/106562
progress epoch=3 optimizer_steps=63925 raw_loss=2.097109 weighted_loss=0.985351 lr=0.0001 windows=2749/106562
progress epoch=3 optimizer_steps=63950 raw_loss=2.146055 weighted_loss=0.626346 lr=0.0001 windows=2773/106562
progress epoch=3 optimizer_steps=63975 raw_loss=2.006942 weighted_loss=1.173930 lr=0.0001 windows=2824/106562
progress epoch=3 optimizer_steps=64000 raw_loss=2.513412 weighted_loss=1.603149 lr=0.0001 windows=2902/106562
checkpoint optimizer_steps=64000 path=/home/yanzhou/cyh/cid-v17-retrain/runs/cid-v1-0.4b-v17-ncv4/stage-a/stage-a-latest.pt
progress epoch=3 optimizer_steps=64029 raw_loss=2.320860 weighted_loss=1.993033 lr=0.0001 windows=2986/106562
progress epoch=3 optimizer_steps=64058 raw_loss=1.997598 weighted_loss=0.604508 lr=0.0001 windows=3026/106562
progress epoch=3 optimizer_steps=64078 raw_loss=2.745347 weighted_loss=2.185141 lr=0.0001 windows=3083/106562
progress epoch=3 optimizer_steps=64100 raw_loss=2.298983 weighted_loss=1.748303 lr=0.0001 windows=3137/106562
progress epoch=3 optimizer_steps=64126 raw_loss=2.033491 weighted_loss=1.500735 lr=0.0001 windows=3262/106562
progress epoch=3 optimizer_steps=64158 raw_loss=2.721554 weighted_loss=2.976194 lr=0.0001 windows=3364/106562
progress epoch=3 optimizer_steps=64187 raw_loss=1.958265 weighted_loss=1.485264 lr=0.0001 windows=3422/106562
progress epoch=3 optimizer_steps=64201 raw_loss=2.029673 weighted_loss=1.323853 lr=0.0001 windows=3453/106562
progress epoch=3 optimizer_steps=64225 raw_loss=2.023642 weighted_loss=1.275375 lr=0.0001 windows=3525/106562
progress epoch=3 optimizer_steps=64256 raw_loss=2.057807 weighted_loss=1.147742 lr=0.0001 windows=3595/106562
progress epoch=3 optimizer_steps=64277 raw_loss=2.027195 weighted_loss=1.457218 lr=0.0001 windows=3648/106562
progress epoch=3 optimizer_steps=64301 raw_loss=2.246796 weighted_loss=1.369888 lr=0.0001 windows=3704/106562
progress epoch=3 optimizer_steps=64334 raw_loss=2.019331 weighted_loss=0.951131 lr=0.0001 windows=3771/106562
progress epoch=3 optimizer_steps=64350 raw_loss=2.233530 weighted_loss=3.224246 lr=0.0001 windows=3816/106562
progress epoch=3 optimizer_steps=64375 raw_loss=1.951975 weighted_loss=0.565932 lr=0.0001 windows=3841/106562
progress epoch=3 optimizer_steps=64408 raw_loss=2.023603 weighted_loss=1.006549 lr=0.0001 windows=3899/106562
progress epoch=3 optimizer_steps=64425 raw_loss=2.167138 weighted_loss=0.892582 lr=0.0001 windows=3925/106562
progress epoch=3 optimizer_steps=64454 raw_loss=1.786853 weighted_loss=1.140386 lr=0.0001 windows=3996/106562
progress epoch=3 optimizer_steps=64477 raw_loss=1.827891 weighted_loss=1.457065 lr=0.0001 windows=4043/106562
progress epoch=3 optimizer_steps=64512 raw_loss=1.877835 weighted_loss=0.927347 lr=0.0001 windows=4092/106562
progress epoch=3 optimizer_steps=64528 raw_loss=2.801483 weighted_loss=1.338323 lr=0.0001 windows=4141/106562
progress epoch=3 optimizer_steps=64550 raw_loss=2.200359 weighted_loss=1.141694 lr=0.0001 windows=4218/106562
progress epoch=3 optimizer_steps=64584 raw_loss=2.188558 weighted_loss=0.819323 lr=0.0001 windows=4279/106562
progress epoch=3 optimizer_steps=64603 raw_loss=2.482255 weighted_loss=2.824302 lr=0.0001 windows=4327/106562
progress epoch=3 optimizer_steps=64629 raw_loss=2.274356 weighted_loss=1.138131 lr=0.0001 windows=4381/106562
progress epoch=3 optimizer_steps=64657 raw_loss=2.040563 weighted_loss=1.173012 lr=0.0001 windows=4438/106562
progress epoch=3 optimizer_steps=64675 raw_loss=1.846445 weighted_loss=0.791495 lr=0.0001 windows=4470/106562
progress epoch=3 optimizer_steps=64700 raw_loss=1.797208 weighted_loss=1.272091 lr=0.0001 windows=4516/106562
progress epoch=3 optimizer_steps=64730 raw_loss=1.912263 weighted_loss=1.301091 lr=0.0001 windows=4574/106562
progress epoch=3 optimizer_steps=64751 raw_loss=1.495348 weighted_loss=0.828826 lr=0.0001 windows=4613/106562
progress epoch=3 optimizer_steps=64789 raw_loss=2.042442 weighted_loss=0.979071 lr=0.0001 windows=4678/106562
progress epoch=3 optimizer_steps=64805 raw_loss=2.091657 weighted_loss=1.327646 lr=0.0001 windows=4729/106562
progress epoch=3 optimizer_steps=64826 raw_loss=2.046996 weighted_loss=1.264650 lr=0.0001 windows=4786/106562
progress epoch=3 optimizer_steps=64856 raw_loss=2.256397 weighted_loss=1.015445 lr=0.0001 windows=4836/106562
progress epoch=3 optimizer_steps=64876 raw_loss=2.215552 weighted_loss=1.409150 lr=0.0001 windows=4884/106562
progress epoch=3 optimizer_steps=64900 raw_loss=2.068650 weighted_loss=1.201871 lr=0.0001 windows=4940/106562
progress epoch=3 optimizer_steps=64928 raw_loss=1.834046 weighted_loss=0.601325 lr=0.0001 windows=4985/106562
progress epoch=3 optimizer_steps=64951 raw_loss=1.924715 weighted_loss=0.690075 lr=0.0001 windows=5023/106562
progress epoch=3 optimizer_steps=64978 raw_loss=2.368201 weighted_loss=1.730436 lr=0.0001 windows=5116/106562
progress epoch=3 optimizer_steps=65009 raw_loss=2.333711 weighted_loss=1.436606 lr=0.0001 windows=5167/106562
checkpoint optimizer_steps=65009 path=/home/yanzhou/cyh/cid-v17-retrain/runs/cid-v1-0.4b-v17-ncv4/stage-a/stage-a-latest.pt
progress epoch=3 optimizer_steps=65026 raw_loss=2.088431 weighted_loss=1.466638 lr=0.0001 windows=5214/106562
progress epoch=3 optimizer_steps=65054 raw_loss=1.793022 weighted_loss=0.815374 lr=0.0001 windows=5259/106562
progress epoch=3 optimizer_steps=65085 raw_loss=1.954499 weighted_loss=1.390080 lr=0.0001 windows=5328/106562
progress epoch=3 optimizer_steps=65104 raw_loss=1.683474 weighted_loss=1.106731 lr=0.0001 windows=5367/106562
progress epoch=3 optimizer_steps=65125 raw_loss=2.376421 weighted_loss=2.286305 lr=0.0001 windows=5437/106562
progress epoch=3 optimizer_steps=65160 raw_loss=2.311275 weighted_loss=1.491983 lr=0.0001 windows=5531/106562
progress epoch=3 optimizer_steps=65185 raw_loss=1.387858 weighted_loss=0.727594 lr=0.0001 windows=5582/106562
progress epoch=3 optimizer_steps=65202 raw_loss=2.295580 weighted_loss=1.093949 lr=0.0001 windows=5618/106562
progress epoch=3 optimizer_steps=65234 raw_loss=1.882990 weighted_loss=0.664626 lr=0.0001 windows=5664/106562
progress epoch=3 optimizer_steps=65257 raw_loss=1.929650 weighted_loss=0.718155 lr=0.0001 windows=5700/106562
progress epoch=3 optimizer_steps=65285 raw_loss=2.336850 weighted_loss=1.376697 lr=0.0001 windows=5771/106562
progress epoch=3 optimizer_steps=65303 raw_loss=1.911523 weighted_loss=1.504332 lr=0.0001 windows=5815/106562
progress epoch=3 optimizer_steps=65337 raw_loss=2.149757 weighted_loss=0.833047 lr=0.0001 windows=5871/106562
progress epoch=3 optimizer_steps=65358 raw_loss=2.541431 weighted_loss=1.492801 lr=0.0001 windows=5920/106562
progress epoch=3 optimizer_steps=65376 raw_loss=2.741089 weighted_loss=1.090925 lr=0.0001 windows=5944/106562
progress epoch=3 optimizer_steps=65403 raw_loss=2.059139 weighted_loss=2.267032 lr=0.0001 windows=6016/106562
progress epoch=3 optimizer_steps=65425 raw_loss=1.493775 weighted_loss=2.810348 lr=0.0001 windows=6069/106562
progress epoch=3 optimizer_steps=65450 raw_loss=2.412073 weighted_loss=4.578336 lr=0.0001 windows=6154/106562
progress epoch=3 optimizer_steps=65475 raw_loss=2.360785 weighted_loss=1.567358 lr=0.0001 windows=6191/106562
progress epoch=3 optimizer_steps=65504 raw_loss=2.146679 weighted_loss=1.523892 lr=0.0001 windows=6257/106562
progress epoch=3 optimizer_steps=65528 raw_loss=1.908876 weighted_loss=1.002678 lr=0.0001 windows=6304/106562
progress epoch=3 optimizer_steps=65551 raw_loss=1.549984 weighted_loss=0.816862 lr=0.0001 windows=6347/106562
progress epoch=3 optimizer_steps=65575 raw_loss=2.082801 weighted_loss=1.205514 lr=0.0001 windows=6396/106562
progress epoch=3 optimizer_steps=65601 raw_loss=2.042723 weighted_loss=0.799375 lr=0.0001 windows=6448/106562
W0904 15:39:59.191000 2905815 torch/distributed/elastic/agent/server/api.py:704] Received 15 death signal, shutting down workers
W0904 15:39:59.195000 2905815 torch/distributed/elastic/multiprocessing/api.py:897] Sending process 2906099 closing signal SIGTERM
W0904 15:39:59.196000 2905815 torch/distributed/elastic/multiprocessing/api.py:897] Sending process 2906101 closing signal SIGTERM
W0904 15:39:59.196000 2905815 torch/distributed/elastic/multiprocessing/api.py:897] Sending process 2906102 closing signal SIGTERM
W0904 15:39:59.197000 2905815 torch/distributed/elastic/multiprocessing/api.py:897] Sending process 2906104 closing signal SIGTERM
Traceback (most recent call last):
  File "<frozen runpy>", line 198, in _run_module_as_main
  File "<frozen runpy>", line 88, in _run_code
  File "/home/yanzhou/cyh/.venv/lib/python3.12/site-packages/torch/distributed/run.py", line 923, in <module>
    main()
  File "/home/yanzhou/cyh/.venv/lib/python3.12/site-packages/torch/distributed/elastic/multiprocessing/errors/__init__.py", line 355, in wrapper
    return f(*args, **kwargs)
           ^^^^^^^^^^^^^^^^^^
  File "/home/yanzhou/cyh/.venv/lib/python3.12/site-packages/torch/distributed/run.py", line 919, in main
    run(args)
  File "/home/yanzhou/cyh/.venv/lib/python3.12/site-packages/torch/distributed/run.py", line 910, in run
    elastic_launch(
  File "/home/yanzhou/cyh/.venv/lib/python3.12/site-packages/torch/distributed/launcher/api.py", line 138, in __call__
    return launch_agent(self._config, self._entrypoint, list(args))
           ^^^^^^^^^^^^^^^^^^^^^^^^^^^^^^^^^^^^^^^^^^^^^^^^^^^^^^^^
  File "/home/yanzhou/cyh/.venv/lib/python3.12/site-packages/torch/distributed/launcher/api.py", line 260, in launch_agent
    result = agent.run()
             ^^^^^^^^^^^
  File "/home/yanzhou/cyh/.venv/lib/python3.12/site-packages/torch/distributed/elastic/metrics/api.py", line 137, in wrapper
    result = f(*args, **kwargs)
             ^^^^^^^^^^^^^^^^^^
  File "/home/yanzhou/cyh/.venv/lib/python3.12/site-packages/torch/distributed/elastic/agent/server/api.py", line 696, in run
    result = self._invoke_run(role)
             ^^^^^^^^^^^^^^^^^^^^^^
  File "/home/yanzhou/cyh/.venv/lib/python3.12/site-packages/torch/distributed/elastic/agent/server/api.py", line 855, in _invoke_run
    time.sleep(monitor_interval)
  File "/home/yanzhou/cyh/.venv/lib/python3.12/site-packages/torch/distributed/elastic/multiprocessing/api.py", line 84, in _terminate_process_handler
    raise SignalException(f"Process {os.getpid()} got signal: {sigval}", sigval=sigval)
torch.distributed.elastic.multiprocessing.api.SignalException: Process 2905815 got signal: 15
