[2026-09-04T15:41:04+09:00] fresh Stage A start code=74b9eedda3975802f8b31e8bc1a42321eb3a7e9c data=v17 contract=v4 needfix=provisional-thought GPUs=0,1,2,3
[W904 15:45:02.589274579 CUDAAllocatorConfig.h:28] Warning: expandable_segments not supported on this platform (function operator())
`torch_dtype` is deprecated! Use `dtype` instead!
[W904 15:45:02.741815396 CUDAAllocatorConfig.h:28] Warning: expandable_segments not supported on this platform (function operator())
[rank1]:[W904 15:45:02.742975015 ProcessGroupNCCL.cpp:4115] [PG ID 0 PG GUID 0 Rank 1]  using GPU 1 to perform barrier as devices used by this process are currently unknown. This can potentially cause a hang if this rank to GPU mapping is incorrect.Specify device_ids in barrier() to force use of a particular device,or call init_process_group() with a device_id.
[rank0]:[W904 15:45:03.596589978 ProcessGroupNCCL.cpp:4115] [PG ID 0 PG GUID 0 Rank 0]  using GPU 0 to perform barrier as devices used by this process are currently unknown. This can potentially cause a hang if this rank to GPU mapping is incorrect.Specify device_ids in barrier() to force use of a particular device,or call init_process_group() with a device_id.
[W904 15:45:26.883940479 CUDAAllocatorConfig.h:28] Warning: expandable_segments not supported on this platform (function operator())
[rank2]:[W904 15:45:26.886398625 ProcessGroupNCCL.cpp:4115] [PG ID 0 PG GUID 0 Rank 2]  using GPU 2 to perform barrier as devices used by this process are currently unknown. This can potentially cause a hang if this rank to GPU mapping is incorrect.Specify device_ids in barrier() to force use of a particular device,or call init_process_group() with a device_id.
[W904 15:45:26.374705609 CUDAAllocatorConfig.h:28] Warning: expandable_segments not supported on this platform (function operator())
[rank3]:[W904 15:45:26.376703602 ProcessGroupNCCL.cpp:4115] [PG ID 0 PG GUID 0 Rank 3]  using GPU 3 to perform barrier as devices used by this process are currently unknown. This can potentially cause a hang if this rank to GPU mapping is incorrect.Specify device_ids in barrier() to force use of a particular device,or call init_process_group() with a device_id.
`torch_dtype` is deprecated! Use `dtype` instead!
`torch_dtype` is deprecated! Use `dtype` instead!
`torch_dtype` is deprecated! Use `dtype` instead!
device=cuda:0 world_size=4 dtype=bf16 examples=422230 transitions=3146786 validation_examples=512 validation_transitions=3449 trainable_parameters=44291297 effective_batch=96 physical_micro_batch=12 grouped_moe_layers=0
progress epoch=1 optimizer_steps=26 raw_loss=13.292368 weighted_loss=4.281848 lr=0.0001 windows=55/106562
progress epoch=1 optimizer_steps=54 raw_loss=10.853992 weighted_loss=7.332258 lr=0.0001 windows=111/106562
progress epoch=1 optimizer_steps=77 raw_loss=9.528325 weighted_loss=9.551926 lr=0.0001 windows=184/106562
progress epoch=1 optimizer_steps=103 raw_loss=8.957851 weighted_loss=5.103901 lr=0.0001 windows=237/106562
progress epoch=1 optimizer_steps=133 raw_loss=8.108903 weighted_loss=5.895030 lr=0.0001 windows=311/106562
progress epoch=1 optimizer_steps=151 raw_loss=7.370656 weighted_loss=3.960106 lr=0.0001 windows=348/106562
progress epoch=1 optimizer_steps=176 raw_loss=7.045999 weighted_loss=3.545767 lr=0.0001 windows=400/106562
progress epoch=1 optimizer_steps=208 raw_loss=8.394235 weighted_loss=3.475994 lr=0.0001 windows=448/106562
progress epoch=1 optimizer_steps=226 raw_loss=8.098986 weighted_loss=5.308905 lr=0.0001 windows=498/106562
progress epoch=1 optimizer_steps=259 raw_loss=7.286798 weighted_loss=2.837197 lr=0.0001 windows=555/106562
progress epoch=1 optimizer_steps=280 raw_loss=8.100422 weighted_loss=4.099446 lr=0.0001 windows=607/106562
progress epoch=1 optimizer_steps=302 raw_loss=7.703033 weighted_loss=7.984841 lr=0.0001 windows=663/106562
progress epoch=1 optimizer_steps=338 raw_loss=7.611159 weighted_loss=3.110541 lr=0.0001 windows=749/106562
progress epoch=1 optimizer_steps=370 raw_loss=7.314522 weighted_loss=3.853061 lr=0.0001 windows=802/106562
progress epoch=1 optimizer_steps=379 raw_loss=6.235222 weighted_loss=3.336515 lr=0.0001 windows=816/106562
progress epoch=1 optimizer_steps=400 raw_loss=6.813380 weighted_loss=2.910490 lr=0.0001 windows=866/106562
progress epoch=1 optimizer_steps=429 raw_loss=5.725958 weighted_loss=4.395836 lr=0.0001 windows=929/106562
progress epoch=1 optimizer_steps=451 raw_loss=5.662213 weighted_loss=2.703331 lr=0.0001 windows=968/106562
progress epoch=1 optimizer_steps=477 raw_loss=5.426928 weighted_loss=1.700560 lr=0.0001 windows=1002/106562
progress epoch=1 optimizer_steps=503 raw_loss=5.068120 weighted_loss=3.154718 lr=0.0001 windows=1064/106562
progress epoch=1 optimizer_steps=525 raw_loss=4.708368 weighted_loss=1.554724 lr=0.0001 windows=1091/106562
progress epoch=1 optimizer_steps=556 raw_loss=4.837848 weighted_loss=2.028391 lr=0.0001 windows=1156/106562
progress epoch=1 optimizer_steps=577 raw_loss=4.016034 weighted_loss=1.451343 lr=0.0001 windows=1184/106562
progress epoch=1 optimizer_steps=601 raw_loss=3.600191 weighted_loss=2.978713 lr=0.0001 windows=1248/106562
progress epoch=1 optimizer_steps=626 raw_loss=3.331445 weighted_loss=1.497428 lr=0.0001 windows=1292/106562
progress epoch=1 optimizer_steps=656 raw_loss=3.032844 weighted_loss=1.900986 lr=0.0001 windows=1348/106562
progress epoch=1 optimizer_steps=687 raw_loss=3.653596 weighted_loss=1.967752 lr=0.0001 windows=1410/106562
progress epoch=1 optimizer_steps=703 raw_loss=2.585343 weighted_loss=1.483604 lr=0.0001 windows=1446/106562
progress epoch=1 optimizer_steps=731 raw_loss=2.679124 weighted_loss=1.550055 lr=0.0001 windows=1500/106562
progress epoch=1 optimizer_steps=755 raw_loss=3.311675 weighted_loss=1.332400 lr=0.0001 windows=1531/106562
progress epoch=1 optimizer_steps=780 raw_loss=2.933440 weighted_loss=1.899329 lr=0.0001 windows=1593/106562
progress epoch=1 optimizer_steps=804 raw_loss=3.874838 weighted_loss=1.448407 lr=0.0001 windows=1645/106562
progress epoch=1 optimizer_steps=827 raw_loss=3.076698 weighted_loss=1.026612 lr=0.0001 windows=1682/106562
progress epoch=1 optimizer_steps=854 raw_loss=2.884735 weighted_loss=1.124107 lr=0.0001 windows=1723/106562
progress epoch=1 optimizer_steps=875 raw_loss=2.118043 weighted_loss=1.697843 lr=0.0001 windows=1770/106562
progress epoch=1 optimizer_steps=900 raw_loss=2.741120 weighted_loss=1.736605 lr=0.0001 windows=1830/106562
progress epoch=1 optimizer_steps=928 raw_loss=2.868251 weighted_loss=1.471284 lr=0.0001 windows=1907/106562
progress epoch=1 optimizer_steps=960 raw_loss=2.734697 weighted_loss=1.097771 lr=0.0001 windows=1959/106562
progress epoch=1 optimizer_steps=986 raw_loss=2.695265 weighted_loss=0.965736 lr=0.0001 windows=2004/106562
progress epoch=1 optimizer_steps=1001 raw_loss=2.587681 weighted_loss=1.142420 lr=0.0001 windows=2027/106562
checkpoint optimizer_steps=1001 path=/home/yanzhou/cyh/cid-v17-retrain/runs/cid-v1-0.4b-v17-ncv4-needfix-74b9eed/stage-a/stage-a-latest.pt
progress epoch=1 optimizer_steps=1034 raw_loss=2.880630 weighted_loss=1.608925 lr=0.0001 windows=2093/106562
progress epoch=1 optimizer_steps=1060 raw_loss=3.544113 weighted_loss=2.301621 lr=0.0001 windows=2171/106562
progress epoch=1 optimizer_steps=1089 raw_loss=2.736377 weighted_loss=1.408937 lr=0.0001 windows=2223/106562
progress epoch=1 optimizer_steps=1113 raw_loss=2.635177 weighted_loss=0.736373 lr=0.0001 windows=2247/106562
progress epoch=1 optimizer_steps=1127 raw_loss=2.292612 weighted_loss=1.471686 lr=0.0001 windows=2273/106562
progress epoch=1 optimizer_steps=1163 raw_loss=2.479291 weighted_loss=1.612007 lr=0.0001 windows=2342/106562
progress epoch=1 optimizer_steps=1175 raw_loss=2.605989 weighted_loss=1.367366 lr=0.0001 windows=2371/106562
progress epoch=1 optimizer_steps=1208 raw_loss=2.716857 weighted_loss=0.967667 lr=0.0001 windows=2412/106562
progress epoch=1 optimizer_steps=1226 raw_loss=2.925285 weighted_loss=1.781068 lr=0.0001 windows=2459/106562
progress epoch=1 optimizer_steps=1257 raw_loss=2.548152 weighted_loss=2.179377 lr=0.0001 windows=2538/106562
progress epoch=1 optimizer_steps=1276 raw_loss=2.433360 weighted_loss=1.883413 lr=0.0001 windows=2573/106562
progress epoch=1 optimizer_steps=1300 raw_loss=2.765615 weighted_loss=1.460189 lr=0.0001 windows=2633/106562
progress epoch=1 optimizer_steps=1331 raw_loss=3.213212 weighted_loss=1.189712 lr=0.0001 windows=2685/106562
progress epoch=1 optimizer_steps=1358 raw_loss=2.614506 weighted_loss=1.976773 lr=0.0001 windows=2758/106562
progress epoch=1 optimizer_steps=1377 raw_loss=2.812868 weighted_loss=0.952688 lr=0.0001 windows=2783/106562
progress epoch=1 optimizer_steps=1401 raw_loss=3.194804 weighted_loss=1.374827 lr=0.0001 windows=2831/106562
progress epoch=1 optimizer_steps=1427 raw_loss=2.657176 weighted_loss=2.548435 lr=0.0001 windows=2903/106562
progress epoch=1 optimizer_steps=1463 raw_loss=2.539713 weighted_loss=1.332038 lr=0.0001 windows=2967/106562
progress epoch=1 optimizer_steps=1476 raw_loss=2.060198 weighted_loss=1.972264 lr=0.0001 windows=2992/106562
progress epoch=1 optimizer_steps=1503 raw_loss=2.349312 weighted_loss=1.848891 lr=0.0001 windows=3054/106562
progress epoch=1 optimizer_steps=1528 raw_loss=2.531868 weighted_loss=1.140244 lr=0.0001 windows=3097/106562
progress epoch=1 optimizer_steps=1552 raw_loss=2.688418 weighted_loss=1.154667 lr=0.0001 windows=3141/106562
progress epoch=1 optimizer_steps=1578 raw_loss=2.245227 weighted_loss=2.346533 lr=0.0001 windows=3197/106562
progress epoch=1 optimizer_steps=1605 raw_loss=2.837420 weighted_loss=1.216336 lr=0.0001 windows=3250/106562
progress epoch=1 optimizer_steps=1630 raw_loss=2.608174 weighted_loss=1.380696 lr=0.0001 windows=3306/106562
progress epoch=1 optimizer_steps=1656 raw_loss=2.373259 weighted_loss=2.215516 lr=0.0001 windows=3390/106562
progress epoch=1 optimizer_steps=1675 raw_loss=2.435694 weighted_loss=2.784087 lr=0.0001 windows=3451/106562
progress epoch=1 optimizer_steps=1702 raw_loss=3.301879 weighted_loss=1.688586 lr=0.0001 windows=3526/106562
progress epoch=1 optimizer_steps=1729 raw_loss=2.313450 weighted_loss=1.402039 lr=0.0001 windows=3582/106562
progress epoch=1 optimizer_steps=1750 raw_loss=2.798445 weighted_loss=2.365590 lr=0.0001 windows=3660/106562
progress epoch=1 optimizer_steps=1777 raw_loss=2.272875 weighted_loss=1.212312 lr=0.0001 windows=3719/106562
progress epoch=1 optimizer_steps=1813 raw_loss=2.577961 weighted_loss=1.377866 lr=0.0001 windows=3793/106562
progress epoch=1 optimizer_steps=1825 raw_loss=1.510534 weighted_loss=0.619313 lr=0.0001 windows=3810/106562
progress epoch=1 optimizer_steps=1852 raw_loss=2.493669 weighted_loss=0.910301 lr=0.0001 windows=3851/106562
progress epoch=1 optimizer_steps=1884 raw_loss=2.480503 weighted_loss=1.199435 lr=0.0001 windows=3908/106562
progress epoch=1 optimizer_steps=1903 raw_loss=1.919533 weighted_loss=1.924663 lr=0.0001 windows=3943/106562
progress epoch=1 optimizer_steps=1927 raw_loss=1.904535 weighted_loss=1.442173 lr=0.0001 windows=3998/106562
progress epoch=1 optimizer_steps=1951 raw_loss=2.254019 weighted_loss=1.401580 lr=0.0001 windows=4051/106562
progress epoch=1 optimizer_steps=1977 raw_loss=2.805434 weighted_loss=1.154639 lr=0.0001 windows=4099/106562
progress epoch=1 optimizer_steps=2002 raw_loss=1.549905 weighted_loss=0.755378 lr=0.0001 windows=4145/106562
checkpoint optimizer_steps=2002 path=/home/yanzhou/cyh/cid-v17-retrain/runs/cid-v1-0.4b-v17-ncv4-needfix-74b9eed/stage-a/stage-a-latest.pt
progress epoch=1 optimizer_steps=2041 raw_loss=2.807534 weighted_loss=2.380815 lr=0.0001 windows=4246/106562
progress epoch=1 optimizer_steps=2064 raw_loss=2.509221 weighted_loss=1.197302 lr=0.0001 windows=4294/106562
progress epoch=1 optimizer_steps=2076 raw_loss=2.419171 weighted_loss=1.246366 lr=0.0001 windows=4332/106562
progress epoch=1 optimizer_steps=2111 raw_loss=2.921124 weighted_loss=2.031265 lr=0.0001 windows=4409/106562
progress epoch=1 optimizer_steps=2125 raw_loss=2.972957 weighted_loss=10.773875 lr=0.0001 windows=4454/106562
progress epoch=1 optimizer_steps=2153 raw_loss=1.986057 weighted_loss=1.145140 lr=0.0001 windows=4519/106562
progress epoch=1 optimizer_steps=2175 raw_loss=2.466950 weighted_loss=1.275327 lr=0.0001 windows=4574/106562
progress epoch=1 optimizer_steps=2214 raw_loss=2.149427 weighted_loss=0.770306 lr=0.0001 windows=4622/106562
progress epoch=1 optimizer_steps=2235 raw_loss=2.094282 weighted_loss=0.645694 lr=0.0001 windows=4656/106562
progress epoch=1 optimizer_steps=2251 raw_loss=1.916934 weighted_loss=1.186502 lr=0.0001 windows=4692/106562
progress epoch=1 optimizer_steps=2276 raw_loss=2.067797 weighted_loss=1.329899 lr=0.0001 windows=4743/106562
progress epoch=1 optimizer_steps=2300 raw_loss=2.088455 weighted_loss=1.166008 lr=0.0001 windows=4797/106562
progress epoch=1 optimizer_steps=2330 raw_loss=2.036228 weighted_loss=1.535852 lr=0.0001 windows=4874/106562
progress epoch=1 optimizer_steps=2351 raw_loss=1.862621 weighted_loss=1.130016 lr=0.0001 windows=4923/106562
progress epoch=1 optimizer_steps=2382 raw_loss=2.279003 weighted_loss=1.651779 lr=0.0001 windows=4993/106562
progress epoch=1 optimizer_steps=2412 raw_loss=2.117096 weighted_loss=0.972407 lr=0.0001 windows=5051/106562
progress epoch=1 optimizer_steps=2426 raw_loss=2.127919 weighted_loss=1.613083 lr=0.0001 windows=5087/106562
progress epoch=1 optimizer_steps=2451 raw_loss=1.854284 weighted_loss=0.941358 lr=0.0001 windows=5126/106562
progress epoch=1 optimizer_steps=2475 raw_loss=1.893425 weighted_loss=2.095979 lr=0.0001 windows=5183/106562
progress epoch=1 optimizer_steps=2500 raw_loss=2.188342 weighted_loss=1.636106 lr=0.0001 windows=5250/106562
progress epoch=1 optimizer_steps=2530 raw_loss=1.866628 weighted_loss=1.077794 lr=0.0001 windows=5320/106562
progress epoch=1 optimizer_steps=2550 raw_loss=2.048695 weighted_loss=0.770843 lr=0.0001 windows=5350/106562
progress epoch=1 optimizer_steps=2577 raw_loss=1.962989 weighted_loss=2.275243 lr=0.0001 windows=5425/106562
progress epoch=1 optimizer_steps=2604 raw_loss=2.472037 weighted_loss=3.432112 lr=0.0001 windows=5504/106562
progress epoch=1 optimizer_steps=2635 raw_loss=2.309191 weighted_loss=1.438992 lr=0.0001 windows=5568/106562
progress epoch=1 optimizer_steps=2651 raw_loss=2.318086 weighted_loss=1.523633 lr=0.0001 windows=5608/106562
progress epoch=1 optimizer_steps=2679 raw_loss=2.344171 weighted_loss=1.539805 lr=0.0001 windows=5687/106562
progress epoch=1 optimizer_steps=2700 raw_loss=1.678614 weighted_loss=0.784103 lr=0.0001 windows=5727/106562
progress epoch=1 optimizer_steps=2731 raw_loss=1.964544 weighted_loss=1.098476 lr=0.0001 windows=5798/106562
progress epoch=1 optimizer_steps=2756 raw_loss=1.748052 weighted_loss=0.655288 lr=0.0001 windows=5831/106562
progress epoch=1 optimizer_steps=2777 raw_loss=2.287756 weighted_loss=1.179952 lr=0.0001 windows=5869/106562
progress epoch=1 optimizer_steps=2800 raw_loss=2.600336 weighted_loss=1.505514 lr=0.0001 windows=5929/106562
progress epoch=1 optimizer_steps=2832 raw_loss=2.733704 weighted_loss=1.516443 lr=0.0001 windows=5986/106562
progress epoch=1 optimizer_steps=2851 raw_loss=2.556786 weighted_loss=0.883683 lr=0.0001 windows=6010/106562
progress epoch=1 optimizer_steps=2877 raw_loss=2.170393 weighted_loss=1.337532 lr=0.0001 windows=6078/106562
progress epoch=1 optimizer_steps=2900 raw_loss=2.936324 weighted_loss=3.392101 lr=0.0001 windows=6175/106562
progress epoch=1 optimizer_steps=2928 raw_loss=2.418410 weighted_loss=2.970067 lr=0.0001 windows=6250/106562
progress epoch=1 optimizer_steps=2952 raw_loss=2.340579 weighted_loss=1.618814 lr=0.0001 windows=6316/106562
progress epoch=1 optimizer_steps=2979 raw_loss=2.327036 weighted_loss=2.795276 lr=0.0001 windows=6385/106562
progress epoch=1 optimizer_steps=3002 raw_loss=2.345170 weighted_loss=1.620467 lr=0.0001 windows=6461/106562
checkpoint optimizer_steps=3002 path=/home/yanzhou/cyh/cid-v17-retrain/runs/cid-v1-0.4b-v17-ncv4-needfix-74b9eed/stage-a/stage-a-latest.pt
progress epoch=1 optimizer_steps=3031 raw_loss=2.103154 weighted_loss=1.193448 lr=0.0001 windows=6534/106562
progress epoch=1 optimizer_steps=3068 raw_loss=2.085286 weighted_loss=0.807574 lr=0.0001 windows=6592/106562
progress epoch=1 optimizer_steps=3079 raw_loss=1.775652 weighted_loss=0.999137 lr=0.0001 windows=6620/106562
progress epoch=1 optimizer_steps=3122 raw_loss=1.935827 weighted_loss=0.806715 lr=0.0001 windows=6682/106562
progress epoch=1 optimizer_steps=3131 raw_loss=2.032296 weighted_loss=2.530900 lr=0.0001 windows=6708/106562
progress epoch=1 optimizer_steps=3152 raw_loss=2.508314 weighted_loss=0.807263 lr=0.0001 windows=6734/106562
progress epoch=1 optimizer_steps=3183 raw_loss=2.013461 weighted_loss=0.742516 lr=0.0001 windows=6788/106562
progress epoch=1 optimizer_steps=3200 raw_loss=1.778123 weighted_loss=1.353627 lr=0.0001 windows=6828/106562
progress epoch=1 optimizer_steps=3228 raw_loss=2.152793 weighted_loss=1.236264 lr=0.0001 windows=6893/106562
progress epoch=1 optimizer_steps=3252 raw_loss=1.816814 weighted_loss=1.195329 lr=0.0001 windows=6940/106562
progress epoch=1 optimizer_steps=3280 raw_loss=2.060892 weighted_loss=1.267359 lr=0.0001 windows=7003/106562
progress epoch=1 optimizer_steps=3318 raw_loss=3.170479 weighted_loss=2.178204 lr=0.0001 windows=7075/106562
progress epoch=1 optimizer_steps=3326 raw_loss=2.811466 weighted_loss=2.029175 lr=0.0001 windows=7105/106562
progress epoch=1 optimizer_steps=3351 raw_loss=1.778908 weighted_loss=1.267474 lr=0.0001 windows=7155/106562
progress epoch=1 optimizer_steps=3375 raw_loss=1.888184 weighted_loss=1.002198 lr=0.0001 windows=7207/106562
progress epoch=1 optimizer_steps=3401 raw_loss=2.503255 weighted_loss=1.856245 lr=0.0001 windows=7282/106562
progress epoch=1 optimizer_steps=3429 raw_loss=2.314410 weighted_loss=2.514148 lr=0.0001 windows=7361/106562
progress epoch=1 optimizer_steps=3454 raw_loss=2.005859 weighted_loss=1.820185 lr=0.0001 windows=7429/106562
progress epoch=1 optimizer_steps=3479 raw_loss=2.552384 weighted_loss=0.990480 lr=0.0001 windows=7466/106562
progress epoch=1 optimizer_steps=3508 raw_loss=2.043227 weighted_loss=0.634717 lr=0.0001 windows=7498/106562
progress epoch=1 optimizer_steps=3527 raw_loss=2.144611 weighted_loss=1.872676 lr=0.0001 windows=7552/106562
progress epoch=1 optimizer_steps=3553 raw_loss=1.451913 weighted_loss=0.815463 lr=0.0001 windows=7605/106562
progress epoch=1 optimizer_steps=3578 raw_loss=1.895211 weighted_loss=0.975203 lr=0.0001 windows=7644/106562
progress epoch=1 optimizer_steps=3600 raw_loss=1.743253 weighted_loss=2.147709 lr=0.0001 windows=7704/106562
progress epoch=1 optimizer_steps=3626 raw_loss=2.216086 weighted_loss=1.917985 lr=0.0001 windows=7786/106562
progress epoch=1 optimizer_steps=3658 raw_loss=2.351622 weighted_loss=1.833105 lr=0.0001 windows=7861/106562
progress epoch=1 optimizer_steps=3680 raw_loss=2.240821 weighted_loss=1.795511 lr=0.0001 windows=7928/106562
progress epoch=1 optimizer_steps=3713 raw_loss=2.335649 weighted_loss=1.458745 lr=0.0001 windows=7997/106562
progress epoch=1 optimizer_steps=3730 raw_loss=2.138248 weighted_loss=0.936101 lr=0.0001 windows=8021/106562
progress epoch=1 optimizer_steps=3754 raw_loss=1.981945 weighted_loss=1.042648 lr=0.0001 windows=8071/106562
progress epoch=1 optimizer_steps=3780 raw_loss=1.625929 weighted_loss=1.260931 lr=0.0001 windows=8128/106562
progress epoch=1 optimizer_steps=3804 raw_loss=1.621809 weighted_loss=1.436163 lr=0.0001 windows=8180/106562
progress epoch=1 optimizer_steps=3831 raw_loss=1.792540 weighted_loss=1.264926 lr=0.0001 windows=8254/106562
progress epoch=1 optimizer_steps=3852 raw_loss=1.793538 weighted_loss=0.855238 lr=0.0001 windows=8298/106562
progress epoch=1 optimizer_steps=3889 raw_loss=2.168107 weighted_loss=0.940624 lr=0.0001 windows=8382/106562
progress epoch=1 optimizer_steps=3907 raw_loss=1.600452 weighted_loss=1.383355 lr=0.0001 windows=8420/106562
progress epoch=1 optimizer_steps=3931 raw_loss=2.322397 weighted_loss=1.308024 lr=0.0001 windows=8495/106562
progress epoch=1 optimizer_steps=3962 raw_loss=2.232175 weighted_loss=1.394203 lr=0.0001 windows=8563/106562
progress epoch=1 optimizer_steps=3986 raw_loss=2.258032 weighted_loss=0.639977 lr=0.0001 windows=8589/106562
progress epoch=1 optimizer_steps=4008 raw_loss=2.009574 weighted_loss=0.780072 lr=0.0001 windows=8632/106562
checkpoint optimizer_steps=4008 path=/home/yanzhou/cyh/cid-v17-retrain/runs/cid-v1-0.4b-v17-ncv4-needfix-74b9eed/stage-a/stage-a-latest.pt
progress epoch=1 optimizer_steps=4030 raw_loss=2.037180 weighted_loss=2.760835 lr=0.0001 windows=8687/106562
progress epoch=1 optimizer_steps=4055 raw_loss=2.035555 weighted_loss=2.633560 lr=0.0001 windows=8747/106562
progress epoch=1 optimizer_steps=4076 raw_loss=2.126426 weighted_loss=1.942828 lr=0.0001 windows=8806/106562
progress epoch=1 optimizer_steps=4100 raw_loss=1.865461 weighted_loss=0.698747 lr=0.0001 windows=8841/106562
progress epoch=1 optimizer_steps=4127 raw_loss=2.037033 weighted_loss=1.012034 lr=0.0001 windows=8900/106562
progress epoch=1 optimizer_steps=4153 raw_loss=1.946585 weighted_loss=2.009511 lr=0.0001 windows=8961/106562
progress epoch=1 optimizer_steps=4179 raw_loss=2.082876 weighted_loss=1.550943 lr=0.0001 windows=9060/106562
progress epoch=1 optimizer_steps=4200 raw_loss=1.495617 weighted_loss=1.228978 lr=0.0001 windows=9108/106562
progress epoch=1 optimizer_steps=4228 raw_loss=1.597754 weighted_loss=1.284653 lr=0.0001 windows=9161/106562
progress epoch=1 optimizer_steps=4258 raw_loss=2.364989 weighted_loss=0.740533 lr=0.0001 windows=9199/106562
progress epoch=1 optimizer_steps=4280 raw_loss=2.475504 weighted_loss=1.222507 lr=0.0001 windows=9250/106562
progress epoch=1 optimizer_steps=4303 raw_loss=2.369102 weighted_loss=0.890074 lr=0.0001 windows=9282/106562
progress epoch=1 optimizer_steps=4332 raw_loss=2.008032 weighted_loss=0.873010 lr=0.0001 windows=9328/106562
progress epoch=1 optimizer_steps=4352 raw_loss=2.659985 weighted_loss=1.123243 lr=0.0001 windows=9381/106562
progress epoch=1 optimizer_steps=4381 raw_loss=1.883932 weighted_loss=1.045943 lr=0.0001 windows=9458/106562
progress epoch=1 optimizer_steps=4400 raw_loss=2.259276 weighted_loss=2.502206 lr=0.0001 windows=9526/106562
progress epoch=1 optimizer_steps=4425 raw_loss=2.171647 weighted_loss=2.738221 lr=0.0001 windows=9597/106562
progress epoch=1 optimizer_steps=4452 raw_loss=2.144792 weighted_loss=1.990917 lr=0.0001 windows=9659/106562
progress epoch=1 optimizer_steps=4479 raw_loss=1.942694 weighted_loss=0.914171 lr=0.0001 windows=9727/106562
progress epoch=1 optimizer_steps=4506 raw_loss=2.216330 weighted_loss=1.273135 lr=0.0001 windows=9787/106562
progress epoch=1 optimizer_steps=4525 raw_loss=1.572010 weighted_loss=1.116760 lr=0.0001 windows=9825/106562
progress epoch=1 optimizer_steps=4552 raw_loss=2.385085 weighted_loss=1.191082 lr=0.0001 windows=9875/106562
progress epoch=1 optimizer_steps=4576 raw_loss=2.356964 weighted_loss=1.987104 lr=0.0001 windows=9954/106562
progress epoch=1 optimizer_steps=4600 raw_loss=1.814799 weighted_loss=0.881360 lr=0.0001 windows=9988/106562
progress epoch=1 optimizer_steps=4626 raw_loss=1.682245 weighted_loss=0.767058 lr=0.0001 windows=10033/106562
progress epoch=1 optimizer_steps=4652 raw_loss=1.979785 weighted_loss=0.798373 lr=0.0001 windows=10077/106562
progress epoch=1 optimizer_steps=4675 raw_loss=1.920613 weighted_loss=1.241144 lr=0.0001 windows=10127/106562
progress epoch=1 optimizer_steps=4702 raw_loss=1.914342 weighted_loss=1.067769 lr=0.0001 windows=10183/106562
progress epoch=1 optimizer_steps=4726 raw_loss=3.198245 weighted_loss=3.657413 lr=0.0001 windows=10258/106562
progress epoch=1 optimizer_steps=4753 raw_loss=1.714267 weighted_loss=1.103037 lr=0.0001 windows=10320/106562
progress epoch=1 optimizer_steps=4778 raw_loss=2.000208 weighted_loss=0.765324 lr=0.0001 windows=10365/106562
progress epoch=1 optimizer_steps=4802 raw_loss=2.300572 weighted_loss=1.486511 lr=0.0001 windows=10413/106562
progress epoch=1 optimizer_steps=4831 raw_loss=1.624780 weighted_loss=0.741103 lr=0.0001 windows=10472/106562
progress epoch=1 optimizer_steps=4851 raw_loss=2.335616 weighted_loss=2.847743 lr=0.0001 windows=10534/106562
progress epoch=1 optimizer_steps=4875 raw_loss=2.051177 weighted_loss=0.765268 lr=0.0001 windows=10577/106562
progress epoch=1 optimizer_steps=4901 raw_loss=1.919563 weighted_loss=1.572958 lr=0.0001 windows=10642/106562
progress epoch=1 optimizer_steps=4931 raw_loss=1.789378 weighted_loss=0.875613 lr=0.0001 windows=10695/106562
progress epoch=1 optimizer_steps=4957 raw_loss=1.759819 weighted_loss=1.409844 lr=0.0001 windows=10763/106562
progress epoch=1 optimizer_steps=4975 raw_loss=2.040206 weighted_loss=1.417312 lr=0.0001 windows=10829/106562
progress epoch=1 optimizer_steps=5002 raw_loss=1.640223 weighted_loss=0.901020 lr=0.0001 windows=10879/106562
checkpoint optimizer_steps=5002 path=/home/yanzhou/cyh/cid-v17-retrain/runs/cid-v1-0.4b-v17-ncv4-needfix-74b9eed/stage-a/stage-a-latest.pt
progress epoch=1 optimizer_steps=5027 raw_loss=2.342237 weighted_loss=1.724218 lr=0.0001 windows=10946/106562
progress epoch=1 optimizer_steps=5058 raw_loss=2.216598 weighted_loss=2.248203 lr=0.0001 windows=11029/106562
progress epoch=1 optimizer_steps=5075 raw_loss=1.630362 weighted_loss=1.060257 lr=0.0001 windows=11063/106562
progress epoch=1 optimizer_steps=5101 raw_loss=1.966434 weighted_loss=1.730770 lr=0.0001 windows=11147/106562
progress epoch=1 optimizer_steps=5139 raw_loss=1.800670 weighted_loss=0.971224 lr=0.0001 windows=11213/106562
progress epoch=1 optimizer_steps=5160 raw_loss=1.937049 weighted_loss=0.958940 lr=0.0001 windows=11254/106562
progress epoch=1 optimizer_steps=5175 raw_loss=1.951802 weighted_loss=2.013773 lr=0.0001 windows=11294/106562
progress epoch=1 optimizer_steps=5201 raw_loss=1.424962 weighted_loss=1.036539 lr=0.0001 windows=11347/106562
progress epoch=1 optimizer_steps=5226 raw_loss=1.837882 weighted_loss=1.076577 lr=0.0001 windows=11398/106562
progress epoch=1 optimizer_steps=5257 raw_loss=2.418888 weighted_loss=2.818710 lr=0.0001 windows=11505/106562
progress epoch=1 optimizer_steps=5285 raw_loss=2.162022 weighted_loss=0.942683 lr=0.0001 windows=11550/106562
progress epoch=1 optimizer_steps=5301 raw_loss=1.936011 weighted_loss=2.508925 lr=0.0001 windows=11605/106562
progress epoch=1 optimizer_steps=5336 raw_loss=1.887743 weighted_loss=2.634681 lr=0.0001 windows=11700/106562
progress epoch=1 optimizer_steps=5357 raw_loss=1.860856 weighted_loss=1.109511 lr=0.0001 windows=11746/106562
progress epoch=1 optimizer_steps=5379 raw_loss=2.030432 weighted_loss=0.701893 lr=0.0001 windows=11772/106562
progress epoch=1 optimizer_steps=5400 raw_loss=1.979654 weighted_loss=1.515421 lr=0.0001 windows=11827/106562
progress epoch=1 optimizer_steps=5429 raw_loss=2.007097 weighted_loss=1.214731 lr=0.0001 windows=11897/106562
progress epoch=1 optimizer_steps=5455 raw_loss=1.967709 weighted_loss=1.698734 lr=0.0001 windows=11948/106562
progress epoch=1 optimizer_steps=5485 raw_loss=2.111737 weighted_loss=1.444276 lr=0.0001 windows=12026/106562
progress epoch=1 optimizer_steps=5506 raw_loss=2.339632 weighted_loss=2.812536 lr=0.0001 windows=12103/106562
progress epoch=1 optimizer_steps=5532 raw_loss=1.706201 weighted_loss=0.952879 lr=0.0001 windows=12151/106562
progress epoch=1 optimizer_steps=5553 raw_loss=2.221290 weighted_loss=0.746095 lr=0.0001 windows=12177/106562
progress epoch=1 optimizer_steps=5578 raw_loss=2.532316 weighted_loss=1.090581 lr=0.0001 windows=12233/106562
progress epoch=1 optimizer_steps=5603 raw_loss=1.822669 weighted_loss=1.113028 lr=0.0001 windows=12293/106562
progress epoch=1 optimizer_steps=5626 raw_loss=2.234515 weighted_loss=0.679679 lr=0.0001 windows=12318/106562
progress epoch=1 optimizer_steps=5654 raw_loss=2.272444 weighted_loss=0.931257 lr=0.0001 windows=12368/106562
progress epoch=1 optimizer_steps=5676 raw_loss=2.055805 weighted_loss=1.322506 lr=0.0001 windows=12416/106562
progress epoch=1 optimizer_steps=5702 raw_loss=1.598599 weighted_loss=1.296250 lr=0.0001 windows=12467/106562
progress epoch=1 optimizer_steps=5733 raw_loss=1.711421 weighted_loss=0.669864 lr=0.0001 windows=12517/106562
progress epoch=1 optimizer_steps=5750 raw_loss=1.620540 weighted_loss=1.103200 lr=0.0001 windows=12561/106562
progress epoch=1 optimizer_steps=5777 raw_loss=2.621819 weighted_loss=9.551514 lr=0.0001 windows=12617/106562
progress epoch=1 optimizer_steps=5801 raw_loss=2.317499 weighted_loss=1.002086 lr=0.0001 windows=12664/106562
progress epoch=1 optimizer_steps=5831 raw_loss=2.022951 weighted_loss=0.827870 lr=0.0001 windows=12710/106562
progress epoch=1 optimizer_steps=5853 raw_loss=1.726379 weighted_loss=0.849691 lr=0.0001 windows=12754/106562
progress epoch=1 optimizer_steps=5875 raw_loss=1.621598 weighted_loss=0.896842 lr=0.0001 windows=12795/106562
progress epoch=1 optimizer_steps=5901 raw_loss=1.842706 weighted_loss=1.433761 lr=0.0001 windows=12853/106562
progress epoch=1 optimizer_steps=5930 raw_loss=2.094736 weighted_loss=1.208304 lr=0.0001 windows=12919/106562
progress epoch=1 optimizer_steps=5957 raw_loss=2.214349 weighted_loss=0.851298 lr=0.0001 windows=12961/106562
progress epoch=1 optimizer_steps=5982 raw_loss=2.090707 weighted_loss=0.895993 lr=0.0001 windows=12999/106562
progress epoch=1 optimizer_steps=6003 raw_loss=1.739215 weighted_loss=0.888013 lr=0.0001 windows=13040/106562
checkpoint optimizer_steps=6003 path=/home/yanzhou/cyh/cid-v17-retrain/runs/cid-v1-0.4b-v17-ncv4-needfix-74b9eed/stage-a/stage-a-latest.pt
progress epoch=1 optimizer_steps=6028 raw_loss=2.173924 weighted_loss=0.607481 lr=0.0001 windows=13064/106562
progress epoch=1 optimizer_steps=6053 raw_loss=1.769194 weighted_loss=1.189821 lr=0.0001 windows=13128/106562
progress epoch=1 optimizer_steps=6082 raw_loss=1.808547 weighted_loss=1.408737 lr=0.0001 windows=13210/106562
progress epoch=1 optimizer_steps=6103 raw_loss=2.290500 weighted_loss=1.258543 lr=0.0001 windows=13292/106562
progress epoch=1 optimizer_steps=6133 raw_loss=2.199573 weighted_loss=1.162068 lr=0.0001 windows=13369/106562
progress epoch=1 optimizer_steps=6151 raw_loss=2.083871 weighted_loss=2.039202 lr=0.0001 windows=13417/106562
progress epoch=1 optimizer_steps=6176 raw_loss=1.662292 weighted_loss=1.053139 lr=0.0001 windows=13481/106562
progress epoch=1 optimizer_steps=6200 raw_loss=2.276160 weighted_loss=1.399799 lr=0.0001 windows=13544/106562
progress epoch=1 optimizer_steps=6225 raw_loss=1.702282 weighted_loss=2.035716 lr=0.0001 windows=13606/106562
progress epoch=1 optimizer_steps=6258 raw_loss=2.161879 weighted_loss=1.539926 lr=0.0001 windows=13702/106562
progress epoch=1 optimizer_steps=6282 raw_loss=2.197825 weighted_loss=1.121822 lr=0.0001 windows=13750/106562
progress epoch=1 optimizer_steps=6304 raw_loss=2.122688 weighted_loss=1.435911 lr=0.0001 windows=13820/106562
progress epoch=1 optimizer_steps=6329 raw_loss=1.717268 weighted_loss=0.740875 lr=0.0001 windows=13865/106562
progress epoch=1 optimizer_steps=6359 raw_loss=1.831426 weighted_loss=0.868037 lr=0.0001 windows=13917/106562
progress epoch=1 optimizer_steps=6376 raw_loss=1.980599 weighted_loss=1.201301 lr=0.0001 windows=13992/106562
progress epoch=1 optimizer_steps=6410 raw_loss=1.962859 weighted_loss=0.971577 lr=0.0001 windows=14067/106562
progress epoch=1 optimizer_steps=6427 raw_loss=2.322574 weighted_loss=0.983997 lr=0.0001 windows=14091/106562
progress epoch=1 optimizer_steps=6450 raw_loss=1.602558 weighted_loss=0.708138 lr=0.0001 windows=14138/106562
progress epoch=1 optimizer_steps=6480 raw_loss=2.086932 weighted_loss=0.789892 lr=0.0001 windows=14195/106562
progress epoch=1 optimizer_steps=6504 raw_loss=1.720719 weighted_loss=1.252999 lr=0.0001 windows=14268/106562
progress epoch=1 optimizer_steps=6526 raw_loss=1.986273 weighted_loss=0.972748 lr=0.0001 windows=14338/106562
progress epoch=1 optimizer_steps=6556 raw_loss=2.694021 weighted_loss=2.289806 lr=0.0001 windows=14436/106562
progress epoch=1 optimizer_steps=6577 raw_loss=1.663008 weighted_loss=0.826872 lr=0.0001 windows=14469/106562
progress epoch=1 optimizer_steps=6613 raw_loss=1.900681 weighted_loss=1.100518 lr=0.0001 windows=14523/106562
progress epoch=1 optimizer_steps=6634 raw_loss=2.215942 weighted_loss=0.676824 lr=0.0001 windows=14547/106562
progress epoch=1 optimizer_steps=6652 raw_loss=1.721874 weighted_loss=0.888914 lr=0.0001 windows=14580/106562
progress epoch=1 optimizer_steps=6675 raw_loss=1.759116 weighted_loss=1.296995 lr=0.0001 windows=14640/106562
progress epoch=1 optimizer_steps=6706 raw_loss=2.283847 weighted_loss=1.299777 lr=0.0001 windows=14738/106562
progress epoch=1 optimizer_steps=6732 raw_loss=2.225949 weighted_loss=1.463695 lr=0.0001 windows=14793/106562
progress epoch=1 optimizer_steps=6764 raw_loss=2.204019 weighted_loss=1.294414 lr=0.0001 windows=14855/106562
progress epoch=1 optimizer_steps=6776 raw_loss=1.940723 weighted_loss=1.922827 lr=0.0001 windows=14894/106562
progress epoch=1 optimizer_steps=6822 raw_loss=1.989249 weighted_loss=0.928739 lr=0.0001 windows=14973/106562
progress epoch=1 optimizer_steps=6825 raw_loss=1.363759 weighted_loss=0.680186 lr=0.0001 windows=14978/106562
progress epoch=1 optimizer_steps=6855 raw_loss=2.068557 weighted_loss=2.292413 lr=0.0001 windows=15060/106562
progress epoch=1 optimizer_steps=6875 raw_loss=1.881535 weighted_loss=0.654935 lr=0.0001 windows=15089/106562
progress epoch=1 optimizer_steps=6906 raw_loss=1.900973 weighted_loss=1.170677 lr=0.0001 windows=15150/106562
progress epoch=1 optimizer_steps=6925 raw_loss=2.073212 weighted_loss=2.588461 lr=0.0001 windows=15199/106562
progress epoch=1 optimizer_steps=6962 raw_loss=1.604900 weighted_loss=0.813456 lr=0.0001 windows=15268/106562
progress epoch=1 optimizer_steps=6975 raw_loss=1.556732 weighted_loss=0.784986 lr=0.0001 windows=15306/106562
progress epoch=1 optimizer_steps=7000 raw_loss=1.984528 weighted_loss=0.785489 lr=0.0001 windows=15339/106562
checkpoint optimizer_steps=7000 path=/home/yanzhou/cyh/cid-v17-retrain/runs/cid-v1-0.4b-v17-ncv4-needfix-74b9eed/stage-a/stage-a-latest.pt
progress epoch=1 optimizer_steps=7025 raw_loss=1.979826 weighted_loss=0.879749 lr=0.0001 windows=15410/106562
progress epoch=1 optimizer_steps=7050 raw_loss=1.722974 weighted_loss=1.046809 lr=0.0001 windows=15462/106562
progress epoch=1 optimizer_steps=7082 raw_loss=2.108452 weighted_loss=1.500524 lr=0.0001 windows=15565/106562
progress epoch=1 optimizer_steps=7100 raw_loss=1.854029 weighted_loss=1.772845 lr=0.0001 windows=15624/106562
progress epoch=1 optimizer_steps=7128 raw_loss=1.781683 weighted_loss=1.072264 lr=0.0001 windows=15696/106562
progress epoch=1 optimizer_steps=7155 raw_loss=1.500210 weighted_loss=1.150763 lr=0.0001 windows=15756/106562
progress epoch=1 optimizer_steps=7193 raw_loss=2.248714 weighted_loss=1.370583 lr=0.0001 windows=15834/106562
progress epoch=1 optimizer_steps=7210 raw_loss=1.752627 weighted_loss=1.952260 lr=0.0001 windows=15883/106562
progress epoch=1 optimizer_steps=7229 raw_loss=2.029957 weighted_loss=0.975768 lr=0.0001 windows=15925/106562
progress epoch=1 optimizer_steps=7262 raw_loss=2.063512 weighted_loss=0.857332 lr=0.0001 windows=15980/106562
progress epoch=1 optimizer_steps=7281 raw_loss=1.748792 weighted_loss=1.029646 lr=0.0001 windows=16018/106562
progress epoch=1 optimizer_steps=7302 raw_loss=1.728168 weighted_loss=0.935146 lr=0.0001 windows=16054/106562
progress epoch=1 optimizer_steps=7326 raw_loss=1.993009 weighted_loss=2.541653 lr=0.0001 windows=16120/106562
progress epoch=1 optimizer_steps=7351 raw_loss=1.686432 weighted_loss=2.191824 lr=0.0001 windows=16171/106562
progress epoch=1 optimizer_steps=7375 raw_loss=2.032623 weighted_loss=2.735623 lr=0.0001 windows=16244/106562
progress epoch=1 optimizer_steps=7402 raw_loss=2.390791 weighted_loss=5.349384 lr=0.0001 windows=16332/106562
progress epoch=1 optimizer_steps=7437 raw_loss=1.879958 weighted_loss=1.491358 lr=0.0001 windows=16406/106562
progress epoch=1 optimizer_steps=7454 raw_loss=1.688731 weighted_loss=0.895179 lr=0.0001 windows=16449/106562
progress epoch=1 optimizer_steps=7476 raw_loss=1.750576 weighted_loss=1.086920 lr=0.0001 windows=16523/106562
progress epoch=1 optimizer_steps=7505 raw_loss=1.883669 weighted_loss=1.632858 lr=0.0001 windows=16614/106562
progress epoch=1 optimizer_steps=7537 raw_loss=2.163349 weighted_loss=0.835046 lr=0.0001 windows=16665/106562
progress epoch=1 optimizer_steps=7552 raw_loss=1.990280 weighted_loss=2.264166 lr=0.0001 windows=16711/106562
progress epoch=1 optimizer_steps=7578 raw_loss=1.865358 weighted_loss=0.932525 lr=0.0001 windows=16753/106562
progress epoch=1 optimizer_steps=7603 raw_loss=1.975990 weighted_loss=0.809402 lr=0.0001 windows=16812/106562
progress epoch=1 optimizer_steps=7625 raw_loss=1.826896 weighted_loss=2.318027 lr=0.0001 windows=16862/106562
progress epoch=1 optimizer_steps=7651 raw_loss=2.078992 weighted_loss=3.022895 lr=0.0001 windows=16948/106562
progress epoch=1 optimizer_steps=7679 raw_loss=1.458540 weighted_loss=1.043019 lr=0.0001 windows=17012/106562
progress epoch=1 optimizer_steps=7708 raw_loss=1.755090 weighted_loss=1.325329 lr=0.0001 windows=17081/106562
progress epoch=1 optimizer_steps=7741 raw_loss=1.871259 weighted_loss=1.072230 lr=0.0001 windows=17142/106562
progress epoch=1 optimizer_steps=7755 raw_loss=1.284282 weighted_loss=0.805189 lr=0.0001 windows=17169/106562
progress epoch=1 optimizer_steps=7778 raw_loss=1.696526 weighted_loss=0.877413 lr=0.0001 windows=17219/106562
progress epoch=1 optimizer_steps=7816 raw_loss=2.218926 weighted_loss=0.939264 lr=0.0001 windows=17278/106562
progress epoch=1 optimizer_steps=7837 raw_loss=2.172610 weighted_loss=1.501819 lr=0.0001 windows=17327/106562
progress epoch=1 optimizer_steps=7853 raw_loss=1.576502 weighted_loss=1.710697 lr=0.0001 windows=17376/106562
progress epoch=1 optimizer_steps=7877 raw_loss=1.690220 weighted_loss=0.925032 lr=0.0001 windows=17424/106562
progress epoch=1 optimizer_steps=7900 raw_loss=2.344759 weighted_loss=2.775172 lr=0.0001 windows=17490/106562
progress epoch=1 optimizer_steps=7928 raw_loss=1.906144 weighted_loss=1.061190 lr=0.0001 windows=17552/106562
progress epoch=1 optimizer_steps=7951 raw_loss=2.034442 weighted_loss=1.970437 lr=0.0001 windows=17646/106562
progress epoch=1 optimizer_steps=7979 raw_loss=1.802318 weighted_loss=1.233135 lr=0.0001 windows=17734/106562
progress epoch=1 optimizer_steps=8005 raw_loss=1.563391 weighted_loss=1.338826 lr=0.0001 windows=17792/106562
checkpoint optimizer_steps=8005 path=/home/yanzhou/cyh/cid-v17-retrain/runs/cid-v1-0.4b-v17-ncv4-needfix-74b9eed/stage-a/stage-a-latest.pt
progress epoch=1 optimizer_steps=8032 raw_loss=2.383863 weighted_loss=2.379611 lr=0.0001 windows=17844/106562
progress epoch=1 optimizer_steps=8056 raw_loss=1.947337 weighted_loss=0.551591 lr=0.0001 windows=17870/106562
progress epoch=1 optimizer_steps=8083 raw_loss=2.085016 weighted_loss=1.059840 lr=0.0001 windows=17926/106562
progress epoch=1 optimizer_steps=8103 raw_loss=2.121918 weighted_loss=1.303136 lr=0.0001 windows=17982/106562
progress epoch=1 optimizer_steps=8125 raw_loss=2.009011 weighted_loss=1.631534 lr=0.0001 windows=18044/106562
progress epoch=1 optimizer_steps=8152 raw_loss=2.067543 weighted_loss=2.686294 lr=0.0001 windows=18123/106562
progress epoch=1 optimizer_steps=8178 raw_loss=2.013097 weighted_loss=2.704691 lr=0.0001 windows=18181/106562
progress epoch=1 optimizer_steps=8210 raw_loss=2.126844 weighted_loss=1.438613 lr=0.0001 windows=18258/106562
progress epoch=1 optimizer_steps=8228 raw_loss=1.565159 weighted_loss=1.445800 lr=0.0001 windows=18317/106562
progress epoch=1 optimizer_steps=8252 raw_loss=1.637350 weighted_loss=0.982596 lr=0.0001 windows=18372/106562
progress epoch=1 optimizer_steps=8277 raw_loss=2.776199 weighted_loss=10.285640 lr=0.0001 windows=18449/106562
progress epoch=1 optimizer_steps=8305 raw_loss=1.827833 weighted_loss=1.571581 lr=0.0001 windows=18520/106562
progress epoch=1 optimizer_steps=8326 raw_loss=1.917693 weighted_loss=1.095826 lr=0.0001 windows=18582/106562
progress epoch=1 optimizer_steps=8367 raw_loss=1.941222 weighted_loss=0.842781 lr=0.0001 windows=18646/106562
progress epoch=1 optimizer_steps=8383 raw_loss=1.808114 weighted_loss=0.818868 lr=0.0001 windows=18670/106562
progress epoch=1 optimizer_steps=8411 raw_loss=2.518022 weighted_loss=1.042579 lr=0.0001 windows=18723/106562
progress epoch=1 optimizer_steps=8431 raw_loss=1.985931 weighted_loss=1.856947 lr=0.0001 windows=18796/106562
progress epoch=1 optimizer_steps=8452 raw_loss=2.174123 weighted_loss=2.149355 lr=0.0001 windows=18873/106562
progress epoch=1 optimizer_steps=8475 raw_loss=2.013884 weighted_loss=1.954712 lr=0.0001 windows=18950/106562
progress epoch=1 optimizer_steps=8504 raw_loss=1.763709 weighted_loss=1.845677 lr=0.0001 windows=19045/106562
progress epoch=1 optimizer_steps=8541 raw_loss=1.904876 weighted_loss=0.767247 lr=0.0001 windows=19093/106562
progress epoch=1 optimizer_steps=8551 raw_loss=1.581959 weighted_loss=1.264063 lr=0.0001 windows=19117/106562
progress epoch=1 optimizer_steps=8578 raw_loss=1.526005 weighted_loss=1.213607 lr=0.0001 windows=19182/106562
progress epoch=1 optimizer_steps=8601 raw_loss=1.710727 weighted_loss=1.710446 lr=0.0001 windows=19237/106562
progress epoch=1 optimizer_steps=8627 raw_loss=2.136067 weighted_loss=1.300298 lr=0.0001 windows=19311/106562
progress epoch=1 optimizer_steps=8654 raw_loss=2.283635 weighted_loss=2.459647 lr=0.0001 windows=19384/106562
progress epoch=1 optimizer_steps=8685 raw_loss=2.168363 weighted_loss=1.343883 lr=0.0001 windows=19464/106562
progress epoch=1 optimizer_steps=8702 raw_loss=1.494535 weighted_loss=1.893536 lr=0.0001 windows=19511/106562
progress epoch=1 optimizer_steps=8726 raw_loss=2.054675 weighted_loss=1.260728 lr=0.0001 windows=19578/106562
progress epoch=1 optimizer_steps=8766 raw_loss=1.931747 weighted_loss=0.717820 lr=0.0001 windows=19639/106562
progress epoch=1 optimizer_steps=8776 raw_loss=1.886877 weighted_loss=0.988466 lr=0.0001 windows=19659/106562
progress epoch=1 optimizer_steps=8801 raw_loss=2.173021 weighted_loss=1.240690 lr=0.0001 windows=19722/106562
progress epoch=1 optimizer_steps=8825 raw_loss=1.913980 weighted_loss=1.154627 lr=0.0001 windows=19799/106562
progress epoch=1 optimizer_steps=8860 raw_loss=1.818126 weighted_loss=1.553558 lr=0.0001 windows=19921/106562
progress epoch=1 optimizer_steps=8881 raw_loss=1.762521 weighted_loss=0.920486 lr=0.0001 windows=19965/106562
progress epoch=1 optimizer_steps=8900 raw_loss=2.443234 weighted_loss=3.248784 lr=0.0001 windows=20015/106562
progress epoch=1 optimizer_steps=8933 raw_loss=2.134514 weighted_loss=1.538178 lr=0.0001 windows=20071/106562
progress epoch=1 optimizer_steps=8954 raw_loss=2.065069 weighted_loss=1.280468 lr=0.0001 windows=20155/106562
progress epoch=1 optimizer_steps=8976 raw_loss=1.958909 weighted_loss=1.403093 lr=0.0001 windows=20217/106562
progress epoch=1 optimizer_steps=9002 raw_loss=2.148748 weighted_loss=0.902813 lr=0.0001 windows=20256/106562
checkpoint optimizer_steps=9002 path=/home/yanzhou/cyh/cid-v17-retrain/runs/cid-v1-0.4b-v17-ncv4-needfix-74b9eed/stage-a/stage-a-latest.pt
progress epoch=1 optimizer_steps=9042 raw_loss=2.088037 weighted_loss=0.686752 lr=0.0001 windows=20309/106562
progress epoch=1 optimizer_steps=9058 raw_loss=2.049428 weighted_loss=3.180611 lr=0.0001 windows=20363/106562
progress epoch=1 optimizer_steps=9077 raw_loss=1.770734 weighted_loss=1.413112 lr=0.0001 windows=20427/106562
progress epoch=1 optimizer_steps=9101 raw_loss=1.770948 weighted_loss=1.181599 lr=0.0001 windows=20481/106562
progress epoch=1 optimizer_steps=9138 raw_loss=2.235539 weighted_loss=1.800954 lr=0.0001 windows=20577/106562
progress epoch=1 optimizer_steps=9161 raw_loss=1.949994 weighted_loss=1.836377 lr=0.0001 windows=20639/106562
progress epoch=1 optimizer_steps=9176 raw_loss=1.584544 weighted_loss=0.692871 lr=0.0001 windows=20679/106562
progress epoch=1 optimizer_steps=9204 raw_loss=1.867860 weighted_loss=0.909902 lr=0.0001 windows=20759/106562
progress epoch=1 optimizer_steps=9232 raw_loss=2.031689 weighted_loss=0.985697 lr=0.0001 windows=20825/106562
progress epoch=1 optimizer_steps=9256 raw_loss=1.613748 weighted_loss=0.950771 lr=0.0001 windows=20884/106562
progress epoch=1 optimizer_steps=9280 raw_loss=1.743420 weighted_loss=0.877091 lr=0.0001 windows=20938/106562
progress epoch=1 optimizer_steps=9305 raw_loss=1.781511 weighted_loss=0.859592 lr=0.0001 windows=20985/106562
progress epoch=1 optimizer_steps=9325 raw_loss=2.025046 weighted_loss=0.633244 lr=0.0001 windows=21009/106562
progress epoch=1 optimizer_steps=9361 raw_loss=1.815108 weighted_loss=0.671253 lr=0.0001 windows=21071/106562
progress epoch=1 optimizer_steps=9376 raw_loss=1.691362 weighted_loss=1.686663 lr=0.0001 windows=21114/106562
progress epoch=1 optimizer_steps=9404 raw_loss=1.748562 weighted_loss=0.974565 lr=0.0001 windows=21184/106562
progress epoch=1 optimizer_steps=9439 raw_loss=1.903060 weighted_loss=0.790369 lr=0.0001 windows=21239/106562
progress epoch=1 optimizer_steps=9455 raw_loss=1.834139 weighted_loss=1.274498 lr=0.0001 windows=21282/106562
progress epoch=1 optimizer_steps=9489 raw_loss=1.898248 weighted_loss=0.807082 lr=0.0001 windows=21332/106562
progress epoch=1 optimizer_steps=9509 raw_loss=1.851446 weighted_loss=0.574288 lr=0.0001 windows=21360/106562
progress epoch=1 optimizer_steps=9529 raw_loss=1.885895 weighted_loss=1.201723 lr=0.0001 windows=21433/106562
progress epoch=1 optimizer_steps=9558 raw_loss=1.991351 weighted_loss=1.072857 lr=0.0001 windows=21485/106562
progress epoch=1 optimizer_steps=9576 raw_loss=2.334467 weighted_loss=1.266662 lr=0.0001 windows=21533/106562
progress epoch=1 optimizer_steps=9605 raw_loss=2.029223 weighted_loss=2.306885 lr=0.0001 windows=21611/106562
progress epoch=1 optimizer_steps=9630 raw_loss=1.993856 weighted_loss=1.099176 lr=0.0001 windows=21670/106562
progress epoch=1 optimizer_steps=9650 raw_loss=1.918854 weighted_loss=1.989496 lr=0.0001 windows=21731/106562
progress epoch=1 optimizer_steps=9681 raw_loss=1.780830 weighted_loss=0.775032 lr=0.0001 windows=21788/106562
progress epoch=1 optimizer_steps=9701 raw_loss=1.618321 weighted_loss=0.926480 lr=0.0001 windows=21843/106562
progress epoch=1 optimizer_steps=9729 raw_loss=1.797221 weighted_loss=1.498004 lr=0.0001 windows=21919/106562
progress epoch=1 optimizer_steps=9753 raw_loss=1.525945 weighted_loss=1.348970 lr=0.0001 windows=21973/106562
progress epoch=1 optimizer_steps=9780 raw_loss=2.147913 weighted_loss=0.693407 lr=0.0001 windows=22003/106562
progress epoch=1 optimizer_steps=9802 raw_loss=1.911643 weighted_loss=1.719028 lr=0.0001 windows=22052/106562
progress epoch=1 optimizer_steps=9825 raw_loss=1.936164 weighted_loss=1.618130 lr=0.0001 windows=22121/106562
progress epoch=1 optimizer_steps=9859 raw_loss=1.483759 weighted_loss=1.104344 lr=0.0001 windows=22187/106562
progress epoch=1 optimizer_steps=9883 raw_loss=1.702166 weighted_loss=1.511823 lr=0.0001 windows=22240/106562
progress epoch=1 optimizer_steps=9902 raw_loss=2.193106 weighted_loss=3.000083 lr=0.0001 windows=22312/106562
progress epoch=1 optimizer_steps=9934 raw_loss=1.956409 weighted_loss=0.695563 lr=0.0001 windows=22353/106562
progress epoch=1 optimizer_steps=9953 raw_loss=1.846615 weighted_loss=1.375435 lr=0.0001 windows=22413/106562
progress epoch=1 optimizer_steps=9983 raw_loss=1.688684 weighted_loss=0.817310 lr=0.0001 windows=22467/106562
progress epoch=1 optimizer_steps=10005 raw_loss=2.095516 weighted_loss=3.271028 lr=0.0001 windows=22539/106562
checkpoint optimizer_steps=10005 path=/home/yanzhou/cyh/cid-v17-retrain/runs/cid-v1-0.4b-v17-ncv4-needfix-74b9eed/stage-a/stage-a-latest.pt
progress epoch=1 optimizer_steps=10026 raw_loss=1.522510 weighted_loss=1.164402 lr=0.0001 windows=22586/106562
progress epoch=1 optimizer_steps=10055 raw_loss=2.226054 weighted_loss=1.482548 lr=0.0001 windows=22669/106562
progress epoch=1 optimizer_steps=10078 raw_loss=2.482866 weighted_loss=1.906362 lr=0.0001 windows=22742/106562
progress epoch=1 optimizer_steps=10101 raw_loss=1.967503 weighted_loss=1.825568 lr=0.0001 windows=22815/106562
progress epoch=1 optimizer_steps=10135 raw_loss=1.928970 weighted_loss=0.775041 lr=0.0001 windows=22876/106562
progress epoch=1 optimizer_steps=10152 raw_loss=1.882479 weighted_loss=0.714567 lr=0.0001 windows=22909/106562
progress epoch=1 optimizer_steps=10175 raw_loss=2.284272 weighted_loss=2.583175 lr=0.0001 windows=22987/106562
progress epoch=1 optimizer_steps=10205 raw_loss=1.526690 weighted_loss=0.805845 lr=0.0001 windows=23038/106562
progress epoch=1 optimizer_steps=10225 raw_loss=1.876535 weighted_loss=2.092247 lr=0.0001 windows=23091/106562
progress epoch=1 optimizer_steps=10250 raw_loss=2.090980 weighted_loss=2.190138 lr=0.0001 windows=23149/106562
progress epoch=1 optimizer_steps=10278 raw_loss=1.786259 weighted_loss=1.133953 lr=0.0001 windows=23212/106562
progress epoch=1 optimizer_steps=10305 raw_loss=1.399539 weighted_loss=0.738379 lr=0.0001 windows=23266/106562
progress epoch=1 optimizer_steps=10330 raw_loss=1.793616 weighted_loss=1.835270 lr=0.0001 windows=23345/106562
progress epoch=1 optimizer_steps=10356 raw_loss=1.612535 weighted_loss=1.259423 lr=0.0001 windows=23417/106562
progress epoch=1 optimizer_steps=10379 raw_loss=2.008331 weighted_loss=0.643335 lr=0.0001 windows=23441/106562
progress epoch=1 optimizer_steps=10402 raw_loss=1.716398 weighted_loss=1.205869 lr=0.0001 windows=23503/106562
progress epoch=1 optimizer_steps=10428 raw_loss=1.835155 weighted_loss=2.067386 lr=0.0001 windows=23580/106562
progress epoch=1 optimizer_steps=10451 raw_loss=2.029860 weighted_loss=0.793638 lr=0.0001 windows=23616/106562
progress epoch=1 optimizer_steps=10485 raw_loss=2.435359 weighted_loss=1.280326 lr=0.0001 windows=23697/106562
progress epoch=1 optimizer_steps=10506 raw_loss=1.530455 weighted_loss=0.764217 lr=0.0001 windows=23747/106562
progress epoch=1 optimizer_steps=10528 raw_loss=1.952027 weighted_loss=2.131623 lr=0.0001 windows=23814/106562
progress epoch=1 optimizer_steps=10558 raw_loss=1.815610 weighted_loss=1.275257 lr=0.0001 windows=23899/106562
progress epoch=1 optimizer_steps=10576 raw_loss=1.352213 weighted_loss=0.739409 lr=0.0001 windows=23933/106562
progress epoch=1 optimizer_steps=10611 raw_loss=1.819937 weighted_loss=1.232755 lr=0.0001 windows=24033/106562
progress epoch=1 optimizer_steps=10644 raw_loss=2.056298 weighted_loss=4.432887 lr=0.0001 windows=24108/106562
progress epoch=1 optimizer_steps=10665 raw_loss=1.993657 weighted_loss=0.698713 lr=0.0001 windows=24134/106562
progress epoch=1 optimizer_steps=10677 raw_loss=1.929188 weighted_loss=1.907960 lr=0.0001 windows=24164/106562
progress epoch=1 optimizer_steps=10702 raw_loss=1.765137 weighted_loss=0.937734 lr=0.0001 windows=24212/106562
progress epoch=1 optimizer_steps=10729 raw_loss=1.575586 weighted_loss=1.234391 lr=0.0001 windows=24280/106562
progress epoch=1 optimizer_steps=10751 raw_loss=1.815426 weighted_loss=1.429579 lr=0.0001 windows=24346/106562
progress epoch=1 optimizer_steps=10775 raw_loss=2.019377 weighted_loss=1.502865 lr=0.0001 windows=24419/106562
progress epoch=1 optimizer_steps=10801 raw_loss=2.113546 weighted_loss=1.681030 lr=0.0001 windows=24492/106562
progress epoch=1 optimizer_steps=10842 raw_loss=2.278425 weighted_loss=1.472043 lr=0.0001 windows=24572/106562
progress epoch=1 optimizer_steps=10860 raw_loss=1.740823 weighted_loss=0.894137 lr=0.0001 windows=24615/106562
progress epoch=1 optimizer_steps=10875 raw_loss=1.857550 weighted_loss=0.597037 lr=0.0001 windows=24633/106562
progress epoch=1 optimizer_steps=10902 raw_loss=1.987049 weighted_loss=1.311824 lr=0.0001 windows=24691/106562
progress epoch=1 optimizer_steps=10935 raw_loss=2.117667 weighted_loss=1.391955 lr=0.0001 windows=24789/106562
progress epoch=1 optimizer_steps=10951 raw_loss=1.680755 weighted_loss=1.319443 lr=0.0001 windows=24838/106562
progress epoch=1 optimizer_steps=10977 raw_loss=1.717446 weighted_loss=1.603241 lr=0.0001 windows=24920/106562
progress epoch=1 optimizer_steps=11001 raw_loss=1.706161 weighted_loss=1.623679 lr=0.0001 windows=25013/106562
checkpoint optimizer_steps=11001 path=/home/yanzhou/cyh/cid-v17-retrain/runs/cid-v1-0.4b-v17-ncv4-needfix-74b9eed/stage-a/stage-a-latest.pt
progress epoch=1 optimizer_steps=11030 raw_loss=1.498130 weighted_loss=0.806958 lr=0.0001 windows=25065/106562
progress epoch=1 optimizer_steps=11057 raw_loss=1.535733 weighted_loss=1.508866 lr=0.0001 windows=25121/106562
progress epoch=1 optimizer_steps=11094 raw_loss=1.978251 weighted_loss=1.124148 lr=0.0001 windows=25217/106562
progress epoch=1 optimizer_steps=11104 raw_loss=2.849778 weighted_loss=2.474965 lr=0.0001 windows=25265/106562
progress epoch=1 optimizer_steps=11129 raw_loss=2.031310 weighted_loss=1.235732 lr=0.0001 windows=25315/106562
progress epoch=1 optimizer_steps=11152 raw_loss=1.537565 weighted_loss=0.867570 lr=0.0001 windows=25354/106562
progress epoch=1 optimizer_steps=11181 raw_loss=1.871481 weighted_loss=1.116782 lr=0.0001 windows=25420/106562
progress epoch=1 optimizer_steps=11204 raw_loss=1.763411 weighted_loss=1.073235 lr=0.0001 windows=25473/106562
progress epoch=1 optimizer_steps=11228 raw_loss=1.442132 weighted_loss=0.783599 lr=0.0001 windows=25516/106562
progress epoch=1 optimizer_steps=11253 raw_loss=1.889846 weighted_loss=0.807247 lr=0.0001 windows=25555/106562
progress epoch=1 optimizer_steps=11276 raw_loss=1.906596 weighted_loss=1.353466 lr=0.0001 windows=25606/106562
progress epoch=1 optimizer_steps=11302 raw_loss=1.508073 weighted_loss=0.887812 lr=0.0001 windows=25666/106562
progress epoch=1 optimizer_steps=11327 raw_loss=2.353698 weighted_loss=1.523952 lr=0.0001 windows=25738/106562
progress epoch=1 optimizer_steps=11350 raw_loss=1.851346 weighted_loss=2.012788 lr=0.0001 windows=25801/106562
progress epoch=1 optimizer_steps=11375 raw_loss=1.512920 weighted_loss=1.176159 lr=0.0001 windows=25874/106562
progress epoch=1 optimizer_steps=11402 raw_loss=1.969197 weighted_loss=1.411381 lr=0.0001 windows=25934/106562
progress epoch=1 optimizer_steps=11429 raw_loss=1.976692 weighted_loss=1.511775 lr=0.0001 windows=26008/106562
progress epoch=1 optimizer_steps=11450 raw_loss=1.860618 weighted_loss=2.290833 lr=0.0001 windows=26078/106562
progress epoch=1 optimizer_steps=11476 raw_loss=1.876384 weighted_loss=1.792876 lr=0.0001 windows=26161/106562
progress epoch=1 optimizer_steps=11502 raw_loss=1.976441 weighted_loss=0.728630 lr=0.0001 windows=26214/106562
progress epoch=1 optimizer_steps=11525 raw_loss=2.743808 weighted_loss=2.921331 lr=0.0001 windows=26279/106562
progress epoch=1 optimizer_steps=11553 raw_loss=1.899452 weighted_loss=0.870238 lr=0.0001 windows=26372/106562
progress epoch=1 optimizer_steps=11576 raw_loss=1.684659 weighted_loss=1.370269 lr=0.0001 windows=26458/106562
progress epoch=1 optimizer_steps=11602 raw_loss=1.984578 weighted_loss=1.494618 lr=0.0001 windows=26519/106562
progress epoch=1 optimizer_steps=11626 raw_loss=2.385737 weighted_loss=2.823340 lr=0.0001 windows=26606/106562
progress epoch=1 optimizer_steps=11668 raw_loss=1.951410 weighted_loss=0.627912 lr=0.0001 windows=26660/106562
progress epoch=1 optimizer_steps=11681 raw_loss=1.912020 weighted_loss=0.523163 lr=0.0001 windows=26678/106562
progress epoch=1 optimizer_steps=11703 raw_loss=1.822021 weighted_loss=1.191711 lr=0.0001 windows=26737/106562
progress epoch=1 optimizer_steps=11732 raw_loss=1.912710 weighted_loss=1.650136 lr=0.0001 windows=26833/106562
progress epoch=1 optimizer_steps=11750 raw_loss=2.280295 weighted_loss=1.305635 lr=0.0001 windows=26894/106562
progress epoch=1 optimizer_steps=11783 raw_loss=2.085908 weighted_loss=1.430858 lr=0.0001 windows=26966/106562
progress epoch=1 optimizer_steps=11801 raw_loss=2.011812 weighted_loss=1.458713 lr=0.0001 windows=27014/106562
progress epoch=1 optimizer_steps=11828 raw_loss=1.791250 weighted_loss=0.928229 lr=0.0001 windows=27078/106562
progress epoch=1 optimizer_steps=11850 raw_loss=1.908457 weighted_loss=1.307337 lr=0.0001 windows=27139/106562
progress epoch=1 optimizer_steps=11877 raw_loss=1.909347 weighted_loss=1.399477 lr=0.0001 windows=27226/106562
progress epoch=1 optimizer_steps=11900 raw_loss=1.980325 weighted_loss=1.114228 lr=0.0001 windows=27288/106562
progress epoch=1 optimizer_steps=11936 raw_loss=1.610492 weighted_loss=1.262540 lr=0.0001 windows=27392/106562
progress epoch=1 optimizer_steps=11951 raw_loss=1.640454 weighted_loss=1.140398 lr=0.0001 windows=27429/106562
progress epoch=1 optimizer_steps=11981 raw_loss=1.998249 weighted_loss=1.222099 lr=0.0001 windows=27524/106562
progress epoch=1 optimizer_steps=12001 raw_loss=1.659826 weighted_loss=1.216604 lr=0.0001 windows=27575/106562
checkpoint optimizer_steps=12001 path=/home/yanzhou/cyh/cid-v17-retrain/runs/cid-v1-0.4b-v17-ncv4-needfix-74b9eed/stage-a/stage-a-latest.pt
progress epoch=1 optimizer_steps=12028 raw_loss=1.582067 weighted_loss=1.568210 lr=0.0001 windows=27648/106562
progress epoch=1 optimizer_steps=12052 raw_loss=2.370404 weighted_loss=2.049952 lr=0.0001 windows=27740/106562
progress epoch=1 optimizer_steps=12096 raw_loss=2.092203 weighted_loss=1.981245 lr=0.0001 windows=27839/106562
progress epoch=1 optimizer_steps=12104 raw_loss=2.558154 weighted_loss=2.239862 lr=0.0001 windows=27863/106562
progress epoch=1 optimizer_steps=12127 raw_loss=2.418387 weighted_loss=2.092621 lr=0.0001 windows=27939/106562
progress epoch=1 optimizer_steps=12151 raw_loss=2.329311 weighted_loss=2.802961 lr=0.0001 windows=28036/106562
progress epoch=1 optimizer_steps=12175 raw_loss=2.161300 weighted_loss=1.417094 lr=0.0001 windows=28101/106562
progress epoch=1 optimizer_steps=12203 raw_loss=1.776665 weighted_loss=0.772599 lr=0.0001 windows=28162/106562
progress epoch=1 optimizer_steps=12232 raw_loss=1.672084 weighted_loss=1.346451 lr=0.0001 windows=28234/106562
progress epoch=1 optimizer_steps=12250 raw_loss=1.636976 weighted_loss=0.880494 lr=0.0001 windows=28271/106562
progress epoch=1 optimizer_steps=12286 raw_loss=1.962452 weighted_loss=0.885027 lr=0.0001 windows=28343/106562
progress epoch=1 optimizer_steps=12303 raw_loss=1.847531 weighted_loss=0.563396 lr=0.0001 windows=28374/106562
progress epoch=1 optimizer_steps=12332 raw_loss=2.050805 weighted_loss=0.704357 lr=0.0001 windows=28413/106562
progress epoch=1 optimizer_steps=12358 raw_loss=2.044917 weighted_loss=0.823646 lr=0.0001 windows=28464/106562
progress epoch=1 optimizer_steps=12385 raw_loss=1.661704 weighted_loss=2.092120 lr=0.0001 windows=28536/106562
progress epoch=1 optimizer_steps=12402 raw_loss=2.344253 weighted_loss=1.813059 lr=0.0001 windows=28597/106562
progress epoch=1 optimizer_steps=12426 raw_loss=1.979743 weighted_loss=2.365963 lr=0.0001 windows=28700/106562
progress epoch=1 optimizer_steps=12456 raw_loss=1.565189 weighted_loss=1.334308 lr=0.0001 windows=28777/106562
progress epoch=1 optimizer_steps=12475 raw_loss=1.825402 weighted_loss=1.212583 lr=0.0001 windows=28821/106562
progress epoch=1 optimizer_steps=12504 raw_loss=1.720894 weighted_loss=1.829785 lr=0.0001 windows=28899/106562
progress epoch=1 optimizer_steps=12526 raw_loss=2.318902 weighted_loss=2.229538 lr=0.0001 windows=28971/106562
progress epoch=1 optimizer_steps=12566 raw_loss=1.805851 weighted_loss=0.753943 lr=0.0001 windows=29064/106562
progress epoch=1 optimizer_steps=12577 raw_loss=2.125334 weighted_loss=1.550746 lr=0.0001 windows=29088/106562
progress epoch=1 optimizer_steps=12602 raw_loss=1.809375 weighted_loss=1.350304 lr=0.0001 windows=29154/106562
progress epoch=1 optimizer_steps=12627 raw_loss=2.021979 weighted_loss=1.753344 lr=0.0001 windows=29227/106562
progress epoch=1 optimizer_steps=12669 raw_loss=2.121850 weighted_loss=1.099180 lr=0.0001 windows=29316/106562
progress epoch=1 optimizer_steps=12685 raw_loss=1.668269 weighted_loss=0.841415 lr=0.0001 windows=29343/106562
progress epoch=1 optimizer_steps=12700 raw_loss=2.012713 weighted_loss=1.954385 lr=0.0001 windows=29393/106562
progress epoch=1 optimizer_steps=12727 raw_loss=2.168894 weighted_loss=2.651058 lr=0.0001 windows=29472/106562
progress epoch=1 optimizer_steps=12756 raw_loss=1.763528 weighted_loss=1.433628 lr=0.0001 windows=29546/106562
progress epoch=1 optimizer_steps=12779 raw_loss=2.177062 weighted_loss=3.108421 lr=0.0001 windows=29644/106562
progress epoch=1 optimizer_steps=12814 raw_loss=1.993651 weighted_loss=1.892102 lr=0.0001 windows=29724/106562
progress epoch=1 optimizer_steps=12836 raw_loss=2.053737 weighted_loss=0.573895 lr=0.0001 windows=29748/106562
progress epoch=1 optimizer_steps=12850 raw_loss=1.691733 weighted_loss=1.830400 lr=0.0001 windows=29802/106562
progress epoch=1 optimizer_steps=12882 raw_loss=1.913870 weighted_loss=1.243080 lr=0.0001 windows=29865/106562
progress epoch=1 optimizer_steps=12906 raw_loss=1.811702 weighted_loss=1.253342 lr=0.0001 windows=29934/106562
progress epoch=1 optimizer_steps=12925 raw_loss=1.840010 weighted_loss=2.202023 lr=0.0001 windows=29988/106562
progress epoch=1 optimizer_steps=12954 raw_loss=2.185083 weighted_loss=2.582612 lr=0.0001 windows=30079/106562
progress epoch=1 optimizer_steps=12978 raw_loss=2.951465 weighted_loss=11.651828 lr=0.0001 windows=30175/106562
progress epoch=1 optimizer_steps=13002 raw_loss=1.788657 weighted_loss=1.756490 lr=0.0001 windows=30248/106562
checkpoint optimizer_steps=13002 path=/home/yanzhou/cyh/cid-v17-retrain/runs/cid-v1-0.4b-v17-ncv4-needfix-74b9eed/stage-a/stage-a-latest.pt
progress epoch=1 optimizer_steps=13026 raw_loss=1.494566 weighted_loss=2.209010 lr=0.0001 windows=30320/106562
progress epoch=1 optimizer_steps=13050 raw_loss=2.098501 weighted_loss=1.500332 lr=0.0001 windows=30384/106562
progress epoch=1 optimizer_steps=13087 raw_loss=1.984956 weighted_loss=0.889116 lr=0.0001 windows=30457/106562
progress epoch=1 optimizer_steps=13102 raw_loss=2.211880 weighted_loss=1.647778 lr=0.0001 windows=30505/106562
progress epoch=1 optimizer_steps=13127 raw_loss=1.572579 weighted_loss=1.235544 lr=0.0001 windows=30584/106562
progress epoch=1 optimizer_steps=13152 raw_loss=1.773341 weighted_loss=1.321992 lr=0.0001 windows=30639/106562
progress epoch=1 optimizer_steps=13178 raw_loss=1.558574 weighted_loss=1.169343 lr=0.0001 windows=30689/106562
progress epoch=1 optimizer_steps=13207 raw_loss=1.899220 weighted_loss=1.344922 lr=0.0001 windows=30762/106562
progress epoch=1 optimizer_steps=13225 raw_loss=1.725550 weighted_loss=1.885193 lr=0.0001 windows=30811/106562
progress epoch=1 optimizer_steps=13252 raw_loss=1.586358 weighted_loss=1.199934 lr=0.0001 windows=30882/106562
progress epoch=1 optimizer_steps=13282 raw_loss=1.993696 weighted_loss=0.777205 lr=0.0001 windows=30946/106562
progress epoch=1 optimizer_steps=13302 raw_loss=1.702272 weighted_loss=2.430727 lr=0.0001 windows=31024/106562
progress epoch=1 optimizer_steps=13327 raw_loss=1.798339 weighted_loss=1.107051 lr=0.0001 windows=31098/106562
progress epoch=1 optimizer_steps=13350 raw_loss=1.769155 weighted_loss=0.938226 lr=0.0001 windows=31166/106562
progress epoch=1 optimizer_steps=13375 raw_loss=2.118694 weighted_loss=1.954588 lr=0.0001 windows=31277/106562
progress epoch=1 optimizer_steps=13401 raw_loss=2.547587 weighted_loss=3.103761 lr=0.0001 windows=31362/106562
progress epoch=1 optimizer_steps=13440 raw_loss=1.955585 weighted_loss=1.224254 lr=0.0001 windows=31466/106562
progress epoch=1 optimizer_steps=13455 raw_loss=1.862610 weighted_loss=0.852946 lr=0.0001 windows=31502/106562
progress epoch=1 optimizer_steps=13478 raw_loss=2.019746 weighted_loss=0.785760 lr=0.0001 windows=31556/106562
progress epoch=1 optimizer_steps=13505 raw_loss=2.261934 weighted_loss=1.496588 lr=0.0001 windows=31604/106562
progress epoch=1 optimizer_steps=13525 raw_loss=1.615882 weighted_loss=1.127493 lr=0.0001 windows=31658/106562
progress epoch=1 optimizer_steps=13553 raw_loss=2.052198 weighted_loss=1.317455 lr=0.0001 windows=31727/106562
progress epoch=1 optimizer_steps=13576 raw_loss=2.161210 weighted_loss=1.906366 lr=0.0001 windows=31796/106562
progress epoch=1 optimizer_steps=13605 raw_loss=2.020361 weighted_loss=0.651410 lr=0.0001 windows=31829/106562
progress epoch=1 optimizer_steps=13625 raw_loss=1.921331 weighted_loss=1.207012 lr=0.0001 windows=31877/106562
progress epoch=1 optimizer_steps=13656 raw_loss=2.268032 weighted_loss=1.006503 lr=0.0001 windows=31926/106562
progress epoch=1 optimizer_steps=13676 raw_loss=2.348039 weighted_loss=6.641843 lr=0.0001 windows=32023/106562
progress epoch=1 optimizer_steps=13701 raw_loss=1.575861 weighted_loss=1.048065 lr=0.0001 windows=32100/106562
progress epoch=1 optimizer_steps=13734 raw_loss=1.587179 weighted_loss=1.205612 lr=0.0001 windows=32172/106562
progress epoch=1 optimizer_steps=13762 raw_loss=2.133083 weighted_loss=1.056538 lr=0.0001 windows=32220/106562
progress epoch=1 optimizer_steps=13783 raw_loss=1.809913 weighted_loss=3.326953 lr=0.0001 windows=32292/106562
progress epoch=1 optimizer_steps=13804 raw_loss=1.867367 weighted_loss=0.630861 lr=0.0001 windows=32323/106562
progress epoch=1 optimizer_steps=13825 raw_loss=1.732194 weighted_loss=1.131120 lr=0.0001 windows=32372/106562
progress epoch=1 optimizer_steps=13861 raw_loss=1.950373 weighted_loss=0.630707 lr=0.0001 windows=32419/106562
progress epoch=1 optimizer_steps=13877 raw_loss=1.754121 weighted_loss=0.671049 lr=0.0001 windows=32465/106562
progress epoch=1 optimizer_steps=13905 raw_loss=1.952131 weighted_loss=1.458193 lr=0.0001 windows=32537/106562
progress epoch=1 optimizer_steps=13931 raw_loss=1.915010 weighted_loss=1.432874 lr=0.0001 windows=32609/106562
progress epoch=1 optimizer_steps=13954 raw_loss=2.610249 weighted_loss=2.213488 lr=0.0001 windows=32705/106562
progress epoch=1 optimizer_steps=13975 raw_loss=1.628256 weighted_loss=1.219609 lr=0.0001 windows=32772/106562
progress epoch=1 optimizer_steps=14000 raw_loss=1.794414 weighted_loss=1.710234 lr=0.0001 windows=32872/106562
checkpoint optimizer_steps=14000 path=/home/yanzhou/cyh/cid-v17-retrain/runs/cid-v1-0.4b-v17-ncv4-needfix-74b9eed/stage-a/stage-a-latest.pt
progress epoch=1 optimizer_steps=14031 raw_loss=2.276823 weighted_loss=4.062204 lr=0.0001 windows=32995/106562
progress epoch=1 optimizer_steps=14052 raw_loss=1.989563 weighted_loss=2.172045 lr=0.0001 windows=33051/106562
progress epoch=1 optimizer_steps=14077 raw_loss=2.138181 weighted_loss=1.138599 lr=0.0001 windows=33125/106562
progress epoch=1 optimizer_steps=14108 raw_loss=1.972049 weighted_loss=1.190905 lr=0.0001 windows=33209/106562
progress epoch=1 optimizer_steps=14129 raw_loss=2.239517 weighted_loss=1.510515 lr=0.0001 windows=33281/106562
progress epoch=1 optimizer_steps=14151 raw_loss=1.701348 weighted_loss=1.146047 lr=0.0001 windows=33358/106562
progress epoch=1 optimizer_steps=14179 raw_loss=2.003526 weighted_loss=1.425653 lr=0.0001 windows=33454/106562
progress epoch=1 optimizer_steps=14204 raw_loss=1.873311 weighted_loss=1.642775 lr=0.0001 windows=33549/106562
progress epoch=1 optimizer_steps=14225 raw_loss=1.923731 weighted_loss=1.446327 lr=0.0001 windows=33624/106562
progress epoch=1 optimizer_steps=14256 raw_loss=2.170940 weighted_loss=1.707925 lr=0.0001 windows=33745/106562
progress epoch=1 optimizer_steps=14289 raw_loss=2.009738 weighted_loss=1.254066 lr=0.0001 windows=33823/106562
progress epoch=1 optimizer_steps=14300 raw_loss=1.428818 weighted_loss=1.097575 lr=0.0001 windows=33848/106562
progress epoch=1 optimizer_steps=14332 raw_loss=1.733535 weighted_loss=0.664863 lr=0.0001 windows=33898/106562
progress epoch=1 optimizer_steps=14351 raw_loss=2.117179 weighted_loss=0.794466 lr=0.0001 windows=33922/106562
progress epoch=1 optimizer_steps=14375 raw_loss=2.022373 weighted_loss=1.212771 lr=0.0001 windows=33959/106562
progress epoch=1 optimizer_steps=14407 raw_loss=1.692520 weighted_loss=1.793241 lr=0.0001 windows=34066/106562
progress epoch=1 optimizer_steps=14430 raw_loss=1.846784 weighted_loss=1.754440 lr=0.0001 windows=34139/106562
progress epoch=1 optimizer_steps=14456 raw_loss=1.974236 weighted_loss=2.468636 lr=0.0001 windows=34221/106562
progress epoch=1 optimizer_steps=14478 raw_loss=1.864573 weighted_loss=1.374735 lr=0.0001 windows=34294/106562
progress epoch=1 optimizer_steps=14501 raw_loss=2.112793 weighted_loss=2.449372 lr=0.0001 windows=34376/106562
progress epoch=1 optimizer_steps=14529 raw_loss=1.863484 weighted_loss=2.330289 lr=0.0001 windows=34498/106562
progress epoch=1 optimizer_steps=14554 raw_loss=1.522309 weighted_loss=2.054353 lr=0.0001 windows=34594/106562
progress epoch=1 optimizer_steps=14581 raw_loss=1.960083 weighted_loss=1.230442 lr=0.0001 windows=34651/106562
progress epoch=1 optimizer_steps=14600 raw_loss=1.703241 weighted_loss=1.544653 lr=0.0001 windows=34716/106562
progress epoch=1 optimizer_steps=14637 raw_loss=1.953408 weighted_loss=1.572091 lr=0.0001 windows=34826/106562
progress epoch=1 optimizer_steps=14657 raw_loss=1.978851 weighted_loss=1.934673 lr=0.0001 windows=34894/106562
progress epoch=1 optimizer_steps=14677 raw_loss=1.896334 weighted_loss=1.319378 lr=0.0001 windows=34942/106562
progress epoch=1 optimizer_steps=14703 raw_loss=2.276462 weighted_loss=1.852056 lr=0.0001 windows=35035/106562
progress epoch=1 optimizer_steps=14725 raw_loss=1.883536 weighted_loss=1.270193 lr=0.0001 windows=35072/106562
progress epoch=1 optimizer_steps=14755 raw_loss=1.888376 weighted_loss=2.458092 lr=0.0001 windows=35176/106562
progress epoch=1 optimizer_steps=14777 raw_loss=2.261966 weighted_loss=0.971991 lr=0.0001 windows=35226/106562
progress epoch=1 optimizer_steps=14805 raw_loss=2.060474 weighted_loss=1.983403 lr=0.0001 windows=35299/106562
progress epoch=1 optimizer_steps=14825 raw_loss=1.600216 weighted_loss=0.984691 lr=0.0001 windows=35340/106562
progress epoch=1 optimizer_steps=14860 raw_loss=1.886049 weighted_loss=2.357945 lr=0.0001 windows=35438/106562
progress epoch=1 optimizer_steps=14879 raw_loss=1.762995 weighted_loss=2.021903 lr=0.0001 windows=35491/106562
progress epoch=1 optimizer_steps=14907 raw_loss=2.214704 weighted_loss=2.882185 lr=0.0001 windows=35600/106562
progress epoch=1 optimizer_steps=14925 raw_loss=2.023637 weighted_loss=6.320523 lr=0.0001 windows=35654/106562
progress epoch=1 optimizer_steps=14955 raw_loss=2.152678 weighted_loss=1.919482 lr=0.0001 windows=35757/106562
progress epoch=1 optimizer_steps=14980 raw_loss=1.820541 weighted_loss=1.085248 lr=0.0001 windows=35819/106562
progress epoch=1 optimizer_steps=15001 raw_loss=2.455560 weighted_loss=1.532768 lr=0.0001 windows=35879/106562
checkpoint optimizer_steps=15001 path=/home/yanzhou/cyh/cid-v17-retrain/runs/cid-v1-0.4b-v17-ncv4-needfix-74b9eed/stage-a/stage-a-latest.pt
progress epoch=1 optimizer_steps=15028 raw_loss=2.298611 weighted_loss=2.230182 lr=0.0001 windows=35980/106562
progress epoch=1 optimizer_steps=15051 raw_loss=1.993376 weighted_loss=1.304263 lr=0.0001 windows=36056/106562
progress epoch=1 optimizer_steps=15075 raw_loss=1.704198 weighted_loss=1.174240 lr=0.0001 windows=36116/106562
progress epoch=1 optimizer_steps=15104 raw_loss=1.818584 weighted_loss=1.841246 lr=0.0001 windows=36201/106562
progress epoch=1 optimizer_steps=15134 raw_loss=1.778997 weighted_loss=1.325321 lr=0.0001 windows=36309/106562
progress epoch=1 optimizer_steps=15150 raw_loss=1.432585 weighted_loss=0.884094 lr=0.0001 windows=36357/106562
progress epoch=1 optimizer_steps=15175 raw_loss=1.679094 weighted_loss=1.446325 lr=0.0001 windows=36433/106562
progress epoch=1 optimizer_steps=15202 raw_loss=1.725215 weighted_loss=1.900894 lr=0.0001 windows=36537/106562
progress epoch=1 optimizer_steps=15230 raw_loss=1.743563 weighted_loss=1.931403 lr=0.0001 windows=36639/106562
progress epoch=1 optimizer_steps=15257 raw_loss=1.852532 weighted_loss=1.235332 lr=0.0001 windows=36732/106562
progress epoch=1 optimizer_steps=15284 raw_loss=1.893087 weighted_loss=1.288724 lr=0.0001 windows=36792/106562
progress epoch=1 optimizer_steps=15300 raw_loss=1.623505 weighted_loss=1.061359 lr=0.0001 windows=36832/106562
progress epoch=1 optimizer_steps=15326 raw_loss=1.705659 weighted_loss=1.035505 lr=0.0001 windows=36915/106562
progress epoch=1 optimizer_steps=15352 raw_loss=1.623686 weighted_loss=1.212268 lr=0.0001 windows=36978/106562
progress epoch=1 optimizer_steps=15376 raw_loss=2.226085 weighted_loss=6.450434 lr=0.0001 windows=37108/106562
progress epoch=1 optimizer_steps=15404 raw_loss=2.003275 weighted_loss=1.606854 lr=0.0001 windows=37194/106562
progress epoch=1 optimizer_steps=15426 raw_loss=1.741673 weighted_loss=0.744488 lr=0.0001 windows=37258/106562
progress epoch=1 optimizer_steps=15450 raw_loss=2.271498 weighted_loss=2.735164 lr=0.0001 windows=37354/106562
progress epoch=1 optimizer_steps=15477 raw_loss=1.804610 weighted_loss=1.152082 lr=0.0001 windows=37458/106562
progress epoch=1 optimizer_steps=15505 raw_loss=1.757714 weighted_loss=2.141472 lr=0.0001 windows=37555/106562
progress epoch=1 optimizer_steps=15533 raw_loss=1.616578 weighted_loss=1.561795 lr=0.0001 windows=37632/106562
progress epoch=1 optimizer_steps=15566 raw_loss=2.019478 weighted_loss=1.246371 lr=0.0001 windows=37704/106562
progress epoch=1 optimizer_steps=15575 raw_loss=1.540820 weighted_loss=2.050461 lr=0.0001 windows=37735/106562
progress epoch=1 optimizer_steps=15603 raw_loss=2.012099 weighted_loss=1.255533 lr=0.0001 windows=37824/106562
progress epoch=1 optimizer_steps=15630 raw_loss=2.175694 weighted_loss=1.347178 lr=0.0001 windows=37912/106562
progress epoch=1 optimizer_steps=15651 raw_loss=2.015075 weighted_loss=2.280482 lr=0.0001 windows=37989/106562
progress epoch=1 optimizer_steps=15678 raw_loss=2.014921 weighted_loss=2.273783 lr=0.0001 windows=38095/106562
progress epoch=1 optimizer_steps=15702 raw_loss=1.762340 weighted_loss=1.149644 lr=0.0001 windows=38167/106562
progress epoch=1 optimizer_steps=15725 raw_loss=1.904057 weighted_loss=2.092304 lr=0.0001 windows=38264/106562
progress epoch=1 optimizer_steps=15758 raw_loss=2.009399 weighted_loss=1.245598 lr=0.0001 windows=38402/106562
progress epoch=1 optimizer_steps=15780 raw_loss=1.723982 weighted_loss=1.871210 lr=0.0001 windows=38475/106562
progress epoch=1 optimizer_steps=15805 raw_loss=1.661611 weighted_loss=0.874182 lr=0.0001 windows=38552/106562
progress epoch=1 optimizer_steps=15826 raw_loss=1.962156 weighted_loss=1.993426 lr=0.0001 windows=38621/106562
progress epoch=1 optimizer_steps=15852 raw_loss=1.760552 weighted_loss=1.677189 lr=0.0001 windows=38705/106562
progress epoch=1 optimizer_steps=15887 raw_loss=2.032536 weighted_loss=1.751106 lr=0.0001 windows=38797/106562
progress epoch=1 optimizer_steps=15910 raw_loss=1.768790 weighted_loss=0.796386 lr=0.0001 windows=38844/106562
progress epoch=1 optimizer_steps=15926 raw_loss=1.635117 weighted_loss=2.239516 lr=0.0001 windows=38893/106562
progress epoch=1 optimizer_steps=15953 raw_loss=1.991988 weighted_loss=2.102801 lr=0.0001 windows=38989/106562
progress epoch=1 optimizer_steps=15975 raw_loss=1.701473 weighted_loss=1.119604 lr=0.0001 windows=39037/106562
progress epoch=1 optimizer_steps=16001 raw_loss=1.918632 weighted_loss=1.280850 lr=0.0001 windows=39133/106562
checkpoint optimizer_steps=16001 path=/home/yanzhou/cyh/cid-v17-retrain/runs/cid-v1-0.4b-v17-ncv4-needfix-74b9eed/stage-a/stage-a-latest.pt
progress epoch=1 optimizer_steps=16027 raw_loss=1.756108 weighted_loss=2.038978 lr=0.0001 windows=39241/106562
progress epoch=1 optimizer_steps=16051 raw_loss=1.637778 weighted_loss=1.460449 lr=0.0001 windows=39316/106562
progress epoch=1 optimizer_steps=16076 raw_loss=2.350324 weighted_loss=4.177242 lr=0.0001 windows=39412/106562
progress epoch=1 optimizer_steps=16105 raw_loss=2.329109 weighted_loss=2.597441 lr=0.0001 windows=39539/106562
progress epoch=1 optimizer_steps=16131 raw_loss=2.274615 weighted_loss=2.418011 lr=0.0001 windows=39650/106562
progress epoch=1 optimizer_steps=16150 raw_loss=2.084447 weighted_loss=2.588537 lr=0.0001 windows=39722/106562
progress epoch=1 optimizer_steps=16191 raw_loss=2.165197 weighted_loss=3.732552 lr=0.0001 windows=39838/106562
progress epoch=1 optimizer_steps=16201 raw_loss=2.027703 weighted_loss=2.665150 lr=0.0001 windows=39886/106562
progress epoch=1 optimizer_steps=16227 raw_loss=1.934336 weighted_loss=1.450212 lr=0.0001 windows=39959/106562
progress epoch=1 optimizer_steps=16251 raw_loss=1.771036 weighted_loss=1.611776 lr=0.0001 windows=40027/106562
progress epoch=1 optimizer_steps=16276 raw_loss=1.947923 weighted_loss=1.991360 lr=0.0001 windows=40124/106562
progress epoch=1 optimizer_steps=16304 raw_loss=2.258780 weighted_loss=3.018899 lr=0.0001 windows=40237/106562
progress epoch=1 optimizer_steps=16342 raw_loss=1.952394 weighted_loss=1.050302 lr=0.0001 windows=40313/106562
progress epoch=1 optimizer_steps=16356 raw_loss=2.186230 weighted_loss=6.107006 lr=0.0001 windows=40361/106562
progress epoch=1 optimizer_steps=16384 raw_loss=2.079914 weighted_loss=3.041888 lr=0.0001 windows=40481/106562
progress epoch=1 optimizer_steps=16405 raw_loss=1.954175 weighted_loss=1.072751 lr=0.0001 windows=40525/106562
progress epoch=1 optimizer_steps=16427 raw_loss=1.673886 weighted_loss=0.842866 lr=0.0001 windows=40580/106562
progress epoch=1 optimizer_steps=16453 raw_loss=1.702798 weighted_loss=1.531171 lr=0.0001 windows=40652/106562
progress epoch=1 optimizer_steps=16475 raw_loss=1.609529 weighted_loss=1.009710 lr=0.0001 windows=40700/106562
progress epoch=1 optimizer_steps=16505 raw_loss=2.114036 weighted_loss=2.571671 lr=0.0001 windows=40796/106562
progress epoch=1 optimizer_steps=16529 raw_loss=1.938740 weighted_loss=1.222150 lr=0.0001 windows=40858/106562
progress epoch=1 optimizer_steps=16551 raw_loss=1.344727 weighted_loss=0.932826 lr=0.0001 windows=40906/106562
progress epoch=1 optimizer_steps=16579 raw_loss=1.844371 weighted_loss=1.546092 lr=0.0001 windows=41002/106562
progress epoch=1 optimizer_steps=16604 raw_loss=1.511000 weighted_loss=1.723378 lr=0.0001 windows=41100/106562
progress epoch=1 optimizer_steps=16629 raw_loss=1.818086 weighted_loss=1.186935 lr=0.0001 windows=41177/106562
progress epoch=1 optimizer_steps=16650 raw_loss=2.267373 weighted_loss=4.175225 lr=0.0001 windows=41265/106562
progress epoch=1 optimizer_steps=16679 raw_loss=1.788832 weighted_loss=1.796286 lr=0.0001 windows=41375/106562
progress epoch=1 optimizer_steps=16701 raw_loss=1.872065 weighted_loss=2.149593 lr=0.0001 windows=41464/106562
progress epoch=1 optimizer_steps=16730 raw_loss=1.784546 weighted_loss=1.763174 lr=0.0001 windows=41567/106562
progress epoch=1 optimizer_steps=16758 raw_loss=2.244739 weighted_loss=2.959217 lr=0.0001 windows=41687/106562
progress epoch=1 optimizer_steps=16775 raw_loss=2.124065 weighted_loss=1.626772 lr=0.0001 windows=41759/106562
progress epoch=1 optimizer_steps=16809 raw_loss=1.554627 weighted_loss=0.968113 lr=0.0001 windows=41874/106562
progress epoch=1 optimizer_steps=16829 raw_loss=2.070089 weighted_loss=1.526785 lr=0.0001 windows=41954/106562
progress epoch=1 optimizer_steps=16856 raw_loss=1.906523 weighted_loss=1.508269 lr=0.0001 windows=42026/106562
progress epoch=1 optimizer_steps=16878 raw_loss=2.014202 weighted_loss=2.281430 lr=0.0001 windows=42098/106562
progress epoch=1 optimizer_steps=16900 raw_loss=2.162037 weighted_loss=2.858922 lr=0.0001 windows=42194/106562
progress epoch=1 optimizer_steps=16928 raw_loss=1.807766 weighted_loss=2.220980 lr=0.0001 windows=42290/106562
progress epoch=1 optimizer_steps=16955 raw_loss=1.808017 weighted_loss=1.671834 lr=0.0001 windows=42377/106562
progress epoch=1 optimizer_steps=16976 raw_loss=2.476822 weighted_loss=3.538140 lr=0.0001 windows=42481/106562
progress epoch=1 optimizer_steps=17003 raw_loss=1.846857 weighted_loss=1.740264 lr=0.0001 windows=42573/106562
checkpoint optimizer_steps=17003 path=/home/yanzhou/cyh/cid-v17-retrain/runs/cid-v1-0.4b-v17-ncv4-needfix-74b9eed/stage-a/stage-a-latest.pt
progress epoch=1 optimizer_steps=17026 raw_loss=2.008606 weighted_loss=1.725154 lr=0.0001 windows=42669/106562
progress epoch=1 optimizer_steps=17051 raw_loss=1.819067 weighted_loss=1.404989 lr=0.0001 windows=42768/106562
progress epoch=1 optimizer_steps=17083 raw_loss=1.738331 weighted_loss=1.975910 lr=0.0001 windows=42888/106562
progress epoch=1 optimizer_steps=17100 raw_loss=2.707847 weighted_loss=7.832914 lr=0.0001 windows=42984/106562
progress epoch=1 optimizer_steps=17128 raw_loss=1.575677 weighted_loss=1.345668 lr=0.0001 windows=43089/106562
progress epoch=1 optimizer_steps=17150 raw_loss=2.246828 weighted_loss=6.105856 lr=0.0001 windows=43170/106562
progress epoch=1 optimizer_steps=17177 raw_loss=2.248053 weighted_loss=2.902115 lr=0.0001 windows=43290/106562
progress epoch=1 optimizer_steps=17201 raw_loss=1.588004 weighted_loss=1.277884 lr=0.0001 windows=43362/106562
progress epoch=1 optimizer_steps=17230 raw_loss=1.738897 weighted_loss=2.157053 lr=0.0001 windows=43471/106562
progress epoch=1 optimizer_steps=17255 raw_loss=2.102873 weighted_loss=2.375224 lr=0.0001 windows=43591/106562
progress epoch=1 optimizer_steps=17275 raw_loss=2.320518 weighted_loss=6.740742 lr=0.0001 windows=43692/106562
progress epoch=1 optimizer_steps=17302 raw_loss=1.749197 weighted_loss=1.913341 lr=0.0001 windows=43788/106562
progress epoch=1 optimizer_steps=17326 raw_loss=2.194798 weighted_loss=2.904891 lr=0.0001 windows=43884/106562
progress epoch=1 optimizer_steps=17352 raw_loss=1.787367 weighted_loss=2.068895 lr=0.0001 windows=43980/106562
progress epoch=1 optimizer_steps=17377 raw_loss=1.846653 weighted_loss=2.355886 lr=0.0001 windows=44077/106562
progress epoch=1 optimizer_steps=17411 raw_loss=1.675931 weighted_loss=1.706108 lr=0.0001 windows=44196/106562
progress epoch=1 optimizer_steps=17430 raw_loss=1.773579 weighted_loss=1.943545 lr=0.0001 windows=44252/106562
progress epoch=1 optimizer_steps=17450 raw_loss=1.795492 weighted_loss=1.375998 lr=0.0001 windows=44314/106562
progress epoch=1 optimizer_steps=17480 raw_loss=1.954603 weighted_loss=1.966477 lr=0.0001 windows=44384/106562
progress epoch=1 optimizer_steps=17503 raw_loss=1.739594 weighted_loss=1.739146 lr=0.0001 windows=44456/106562
progress epoch=1 optimizer_steps=17525 raw_loss=1.907296 weighted_loss=1.644176 lr=0.0001 windows=44524/106562
progress epoch=1 optimizer_steps=17555 raw_loss=1.893988 weighted_loss=2.348043 lr=0.0001 windows=44620/106562
progress epoch=1 optimizer_steps=17577 raw_loss=1.885644 weighted_loss=1.541082 lr=0.0001 windows=44692/106562
progress epoch=1 optimizer_steps=17603 raw_loss=1.955427 weighted_loss=1.854634 lr=0.0001 windows=44800/106562
progress epoch=1 optimizer_steps=17631 raw_loss=1.957083 weighted_loss=1.765086 lr=0.0001 windows=44924/106562
progress epoch=1 optimizer_steps=17654 raw_loss=1.882807 weighted_loss=3.250092 lr=0.0001 windows=44996/106562
progress epoch=1 optimizer_steps=17678 raw_loss=1.780383 weighted_loss=2.004890 lr=0.0001 windows=45092/106562
progress epoch=1 optimizer_steps=17705 raw_loss=1.762431 weighted_loss=2.607595 lr=0.0001 windows=45188/106562
progress epoch=1 optimizer_steps=17725 raw_loss=1.719384 weighted_loss=1.170201 lr=0.0001 windows=45260/106562
progress epoch=1 optimizer_steps=17752 raw_loss=1.983330 weighted_loss=1.778493 lr=0.0001 windows=45356/106562
progress epoch=1 optimizer_steps=17780 raw_loss=2.229315 weighted_loss=3.007003 lr=0.0001 windows=45452/106562
progress epoch=1 optimizer_steps=17800 raw_loss=1.811074 weighted_loss=1.919470 lr=0.0001 windows=45524/106562
progress epoch=1 optimizer_steps=17827 raw_loss=2.211396 weighted_loss=2.600148 lr=0.0001 windows=45644/106562
progress epoch=1 optimizer_steps=17852 raw_loss=1.843781 weighted_loss=1.408414 lr=0.0001 windows=45716/106562
progress epoch=1 optimizer_steps=17875 raw_loss=1.728432 weighted_loss=2.241596 lr=0.0001 windows=45788/106562
progress epoch=1 optimizer_steps=17902 raw_loss=1.759464 weighted_loss=1.349970 lr=0.0001 windows=45860/106562
progress epoch=1 optimizer_steps=17925 raw_loss=1.831065 weighted_loss=1.743198 lr=0.0001 windows=45932/106562
progress epoch=1 optimizer_steps=17955 raw_loss=1.903580 weighted_loss=3.302758 lr=0.0001 windows=46052/106562
progress epoch=1 optimizer_steps=17976 raw_loss=1.605749 weighted_loss=1.575607 lr=0.0001 windows=46100/106562
progress epoch=1 optimizer_steps=18004 raw_loss=1.978045 weighted_loss=2.714567 lr=0.0001 windows=46194/106562
checkpoint optimizer_steps=18004 path=/home/yanzhou/cyh/cid-v17-retrain/runs/cid-v1-0.4b-v17-ncv4-needfix-74b9eed/stage-a/stage-a-latest.pt
progress epoch=1 optimizer_steps=18025 raw_loss=2.532803 weighted_loss=3.863189 lr=0.0001 windows=46314/106562
progress epoch=1 optimizer_steps=18054 raw_loss=2.049382 weighted_loss=2.687981 lr=0.0001 windows=46434/106562
progress epoch=1 optimizer_steps=18076 raw_loss=1.910540 weighted_loss=1.675680 lr=0.0001 windows=46519/106562
progress epoch=1 optimizer_steps=18101 raw_loss=1.912750 weighted_loss=2.463241 lr=0.0001 windows=46615/106562
progress epoch=1 optimizer_steps=18129 raw_loss=1.786821 weighted_loss=1.604821 lr=0.0001 windows=46717/106562
progress epoch=1 optimizer_steps=18153 raw_loss=1.389957 weighted_loss=1.496922 lr=0.0001 windows=46814/106562
progress epoch=1 optimizer_steps=18179 raw_loss=1.844365 weighted_loss=2.050375 lr=0.0001 windows=46919/106562
progress epoch=1 optimizer_steps=18205 raw_loss=2.088829 weighted_loss=2.285390 lr=0.0001 windows=47029/106562
progress epoch=1 optimizer_steps=18234 raw_loss=1.962994 weighted_loss=3.666221 lr=0.0001 windows=47153/106562
progress epoch=1 optimizer_steps=18258 raw_loss=1.767502 weighted_loss=1.404224 lr=0.0001 windows=47225/106562
progress epoch=1 optimizer_steps=18277 raw_loss=1.637313 weighted_loss=1.288607 lr=0.0001 windows=47273/106562
progress epoch=1 optimizer_steps=18304 raw_loss=1.646620 weighted_loss=1.378505 lr=0.0001 windows=47345/106562
progress epoch=1 optimizer_steps=18325 raw_loss=1.600683 weighted_loss=1.678255 lr=0.0001 windows=47426/106562
progress epoch=1 optimizer_steps=18350 raw_loss=1.629210 weighted_loss=1.366636 lr=0.0001 windows=47503/106562
progress epoch=1 optimizer_steps=18376 raw_loss=2.083144 weighted_loss=2.428697 lr=0.0001 windows=47642/106562
progress epoch=1 optimizer_steps=18406 raw_loss=1.599675 weighted_loss=1.771223 lr=0.0001 windows=47738/106562
progress epoch=1 optimizer_steps=18428 raw_loss=1.782282 weighted_loss=2.353796 lr=0.0001 windows=47810/106562
progress epoch=1 optimizer_steps=18455 raw_loss=1.759882 weighted_loss=1.447551 lr=0.0001 windows=47882/106562
progress epoch=1 optimizer_steps=18479 raw_loss=1.580686 weighted_loss=1.791754 lr=0.0001 windows=47978/106562
progress epoch=1 optimizer_steps=18505 raw_loss=1.843414 weighted_loss=1.949187 lr=0.0001 windows=48074/106562
progress epoch=1 optimizer_steps=18525 raw_loss=1.824320 weighted_loss=2.578899 lr=0.0001 windows=48146/106562
progress epoch=1 optimizer_steps=18556 raw_loss=1.766264 weighted_loss=1.426597 lr=0.0001 windows=48242/106562
progress epoch=1 optimizer_steps=18581 raw_loss=2.109552 weighted_loss=8.253675 lr=0.0001 windows=48362/106562
progress epoch=1 optimizer_steps=18600 raw_loss=1.495162 weighted_loss=1.403364 lr=0.0001 windows=48410/106562
progress epoch=1 optimizer_steps=18630 raw_loss=1.995265 weighted_loss=1.519774 lr=0.0001 windows=48530/106562
progress epoch=1 optimizer_steps=18654 raw_loss=1.897309 weighted_loss=2.857057 lr=0.0001 windows=48650/106562
progress epoch=1 optimizer_steps=18676 raw_loss=1.973627 weighted_loss=5.407640 lr=0.0001 windows=48766/106562
progress epoch=1 optimizer_steps=18702 raw_loss=1.612094 weighted_loss=1.597666 lr=0.0001 windows=48862/106562
progress epoch=1 optimizer_steps=18729 raw_loss=1.802976 weighted_loss=1.373932 lr=0.0001 windows=48945/106562
progress epoch=1 optimizer_steps=18760 raw_loss=1.599161 weighted_loss=1.295219 lr=0.0001 windows=49041/106562
progress epoch=1 optimizer_steps=18775 raw_loss=1.835286 weighted_loss=3.688140 lr=0.0001 windows=49113/106562
progress epoch=1 optimizer_steps=18800 raw_loss=1.703808 weighted_loss=1.542013 lr=0.0001 windows=49209/106562
progress epoch=1 optimizer_steps=18828 raw_loss=1.730308 weighted_loss=2.731001 lr=0.0001 windows=49305/106562
progress epoch=1 optimizer_steps=18852 raw_loss=1.813595 weighted_loss=2.748043 lr=0.0001 windows=49425/106562
progress epoch=1 optimizer_steps=18875 raw_loss=1.652329 weighted_loss=1.372184 lr=0.0001 windows=49497/106562
progress epoch=1 optimizer_steps=18905 raw_loss=1.774330 weighted_loss=2.806413 lr=0.0001 windows=49626/106562
progress epoch=1 optimizer_steps=18925 raw_loss=1.823191 weighted_loss=1.368613 lr=0.0001 windows=49677/106562
progress epoch=1 optimizer_steps=18953 raw_loss=2.058523 weighted_loss=3.199727 lr=0.0001 windows=49818/106562
progress epoch=1 optimizer_steps=18978 raw_loss=1.875936 weighted_loss=1.910005 lr=0.0001 windows=49914/106562
progress epoch=1 optimizer_steps=19005 raw_loss=1.813907 weighted_loss=3.729451 lr=0.0001 windows=50036/106562
checkpoint optimizer_steps=19005 path=/home/yanzhou/cyh/cid-v17-retrain/runs/cid-v1-0.4b-v17-ncv4-needfix-74b9eed/stage-a/stage-a-latest.pt
progress epoch=1 optimizer_steps=19025 raw_loss=1.707127 weighted_loss=1.952373 lr=0.0001 windows=50108/106562
progress epoch=1 optimizer_steps=19051 raw_loss=1.546883 weighted_loss=1.427409 lr=0.0001 windows=50180/106562
progress epoch=1 optimizer_steps=19081 raw_loss=1.877607 weighted_loss=2.696474 lr=0.0001 windows=50276/106562
progress epoch=1 optimizer_steps=19101 raw_loss=1.776443 weighted_loss=4.525095 lr=0.0001 windows=50348/106562
progress epoch=1 optimizer_steps=19127 raw_loss=1.747120 weighted_loss=2.728462 lr=0.0001 windows=50444/106562
progress epoch=1 optimizer_steps=19152 raw_loss=1.821502 weighted_loss=1.698124 lr=0.0001 windows=50540/106562
progress epoch=1 optimizer_steps=19185 raw_loss=1.837415 weighted_loss=3.662483 lr=0.0001 windows=50684/106562
progress epoch=1 optimizer_steps=19200 raw_loss=1.778942 weighted_loss=1.421091 lr=0.0001 windows=50732/106562
progress epoch=1 optimizer_steps=19231 raw_loss=1.870894 weighted_loss=1.984671 lr=0.0001 windows=50843/106562
progress epoch=1 optimizer_steps=19255 raw_loss=1.888489 weighted_loss=1.864148 lr=0.0001 windows=50916/106562
progress epoch=1 optimizer_steps=19277 raw_loss=1.887053 weighted_loss=1.974552 lr=0.0001 windows=50988/106562
progress epoch=1 optimizer_steps=19302 raw_loss=2.051016 weighted_loss=3.263182 lr=0.0001 windows=51084/106562
progress epoch=1 optimizer_steps=19330 raw_loss=1.765061 weighted_loss=1.748744 lr=0.0001 windows=51182/106562
progress epoch=1 optimizer_steps=19350 raw_loss=1.597301 weighted_loss=1.945239 lr=0.0001 windows=51254/106562
progress epoch=1 optimizer_steps=19382 raw_loss=1.690713 weighted_loss=1.886018 lr=0.0001 windows=51350/106562
progress epoch=1 optimizer_steps=19400 raw_loss=1.613185 weighted_loss=1.217614 lr=0.0001 windows=51398/106562
progress epoch=1 optimizer_steps=19425 raw_loss=2.063945 weighted_loss=4.027924 lr=0.0001 windows=51516/106562
progress epoch=1 optimizer_steps=19452 raw_loss=1.848748 weighted_loss=5.503460 lr=0.0001 windows=51636/106562
progress epoch=1 optimizer_steps=19481 raw_loss=1.815834 weighted_loss=1.733516 lr=0.0001 windows=51756/106562
progress epoch=1 optimizer_steps=19504 raw_loss=2.048545 weighted_loss=6.132992 lr=0.0001 windows=51871/106562
progress epoch=1 optimizer_steps=19529 raw_loss=1.627388 weighted_loss=1.271206 lr=0.0001 windows=51943/106562
progress epoch=1 optimizer_steps=19553 raw_loss=1.894929 weighted_loss=4.317057 lr=0.0001 windows=52063/106562
progress epoch=1 optimizer_steps=19579 raw_loss=1.655342 weighted_loss=2.271311 lr=0.0001 windows=52160/106562
progress epoch=1 optimizer_steps=19607 raw_loss=1.584171 weighted_loss=2.030648 lr=0.0001 windows=52261/106562
progress epoch=1 optimizer_steps=19631 raw_loss=1.525606 weighted_loss=1.651694 lr=0.0001 windows=52333/106562
progress epoch=1 optimizer_steps=19651 raw_loss=2.097856 weighted_loss=4.713737 lr=0.0001 windows=52429/106562
progress epoch=1 optimizer_steps=19676 raw_loss=1.677141 weighted_loss=2.037975 lr=0.0001 windows=52501/106562
progress epoch=1 optimizer_steps=19707 raw_loss=1.689645 weighted_loss=1.566568 lr=0.0001 windows=52597/106562
progress epoch=1 optimizer_steps=19732 raw_loss=1.927551 weighted_loss=3.753253 lr=0.0001 windows=52700/106562
progress epoch=1 optimizer_steps=19759 raw_loss=1.875536 weighted_loss=1.944540 lr=0.0001 windows=52814/106562
progress epoch=1 optimizer_steps=19775 raw_loss=2.078910 weighted_loss=2.893072 lr=0.0001 windows=52880/106562
progress epoch=1 optimizer_steps=19803 raw_loss=1.628207 weighted_loss=2.712986 lr=0.0001 windows=52976/106562
progress epoch=1 optimizer_steps=19827 raw_loss=2.197274 weighted_loss=3.535864 lr=0.0001 windows=53113/106562
progress epoch=1 optimizer_steps=19850 raw_loss=2.287503 weighted_loss=4.006089 lr=0.0001 windows=53262/106562
progress epoch=1 optimizer_steps=19875 raw_loss=1.619679 weighted_loss=2.509903 lr=0.0001 windows=53358/106562
progress epoch=1 optimizer_steps=19903 raw_loss=1.912325 weighted_loss=3.149493 lr=0.0001 windows=53502/106562
progress epoch=1 optimizer_steps=19928 raw_loss=1.740208 weighted_loss=2.127279 lr=0.0001 windows=53598/106562
progress epoch=1 optimizer_steps=19953 raw_loss=1.741068 weighted_loss=3.744713 lr=0.0001 windows=53694/106562
progress epoch=1 optimizer_steps=19984 raw_loss=1.647087 weighted_loss=1.803851 lr=0.0001 windows=53814/106562
progress epoch=1 optimizer_steps=20006 raw_loss=1.599891 weighted_loss=2.921396 lr=0.0001 windows=53886/106562
checkpoint optimizer_steps=20006 path=/home/yanzhou/cyh/cid-v17-retrain/runs/cid-v1-0.4b-v17-ncv4-needfix-74b9eed/stage-a/stage-a-latest.pt
progress epoch=1 optimizer_steps=20031 raw_loss=1.750859 weighted_loss=2.105992 lr=0.0001 windows=53991/106562
progress epoch=1 optimizer_steps=20050 raw_loss=1.692220 weighted_loss=1.487867 lr=0.0001 windows=54063/106562
progress epoch=1 optimizer_steps=20076 raw_loss=2.052133 weighted_loss=5.773377 lr=0.0001 windows=54199/106562
progress epoch=1 optimizer_steps=20105 raw_loss=1.849355 weighted_loss=4.401871 lr=0.0001 windows=54319/106562
progress epoch=1 optimizer_steps=20131 raw_loss=1.666434 weighted_loss=1.649691 lr=0.0001 windows=54414/106562
progress epoch=1 optimizer_steps=20155 raw_loss=2.068997 weighted_loss=4.201131 lr=0.0001 windows=54534/106562
progress epoch=1 optimizer_steps=20176 raw_loss=1.954340 weighted_loss=5.435082 lr=0.0001 windows=54625/106562
progress epoch=1 optimizer_steps=20202 raw_loss=1.887331 weighted_loss=2.316628 lr=0.0001 windows=54750/106562
progress epoch=1 optimizer_steps=20229 raw_loss=1.517954 weighted_loss=2.029199 lr=0.0001 windows=54856/106562
progress epoch=1 optimizer_steps=20253 raw_loss=1.806844 weighted_loss=2.679867 lr=0.0001 windows=54952/106562
progress epoch=1 optimizer_steps=20279 raw_loss=1.668335 weighted_loss=1.447182 lr=0.0001 windows=55024/106562
progress epoch=1 optimizer_steps=20302 raw_loss=1.520333 weighted_loss=1.582376 lr=0.0001 windows=55096/106562
progress epoch=1 optimizer_steps=20329 raw_loss=1.742245 weighted_loss=1.686127 lr=0.0001 windows=55205/106562
progress epoch=1 optimizer_steps=20357 raw_loss=1.773886 weighted_loss=2.773363 lr=0.0001 windows=55311/106562
progress epoch=1 optimizer_steps=20381 raw_loss=1.675809 weighted_loss=1.906516 lr=0.0001 windows=55400/106562
progress epoch=1 optimizer_steps=20402 raw_loss=1.570411 weighted_loss=1.731329 lr=0.0001 windows=55472/106562
progress epoch=1 optimizer_steps=20425 raw_loss=2.062819 weighted_loss=3.289289 lr=0.0001 windows=55568/106562
progress epoch=1 optimizer_steps=20450 raw_loss=1.670443 weighted_loss=1.948685 lr=0.0001 windows=55664/106562
progress epoch=1 optimizer_steps=20480 raw_loss=1.587177 weighted_loss=2.450479 lr=0.0001 windows=55784/106562
progress epoch=1 optimizer_steps=20505 raw_loss=1.447570 weighted_loss=1.273443 lr=0.0001 windows=55856/106562
progress epoch=1 optimizer_steps=20528 raw_loss=1.377361 weighted_loss=1.730348 lr=0.0001 windows=55928/106562
progress epoch=1 optimizer_steps=20551 raw_loss=1.679900 weighted_loss=1.801504 lr=0.0001 windows=56011/106562
progress epoch=1 optimizer_steps=20577 raw_loss=1.647592 weighted_loss=1.654883 lr=0.0001 windows=56118/106562
progress epoch=1 optimizer_steps=20606 raw_loss=1.611869 weighted_loss=2.240310 lr=0.0001 windows=56238/106562
progress epoch=1 optimizer_steps=20628 raw_loss=1.311495 weighted_loss=1.325427 lr=0.0001 windows=56310/106562
progress epoch=1 optimizer_steps=20650 raw_loss=1.515602 weighted_loss=1.629197 lr=0.0001 windows=56382/106562
progress epoch=1 optimizer_steps=20675 raw_loss=1.827965 weighted_loss=2.340031 lr=0.0001 windows=56481/106562
progress epoch=1 optimizer_steps=20703 raw_loss=1.500273 weighted_loss=1.563496 lr=0.0001 windows=56577/106562
progress epoch=1 optimizer_steps=20726 raw_loss=1.480185 weighted_loss=2.100493 lr=0.0001 windows=56666/106562
progress epoch=1 optimizer_steps=20754 raw_loss=1.559182 weighted_loss=2.211542 lr=0.0001 windows=56769/106562
progress epoch=1 optimizer_steps=20776 raw_loss=1.904500 weighted_loss=4.591254 lr=0.0001 windows=56889/106562
progress epoch=1 optimizer_steps=20806 raw_loss=1.466935 weighted_loss=1.749454 lr=0.0001 windows=56985/106562
progress epoch=1 optimizer_steps=20829 raw_loss=1.707541 weighted_loss=2.295458 lr=0.0001 windows=57081/106562
progress epoch=1 optimizer_steps=20854 raw_loss=1.621581 weighted_loss=1.735813 lr=0.0001 windows=57177/106562
progress epoch=1 optimizer_steps=20876 raw_loss=1.880102 weighted_loss=4.644583 lr=0.0001 windows=57297/106562
progress epoch=1 optimizer_steps=20906 raw_loss=1.623922 weighted_loss=1.950480 lr=0.0001 windows=57409/106562
progress epoch=1 optimizer_steps=20926 raw_loss=1.424488 weighted_loss=0.884874 lr=0.0001 windows=57457/106562
progress epoch=1 optimizer_steps=20951 raw_loss=1.679130 weighted_loss=1.346588 lr=0.0001 windows=57529/106562
progress epoch=1 optimizer_steps=20975 raw_loss=1.583772 weighted_loss=1.294891 lr=0.0001 windows=57620/106562
progress epoch=1 optimizer_steps=21004 raw_loss=1.666820 weighted_loss=2.521279 lr=0.0001 windows=57740/106562
checkpoint optimizer_steps=21004 path=/home/yanzhou/cyh/cid-v17-retrain/runs/cid-v1-0.4b-v17-ncv4-needfix-74b9eed/stage-a/stage-a-latest.pt
progress epoch=1 optimizer_steps=21028 raw_loss=1.577050 weighted_loss=2.637468 lr=0.0001 windows=57860/106562
progress epoch=1 optimizer_steps=21052 raw_loss=1.660246 weighted_loss=2.030683 lr=0.0001 windows=57956/106562
progress epoch=1 optimizer_steps=21075 raw_loss=2.164287 weighted_loss=3.479850 lr=0.0001 windows=58052/106562
progress epoch=1 optimizer_steps=21100 raw_loss=1.561583 weighted_loss=1.485296 lr=0.0001 windows=58141/106562
progress epoch=1 optimizer_steps=21127 raw_loss=1.879374 weighted_loss=2.952891 lr=0.0001 windows=58262/106562
progress epoch=1 optimizer_steps=21151 raw_loss=1.834406 weighted_loss=3.581315 lr=0.0001 windows=58382/106562
progress epoch=1 optimizer_steps=21176 raw_loss=1.509553 weighted_loss=2.299277 lr=0.0001 windows=58478/106562
progress epoch=1 optimizer_steps=21200 raw_loss=1.732895 weighted_loss=5.938471 lr=0.0001 windows=58574/106562
progress epoch=1 optimizer_steps=21231 raw_loss=1.405852 weighted_loss=2.995417 lr=0.0001 windows=58699/106562
progress epoch=1 optimizer_steps=21257 raw_loss=1.655852 weighted_loss=1.763978 lr=0.0001 windows=58795/106562
progress epoch=1 optimizer_steps=21277 raw_loss=1.654929 weighted_loss=2.420529 lr=0.0001 windows=58891/106562
progress epoch=1 optimizer_steps=21301 raw_loss=1.748267 weighted_loss=3.248365 lr=0.0001 windows=59002/106562
progress epoch=1 optimizer_steps=21325 raw_loss=1.771165 weighted_loss=4.289284 lr=0.0001 windows=59122/106562
progress epoch=1 optimizer_steps=21352 raw_loss=1.497835 weighted_loss=2.311420 lr=0.0001 windows=59240/106562
progress epoch=1 optimizer_steps=21377 raw_loss=1.568127 weighted_loss=2.067928 lr=0.0001 windows=59336/106562
progress epoch=1 optimizer_steps=21406 raw_loss=1.548532 weighted_loss=2.073629 lr=0.0001 windows=59456/106562
progress epoch=1 optimizer_steps=21425 raw_loss=1.688670 weighted_loss=1.864084 lr=0.0001 windows=59528/106562
progress epoch=1 optimizer_steps=21450 raw_loss=1.630284 weighted_loss=1.962445 lr=0.0001 windows=59624/106562
progress epoch=1 optimizer_steps=21477 raw_loss=1.994784 weighted_loss=2.758174 lr=0.0001 windows=59768/106562
progress epoch=1 optimizer_steps=21504 raw_loss=1.507307 weighted_loss=1.672440 lr=0.0001 windows=59864/106562
progress epoch=1 optimizer_steps=21528 raw_loss=1.724410 weighted_loss=1.451684 lr=0.0001 windows=59936/106562
progress epoch=1 optimizer_steps=21558 raw_loss=1.625973 weighted_loss=1.365809 lr=0.0001 windows=60032/106562
progress epoch=1 optimizer_steps=21579 raw_loss=1.491371 weighted_loss=2.293809 lr=0.0001 windows=60133/106562
progress epoch=1 optimizer_steps=21604 raw_loss=1.391736 weighted_loss=2.070302 lr=0.0001 windows=60229/106562
progress epoch=1 optimizer_steps=21626 raw_loss=1.539608 weighted_loss=1.524121 lr=0.0001 windows=60301/106562
progress epoch=1 optimizer_steps=21651 raw_loss=2.033150 weighted_loss=6.429715 lr=0.0001 windows=60425/106562
progress epoch=1 optimizer_steps=21678 raw_loss=1.440435 weighted_loss=1.844883 lr=0.0001 windows=60521/106562
progress epoch=1 optimizer_steps=21700 raw_loss=1.436194 weighted_loss=1.754378 lr=0.0001 windows=60617/106562
progress epoch=1 optimizer_steps=21728 raw_loss=1.673678 weighted_loss=2.186808 lr=0.0001 windows=60737/106562
progress epoch=1 optimizer_steps=21755 raw_loss=1.738376 weighted_loss=4.887601 lr=0.0001 windows=60857/106562
progress epoch=1 optimizer_steps=21775 raw_loss=1.910737 weighted_loss=7.342520 lr=0.0001 windows=60977/106562
progress epoch=1 optimizer_steps=21804 raw_loss=1.507287 weighted_loss=2.532100 lr=0.0001 windows=61121/106562
progress epoch=1 optimizer_steps=21828 raw_loss=1.474708 weighted_loss=1.705210 lr=0.0001 windows=61217/106562
progress epoch=1 optimizer_steps=21857 raw_loss=1.605181 weighted_loss=1.888809 lr=0.0001 windows=61325/106562
progress epoch=1 optimizer_steps=21876 raw_loss=1.608452 weighted_loss=2.281880 lr=0.0001 windows=61420/106562
progress epoch=1 optimizer_steps=21903 raw_loss=1.616530 weighted_loss=3.272715 lr=0.0001 windows=61534/106562
progress epoch=1 optimizer_steps=21928 raw_loss=1.529472 weighted_loss=2.437136 lr=0.0001 windows=61630/106562
progress epoch=1 optimizer_steps=21951 raw_loss=1.788949 weighted_loss=2.220228 lr=0.0001 windows=61726/106562
progress epoch=1 optimizer_steps=21977 raw_loss=1.499193 weighted_loss=2.055227 lr=0.0001 windows=61822/106562
progress epoch=1 optimizer_steps=22001 raw_loss=1.701072 weighted_loss=2.127317 lr=0.0001 windows=61932/106562
checkpoint optimizer_steps=22001 path=/home/yanzhou/cyh/cid-v17-retrain/runs/cid-v1-0.4b-v17-ncv4-needfix-74b9eed/stage-a/stage-a-latest.pt
progress epoch=1 optimizer_steps=22025 raw_loss=1.209712 weighted_loss=1.252914 lr=0.0001 windows=62004/106562
progress epoch=1 optimizer_steps=22052 raw_loss=1.646168 weighted_loss=1.707065 lr=0.0001 windows=62089/106562
progress epoch=1 optimizer_steps=22079 raw_loss=1.677598 weighted_loss=3.901419 lr=0.0001 windows=62233/106562
progress epoch=1 optimizer_steps=22100 raw_loss=1.392197 weighted_loss=1.767183 lr=0.0001 windows=62305/106562
progress epoch=1 optimizer_steps=22125 raw_loss=1.745444 weighted_loss=2.653624 lr=0.0001 windows=62449/106562
progress epoch=1 optimizer_steps=22153 raw_loss=1.575568 weighted_loss=1.722024 lr=0.0001 windows=62569/106562
progress epoch=1 optimizer_steps=22181 raw_loss=1.964214 weighted_loss=2.639297 lr=0.0001 windows=62689/106562
progress epoch=1 optimizer_steps=22200 raw_loss=1.939166 weighted_loss=3.155597 lr=0.0001 windows=62774/106562
progress epoch=1 optimizer_steps=22229 raw_loss=1.866015 weighted_loss=3.051091 lr=0.0001 windows=62918/106562
progress epoch=1 optimizer_steps=22254 raw_loss=1.360913 weighted_loss=1.914854 lr=0.0001 windows=63014/106562
progress epoch=1 optimizer_steps=22275 raw_loss=1.576229 weighted_loss=1.885477 lr=0.0001 windows=63110/106562
progress epoch=1 optimizer_steps=22302 raw_loss=1.494322 weighted_loss=1.765501 lr=0.0001 windows=63210/106562
progress epoch=1 optimizer_steps=22328 raw_loss=1.712839 weighted_loss=2.374735 lr=0.0001 windows=63330/106562
progress epoch=1 optimizer_steps=22356 raw_loss=1.655826 weighted_loss=1.989991 lr=0.0001 windows=63450/106562
progress epoch=1 optimizer_steps=22381 raw_loss=1.746430 weighted_loss=5.980889 lr=0.0001 windows=63570/106562
progress epoch=1 optimizer_steps=22406 raw_loss=1.788924 weighted_loss=2.431156 lr=0.0001 windows=63713/106562
progress epoch=1 optimizer_steps=22426 raw_loss=2.132077 weighted_loss=4.573020 lr=0.0001 windows=63833/106562
progress epoch=1 optimizer_steps=22452 raw_loss=1.429341 weighted_loss=1.984720 lr=0.0001 windows=63933/106562
progress epoch=1 optimizer_steps=22478 raw_loss=1.581808 weighted_loss=2.572708 lr=0.0001 windows=64053/106562
progress epoch=1 optimizer_steps=22501 raw_loss=1.409076 weighted_loss=1.606008 lr=0.0001 windows=64149/106562
progress epoch=1 optimizer_steps=22525 raw_loss=2.351344 weighted_loss=12.555098 lr=0.0001 windows=64293/106562
progress epoch=1 optimizer_steps=22552 raw_loss=1.626370 weighted_loss=3.721260 lr=0.0001 windows=64434/106562
progress epoch=1 optimizer_steps=22580 raw_loss=1.622124 weighted_loss=1.665323 lr=0.0001 windows=64530/106562
progress epoch=1 optimizer_steps=22604 raw_loss=1.444293 weighted_loss=2.031971 lr=0.0001 windows=64636/106562
progress epoch=1 optimizer_steps=22626 raw_loss=2.372091 weighted_loss=7.620667 lr=0.0001 windows=64796/106562
progress epoch=1 optimizer_steps=22651 raw_loss=1.585897 weighted_loss=2.280453 lr=0.0001 windows=64916/106562
progress epoch=1 optimizer_steps=22675 raw_loss=1.484765 weighted_loss=1.511533 lr=0.0001 windows=65012/106562
progress epoch=1 optimizer_steps=22700 raw_loss=1.930821 weighted_loss=3.610685 lr=0.0001 windows=65156/106562
progress epoch=1 optimizer_steps=22726 raw_loss=1.566467 weighted_loss=1.998324 lr=0.0001 windows=65269/106562
progress epoch=1 optimizer_steps=22750 raw_loss=1.388427 weighted_loss=1.755999 lr=0.0001 windows=65365/106562
progress epoch=1 optimizer_steps=22775 raw_loss=2.063148 weighted_loss=8.287801 lr=0.0001 windows=65509/106562
progress epoch=1 optimizer_steps=22800 raw_loss=1.675881 weighted_loss=2.608026 lr=0.0001 windows=65629/106562
progress epoch=1 optimizer_steps=22829 raw_loss=1.492031 weighted_loss=1.776247 lr=0.0001 windows=65756/106562
progress epoch=1 optimizer_steps=22852 raw_loss=1.474274 weighted_loss=2.239432 lr=0.0001 windows=65864/106562
progress epoch=1 optimizer_steps=22877 raw_loss=1.643810 weighted_loss=3.459459 lr=0.0001 windows=65984/106562
progress epoch=1 optimizer_steps=22904 raw_loss=1.513577 weighted_loss=1.923357 lr=0.0001 windows=66104/106562
progress epoch=1 optimizer_steps=22930 raw_loss=1.842816 weighted_loss=5.671703 lr=0.0001 windows=66248/106562
progress epoch=1 optimizer_steps=22951 raw_loss=1.730857 weighted_loss=5.348576 lr=0.0001 windows=66344/106562
progress epoch=1 optimizer_steps=22980 raw_loss=1.622908 weighted_loss=4.120430 lr=0.0001 windows=66488/106562
progress epoch=1 optimizer_steps=23001 raw_loss=1.741543 weighted_loss=2.535724 lr=0.0001 windows=66584/106562
checkpoint optimizer_steps=23001 path=/home/yanzhou/cyh/cid-v17-retrain/runs/cid-v1-0.4b-v17-ncv4-needfix-74b9eed/stage-a/stage-a-latest.pt
progress epoch=1 optimizer_steps=23031 raw_loss=1.660229 weighted_loss=6.439756 lr=0.0001 windows=66728/106562
progress epoch=1 optimizer_steps=23057 raw_loss=1.463309 weighted_loss=1.522950 lr=0.0001 windows=66824/106562
progress epoch=1 optimizer_steps=23080 raw_loss=2.035668 weighted_loss=7.461514 lr=0.0001 windows=66944/106562
progress epoch=1 optimizer_steps=23102 raw_loss=1.947926 weighted_loss=2.746668 lr=0.0001 windows=67040/106562
progress epoch=1 optimizer_steps=23125 raw_loss=1.542576 weighted_loss=1.856125 lr=0.0001 windows=67136/106562
progress epoch=1 optimizer_steps=23152 raw_loss=1.533235 weighted_loss=2.068388 lr=0.0001 windows=67254/106562
progress epoch=1 optimizer_steps=23175 raw_loss=1.861599 weighted_loss=3.051927 lr=0.0001 windows=67374/106562
progress epoch=1 optimizer_steps=23201 raw_loss=1.765852 weighted_loss=4.352239 lr=0.0001 windows=67518/106562
progress epoch=1 optimizer_steps=23230 raw_loss=1.633159 weighted_loss=1.990743 lr=0.0001 windows=67638/106562
progress epoch=1 optimizer_steps=23252 raw_loss=1.515462 weighted_loss=2.060289 lr=0.0001 windows=67732/106562
progress epoch=1 optimizer_steps=23278 raw_loss=1.621045 weighted_loss=2.497561 lr=0.0001 windows=67852/106562
progress epoch=1 optimizer_steps=23304 raw_loss=1.645827 weighted_loss=3.896491 lr=0.0001 windows=67972/106562
progress epoch=1 optimizer_steps=23329 raw_loss=1.503597 weighted_loss=1.613204 lr=0.0001 windows=68068/106562
progress epoch=1 optimizer_steps=23352 raw_loss=1.680301 weighted_loss=2.770494 lr=0.0001 windows=68188/106562
progress epoch=1 optimizer_steps=23376 raw_loss=1.622444 weighted_loss=1.962733 lr=0.0001 windows=68284/106562
progress epoch=1 optimizer_steps=23400 raw_loss=1.739428 weighted_loss=2.760357 lr=0.0001 windows=68404/106562
progress epoch=1 optimizer_steps=23425 raw_loss=1.564465 weighted_loss=2.414530 lr=0.0001 windows=68524/106562
progress epoch=1 optimizer_steps=23457 raw_loss=1.806738 weighted_loss=4.506307 lr=0.0001 windows=68668/106562
progress epoch=1 optimizer_steps=23477 raw_loss=1.741595 weighted_loss=2.473557 lr=0.0001 windows=68764/106562
progress epoch=1 optimizer_steps=23503 raw_loss=1.793512 weighted_loss=2.604195 lr=0.0001 windows=68884/106562
progress epoch=1 optimizer_steps=23531 raw_loss=1.401103 weighted_loss=1.683719 lr=0.0001 windows=69004/106562
progress epoch=1 optimizer_steps=23550 raw_loss=2.031240 weighted_loss=6.744034 lr=0.0001 windows=69124/106562
progress epoch=1 optimizer_steps=23577 raw_loss=1.401077 weighted_loss=2.941643 lr=0.0001 windows=69244/106562
progress epoch=1 optimizer_steps=23604 raw_loss=1.654765 weighted_loss=3.366076 lr=0.0001 windows=69388/106562
progress epoch=1 optimizer_steps=23626 raw_loss=1.840806 weighted_loss=2.453660 lr=0.0001 windows=69484/106562
progress epoch=1 optimizer_steps=23650 raw_loss=1.650926 weighted_loss=3.674360 lr=0.0001 windows=69604/106562
progress epoch=1 optimizer_steps=23675 raw_loss=1.638727 weighted_loss=2.686300 lr=0.0001 windows=69724/106562
progress epoch=1 optimizer_steps=23705 raw_loss=1.543869 weighted_loss=3.919647 lr=0.0001 windows=69844/106562
progress epoch=1 optimizer_steps=23725 raw_loss=1.428231 weighted_loss=1.636140 lr=0.0001 windows=69940/106562
progress epoch=1 optimizer_steps=23752 raw_loss=1.540765 weighted_loss=2.980884 lr=0.0001 windows=70060/106562
progress epoch=1 optimizer_steps=23777 raw_loss=1.565566 weighted_loss=2.418519 lr=0.0001 windows=70171/106562
progress epoch=1 optimizer_steps=23803 raw_loss=1.713320 weighted_loss=2.305040 lr=0.0001 windows=70291/106562
progress epoch=1 optimizer_steps=23828 raw_loss=1.468554 weighted_loss=1.784753 lr=0.0001 windows=70387/106562
progress epoch=1 optimizer_steps=23853 raw_loss=1.990306 weighted_loss=4.459329 lr=0.0001 windows=70531/106562
progress epoch=1 optimizer_steps=23879 raw_loss=1.593765 weighted_loss=2.216677 lr=0.0001 windows=70651/106562
progress epoch=1 optimizer_steps=23900 raw_loss=1.821075 weighted_loss=2.244301 lr=0.0001 windows=70747/106562
progress epoch=1 optimizer_steps=23928 raw_loss=1.606078 weighted_loss=2.041917 lr=0.0001 windows=70867/106562
progress epoch=1 optimizer_steps=23955 raw_loss=1.620025 weighted_loss=1.723250 lr=0.0001 windows=70987/106562
progress epoch=1 optimizer_steps=23980 raw_loss=1.681528 weighted_loss=1.848093 lr=0.0001 windows=71083/106562
progress epoch=1 optimizer_steps=24003 raw_loss=1.636713 weighted_loss=3.021357 lr=0.0001 windows=71179/106562
checkpoint optimizer_steps=24003 path=/home/yanzhou/cyh/cid-v17-retrain/runs/cid-v1-0.4b-v17-ncv4-needfix-74b9eed/stage-a/stage-a-latest.pt
progress epoch=1 optimizer_steps=24028 raw_loss=1.681259 weighted_loss=3.213451 lr=0.0001 windows=71299/106562
progress epoch=1 optimizer_steps=24053 raw_loss=1.673481 weighted_loss=5.280734 lr=0.0001 windows=71419/106562
progress epoch=1 optimizer_steps=24078 raw_loss=1.348109 weighted_loss=1.384309 lr=0.0001 windows=71515/106562
progress epoch=1 optimizer_steps=24103 raw_loss=1.926432 weighted_loss=2.516551 lr=0.0001 windows=71635/106562
progress epoch=1 optimizer_steps=24131 raw_loss=1.749514 weighted_loss=2.444182 lr=0.0001 windows=71755/106562
progress epoch=1 optimizer_steps=24151 raw_loss=1.795713 weighted_loss=2.493403 lr=0.0001 windows=71851/106562
progress epoch=1 optimizer_steps=24178 raw_loss=1.659722 weighted_loss=2.544378 lr=0.0001 windows=71971/106562
progress epoch=1 optimizer_steps=24200 raw_loss=1.745741 weighted_loss=2.562161 lr=0.0001 windows=72067/106562
progress epoch=1 optimizer_steps=24226 raw_loss=1.977123 weighted_loss=2.825295 lr=0.0001 windows=72187/106562
progress epoch=1 optimizer_steps=24258 raw_loss=1.428638 weighted_loss=1.657478 lr=0.0001 windows=72307/106562
progress epoch=1 optimizer_steps=24277 raw_loss=1.565887 weighted_loss=1.821076 lr=0.0001 windows=72379/106562
progress epoch=1 optimizer_steps=24305 raw_loss=1.942477 weighted_loss=4.790668 lr=0.0001 windows=72523/106562
progress epoch=1 optimizer_steps=24326 raw_loss=1.533958 weighted_loss=1.844239 lr=0.0001 windows=72619/106562
progress epoch=1 optimizer_steps=24351 raw_loss=1.550735 weighted_loss=1.487580 lr=0.0001 windows=72715/106562
progress epoch=1 optimizer_steps=24375 raw_loss=1.935917 weighted_loss=5.550788 lr=0.0001 windows=72835/106562
progress epoch=1 optimizer_steps=24400 raw_loss=1.921756 weighted_loss=2.641406 lr=0.0001 windows=72955/106562
progress epoch=1 optimizer_steps=24430 raw_loss=1.620562 weighted_loss=1.849161 lr=0.0001 windows=73075/106562
progress epoch=1 optimizer_steps=24455 raw_loss=1.365642 weighted_loss=1.533609 lr=0.0001 windows=73171/106562
progress epoch=1 optimizer_steps=24475 raw_loss=1.714003 weighted_loss=2.026630 lr=0.0001 windows=73267/106562
progress epoch=1 optimizer_steps=24506 raw_loss=1.423510 weighted_loss=2.626978 lr=0.0001 windows=73387/106562
progress epoch=1 optimizer_steps=24530 raw_loss=1.869645 weighted_loss=3.389482 lr=0.0001 windows=73507/106562
progress epoch=1 optimizer_steps=24555 raw_loss=1.818350 weighted_loss=6.947870 lr=0.0001 windows=73651/106562
progress epoch=1 optimizer_steps=24579 raw_loss=1.578629 weighted_loss=2.100877 lr=0.0001 windows=73771/106562
progress epoch=1 optimizer_steps=24605 raw_loss=1.955258 weighted_loss=5.448274 lr=0.0001 windows=73915/106562
progress epoch=1 optimizer_steps=24631 raw_loss=1.693614 weighted_loss=3.412710 lr=0.0001 windows=74035/106562
progress epoch=1 optimizer_steps=24655 raw_loss=1.901690 weighted_loss=2.680987 lr=0.0001 windows=74154/106562
progress epoch=1 optimizer_steps=24680 raw_loss=1.569405 weighted_loss=1.648620 lr=0.0001 windows=74250/106562
progress epoch=1 optimizer_steps=24703 raw_loss=2.055697 weighted_loss=3.665834 lr=0.0001 windows=74370/106562
progress epoch=1 optimizer_steps=24727 raw_loss=1.724963 weighted_loss=2.403437 lr=0.0001 windows=74490/106562
progress epoch=1 optimizer_steps=24750 raw_loss=1.610099 weighted_loss=1.626615 lr=0.0001 windows=74586/106562
progress epoch=1 optimizer_steps=24780 raw_loss=1.493483 weighted_loss=2.756494 lr=0.0001 windows=74706/106562
progress epoch=1 optimizer_steps=24801 raw_loss=1.968423 weighted_loss=6.104089 lr=0.0001 windows=74802/106562
progress epoch=1 optimizer_steps=24825 raw_loss=1.860728 weighted_loss=2.097346 lr=0.0001 windows=74898/106562
progress epoch=1 optimizer_steps=24850 raw_loss=1.467708 weighted_loss=1.779057 lr=0.0001 windows=75018/106562
progress epoch=1 optimizer_steps=24878 raw_loss=1.603632 weighted_loss=2.025908 lr=0.0001 windows=75138/106562
progress epoch=1 optimizer_steps=24904 raw_loss=1.513156 weighted_loss=1.845827 lr=0.0001 windows=75258/106562
progress epoch=1 optimizer_steps=24926 raw_loss=1.947523 weighted_loss=2.692831 lr=0.0001 windows=75368/106562
progress epoch=1 optimizer_steps=24953 raw_loss=1.641833 weighted_loss=1.890576 lr=0.0001 windows=75488/106562
progress epoch=1 optimizer_steps=24977 raw_loss=1.869705 weighted_loss=2.958903 lr=0.0001 windows=75608/106562
progress epoch=1 optimizer_steps=25003 raw_loss=2.079388 weighted_loss=3.780699 lr=0.0001 windows=75728/106562
checkpoint optimizer_steps=25003 path=/home/yanzhou/cyh/cid-v17-retrain/runs/cid-v1-0.4b-v17-ncv4-needfix-74b9eed/stage-a/stage-a-latest.pt
progress epoch=1 optimizer_steps=25028 raw_loss=1.531507 weighted_loss=1.638466 lr=0.0001 windows=75824/106562
progress epoch=1 optimizer_steps=25053 raw_loss=1.961581 weighted_loss=2.759208 lr=0.0001 windows=75944/106562
progress epoch=1 optimizer_steps=25077 raw_loss=1.557403 weighted_loss=4.234768 lr=0.0001 windows=76040/106562
progress epoch=1 optimizer_steps=25105 raw_loss=1.624800 weighted_loss=2.364125 lr=0.0001 windows=76184/106562
progress epoch=1 optimizer_steps=25129 raw_loss=1.713877 weighted_loss=2.417240 lr=0.0001 windows=76280/106562
progress epoch=1 optimizer_steps=25153 raw_loss=1.683812 weighted_loss=1.931183 lr=0.0001 windows=76376/106562
progress epoch=1 optimizer_steps=25179 raw_loss=1.613327 weighted_loss=1.613454 lr=0.0001 windows=76472/106562
progress epoch=1 optimizer_steps=25201 raw_loss=1.618166 weighted_loss=3.314773 lr=0.0001 windows=76565/106562
progress epoch=1 optimizer_steps=25226 raw_loss=1.716694 weighted_loss=2.588205 lr=0.0001 windows=76685/106562
progress epoch=1 optimizer_steps=25255 raw_loss=1.798059 weighted_loss=2.138576 lr=0.0001 windows=76805/106562
progress epoch=1 optimizer_steps=25275 raw_loss=1.481270 weighted_loss=1.811992 lr=0.0001 windows=76901/106562
progress epoch=1 optimizer_steps=25303 raw_loss=1.701693 weighted_loss=2.317128 lr=0.0001 windows=77021/106562
progress epoch=1 optimizer_steps=25325 raw_loss=1.977784 weighted_loss=3.252578 lr=0.0001 windows=77141/106562
progress epoch=1 optimizer_steps=25350 raw_loss=1.684565 weighted_loss=1.786928 lr=0.0001 windows=77237/106562
progress epoch=1 optimizer_steps=25377 raw_loss=1.736283 weighted_loss=2.391559 lr=0.0001 windows=77381/106562
progress epoch=1 optimizer_steps=25402 raw_loss=1.512990 weighted_loss=1.692039 lr=0.0001 windows=77477/106562
progress epoch=1 optimizer_steps=25430 raw_loss=1.659762 weighted_loss=2.214634 lr=0.0001 windows=77597/106562
progress epoch=1 optimizer_steps=25454 raw_loss=1.738297 weighted_loss=1.749134 lr=0.0001 windows=77693/106562
progress epoch=1 optimizer_steps=25480 raw_loss=1.515495 weighted_loss=1.475799 lr=0.0001 windows=77789/106562
progress epoch=1 optimizer_steps=25500 raw_loss=2.039775 weighted_loss=6.221899 lr=0.0001 windows=77909/106562
progress epoch=1 optimizer_steps=25526 raw_loss=1.527381 weighted_loss=1.658657 lr=0.0001 windows=78005/106562
progress epoch=1 optimizer_steps=25551 raw_loss=1.547382 weighted_loss=1.825335 lr=0.0001 windows=78101/106562
progress epoch=1 optimizer_steps=25577 raw_loss=1.779960 weighted_loss=4.508118 lr=0.0001 windows=78221/106562
progress epoch=1 optimizer_steps=25603 raw_loss=1.428764 weighted_loss=1.393514 lr=0.0001 windows=78317/106562
progress epoch=1 optimizer_steps=25625 raw_loss=1.819405 weighted_loss=5.893967 lr=0.0001 windows=78437/106562
progress epoch=1 optimizer_steps=25654 raw_loss=1.501437 weighted_loss=1.757929 lr=0.0001 windows=78557/106562
progress epoch=1 optimizer_steps=25681 raw_loss=1.647583 weighted_loss=4.809493 lr=0.0001 windows=78701/106562
progress epoch=1 optimizer_steps=25702 raw_loss=1.770599 weighted_loss=2.242823 lr=0.0001 windows=78797/106562
progress epoch=1 optimizer_steps=25729 raw_loss=1.919176 weighted_loss=5.207125 lr=0.0001 windows=78965/106562
progress epoch=1 optimizer_steps=25750 raw_loss=1.532763 weighted_loss=1.913579 lr=0.0001 windows=79061/106562
progress epoch=1 optimizer_steps=25779 raw_loss=1.830500 weighted_loss=2.545883 lr=0.0001 windows=79205/106562
progress epoch=1 optimizer_steps=25804 raw_loss=1.515571 weighted_loss=1.638079 lr=0.0001 windows=79301/106562
progress epoch=1 optimizer_steps=25830 raw_loss=1.582418 weighted_loss=2.044508 lr=0.0001 windows=79421/106562
progress epoch=1 optimizer_steps=25851 raw_loss=1.578695 weighted_loss=1.850767 lr=0.0001 windows=79517/106562
progress epoch=1 optimizer_steps=25875 raw_loss=1.569114 weighted_loss=4.577293 lr=0.0001 windows=79613/106562
progress epoch=1 optimizer_steps=25900 raw_loss=2.025479 weighted_loss=2.934756 lr=0.0001 windows=79752/106562
progress epoch=1 optimizer_steps=25925 raw_loss=1.268954 weighted_loss=1.349163 lr=0.0001 windows=79848/106562
progress epoch=1 optimizer_steps=25954 raw_loss=1.593490 weighted_loss=1.747919 lr=0.0001 windows=79968/106562
progress epoch=1 optimizer_steps=25980 raw_loss=1.857479 weighted_loss=5.591017 lr=0.0001 windows=80112/106562
progress epoch=1 optimizer_steps=26004 raw_loss=1.345854 weighted_loss=1.515079 lr=0.0001 windows=80208/106562
checkpoint optimizer_steps=26004 path=/home/yanzhou/cyh/cid-v17-retrain/runs/cid-v1-0.4b-v17-ncv4-needfix-74b9eed/stage-a/stage-a-latest.pt
progress epoch=1 optimizer_steps=26028 raw_loss=1.612747 weighted_loss=1.737544 lr=0.0001 windows=80299/106562
progress epoch=1 optimizer_steps=26053 raw_loss=1.751719 weighted_loss=4.694281 lr=0.0001 windows=80443/106562
progress epoch=1 optimizer_steps=26081 raw_loss=1.625534 weighted_loss=2.195936 lr=0.0001 windows=80563/106562
progress epoch=1 optimizer_steps=26103 raw_loss=1.436958 weighted_loss=3.994120 lr=0.0001 windows=80659/106562
progress epoch=1 optimizer_steps=26130 raw_loss=1.938395 weighted_loss=2.621925 lr=0.0001 windows=80779/106562
progress epoch=1 optimizer_steps=26155 raw_loss=1.731764 weighted_loss=4.520474 lr=0.0001 windows=80919/106562
progress epoch=1 optimizer_steps=26181 raw_loss=1.425087 weighted_loss=1.406639 lr=0.0001 windows=81012/106562
progress epoch=1 optimizer_steps=26204 raw_loss=1.849469 weighted_loss=7.635479 lr=0.0001 windows=81156/106562
progress epoch=1 optimizer_steps=26228 raw_loss=1.756363 weighted_loss=5.064973 lr=0.0001 windows=81276/106562
progress epoch=1 optimizer_steps=26253 raw_loss=1.534516 weighted_loss=1.983862 lr=0.0001 windows=81408/106562
progress epoch=1 optimizer_steps=26275 raw_loss=1.433685 weighted_loss=1.653681 lr=0.0001 windows=81504/106562
progress epoch=1 optimizer_steps=26302 raw_loss=1.689903 weighted_loss=5.158285 lr=0.0001 windows=81648/106562
progress epoch=1 optimizer_steps=26326 raw_loss=1.424881 weighted_loss=4.182478 lr=0.0001 windows=81768/106562
progress epoch=1 optimizer_steps=26351 raw_loss=1.574291 weighted_loss=1.976514 lr=0.0001 windows=81888/106562
progress epoch=1 optimizer_steps=26378 raw_loss=1.801658 weighted_loss=4.318058 lr=0.0001 windows=82015/106562
progress epoch=1 optimizer_steps=26405 raw_loss=1.541649 weighted_loss=4.508098 lr=0.0001 windows=82159/106562
progress epoch=1 optimizer_steps=26426 raw_loss=1.782693 weighted_loss=5.778465 lr=0.0001 windows=82279/106562
progress epoch=1 optimizer_steps=26451 raw_loss=1.472447 weighted_loss=1.702304 lr=0.0001 windows=82394/106562
progress epoch=1 optimizer_steps=26478 raw_loss=1.463682 weighted_loss=2.132823 lr=0.0001 windows=82514/106562
progress epoch=1 optimizer_steps=26505 raw_loss=1.513906 weighted_loss=2.004604 lr=0.0001 windows=82634/106562
progress epoch=1 optimizer_steps=26527 raw_loss=1.881038 weighted_loss=5.368390 lr=0.0001 windows=82777/106562
progress epoch=1 optimizer_steps=26555 raw_loss=1.334139 weighted_loss=1.553304 lr=0.0001 windows=82897/106562
progress epoch=1 optimizer_steps=26578 raw_loss=1.617655 weighted_loss=4.836043 lr=0.0001 windows=83017/106562
progress epoch=1 optimizer_steps=26604 raw_loss=1.426304 weighted_loss=1.696380 lr=0.0001 windows=83126/106562
progress epoch=1 optimizer_steps=26630 raw_loss=1.342068 weighted_loss=1.449673 lr=0.0001 windows=83222/106562
progress epoch=1 optimizer_steps=26651 raw_loss=1.588190 weighted_loss=4.791757 lr=0.0001 windows=83342/106562
progress epoch=1 optimizer_steps=26678 raw_loss=1.330660 weighted_loss=1.721083 lr=0.0001 windows=83462/106562
progress epoch=1 optimizer_steps=26700 raw_loss=1.303922 weighted_loss=1.402000 lr=0.0001 windows=83554/106562
progress epoch=1 optimizer_steps=26730 raw_loss=1.168532 weighted_loss=2.478904 lr=0.0001 windows=83698/106562
progress epoch=1 optimizer_steps=26755 raw_loss=1.224216 weighted_loss=1.561891 lr=0.0001 windows=83818/106562
progress epoch=1 optimizer_steps=26776 raw_loss=1.910621 weighted_loss=4.515819 lr=0.0001 windows=83934/106562
progress epoch=1 optimizer_steps=26804 raw_loss=1.205855 weighted_loss=1.522816 lr=0.0001 windows=84054/106562
progress epoch=1 optimizer_steps=26825 raw_loss=1.649234 weighted_loss=3.572030 lr=0.0001 windows=84174/106562
progress epoch=1 optimizer_steps=26855 raw_loss=1.220064 weighted_loss=2.675458 lr=0.0001 windows=84318/106562
progress epoch=1 optimizer_steps=26880 raw_loss=1.472577 weighted_loss=3.610962 lr=0.0001 windows=84438/106562
progress epoch=1 optimizer_steps=26903 raw_loss=1.383407 weighted_loss=3.095265 lr=0.0001 windows=84534/106562
progress epoch=1 optimizer_steps=26928 raw_loss=1.202480 weighted_loss=3.544680 lr=0.0001 windows=84654/106562
progress epoch=1 optimizer_steps=26951 raw_loss=1.159392 weighted_loss=1.326701 lr=0.0001 windows=84750/106562
progress epoch=1 optimizer_steps=26978 raw_loss=1.042699 weighted_loss=1.061215 lr=0.0001 windows=84846/106562
progress epoch=1 optimizer_steps=27001 raw_loss=1.291772 weighted_loss=1.481710 lr=0.0001 windows=84942/106562
checkpoint optimizer_steps=27001 path=/home/yanzhou/cyh/cid-v17-retrain/runs/cid-v1-0.4b-v17-ncv4-needfix-74b9eed/stage-a/stage-a-latest.pt
progress epoch=1 optimizer_steps=27031 raw_loss=1.130905 weighted_loss=1.630082 lr=0.0001 windows=85062/106562
progress epoch=1 optimizer_steps=27053 raw_loss=1.496335 weighted_loss=2.732927 lr=0.0001 windows=85190/106562
progress epoch=1 optimizer_steps=27076 raw_loss=1.227589 weighted_loss=2.027513 lr=0.0001 windows=85286/106562
progress epoch=1 optimizer_steps=27102 raw_loss=1.165606 weighted_loss=2.760324 lr=0.0001 windows=85406/106562
progress epoch=1 optimizer_steps=27130 raw_loss=1.094034 weighted_loss=1.201039 lr=0.0001 windows=85515/106562
progress epoch=1 optimizer_steps=27153 raw_loss=1.188726 weighted_loss=4.288079 lr=0.0001 windows=85659/106562
progress epoch=1 optimizer_steps=27178 raw_loss=1.446402 weighted_loss=4.719540 lr=0.0001 windows=85827/106562
progress epoch=1 optimizer_steps=27207 raw_loss=0.885676 weighted_loss=0.868115 lr=0.0001 windows=85931/106562
progress epoch=1 optimizer_steps=27228 raw_loss=0.888822 weighted_loss=0.826494 lr=0.0001 windows=86003/106562
progress epoch=1 optimizer_steps=27252 raw_loss=0.995077 weighted_loss=1.916915 lr=0.0001 windows=86116/106562
progress epoch=1 optimizer_steps=27279 raw_loss=1.181590 weighted_loss=2.327472 lr=0.0001 windows=86260/106562
progress epoch=1 optimizer_steps=27305 raw_loss=0.856228 weighted_loss=0.869293 lr=0.0001 windows=86356/106562
progress epoch=1 optimizer_steps=27325 raw_loss=0.878160 weighted_loss=0.890975 lr=0.0001 windows=86428/106562
progress epoch=1 optimizer_steps=27356 raw_loss=1.175835 weighted_loss=2.174689 lr=0.0001 windows=86572/106562
progress epoch=1 optimizer_steps=27381 raw_loss=1.095759 weighted_loss=2.124396 lr=0.0001 windows=86692/106562
progress epoch=1 optimizer_steps=27401 raw_loss=1.037444 weighted_loss=1.855605 lr=0.0001 windows=86788/106562
progress epoch=1 optimizer_steps=27429 raw_loss=1.269927 weighted_loss=2.395695 lr=0.0001 windows=86932/106562
progress epoch=1 optimizer_steps=27453 raw_loss=0.846742 weighted_loss=0.957774 lr=0.0001 windows=87028/106562
progress epoch=1 optimizer_steps=27479 raw_loss=1.031628 weighted_loss=1.638113 lr=0.0001 windows=87148/106562
progress epoch=1 optimizer_steps=27501 raw_loss=1.165541 weighted_loss=1.917054 lr=0.0001 windows=87244/106562
progress epoch=1 optimizer_steps=27527 raw_loss=0.782212 weighted_loss=0.796321 lr=0.0001 windows=87340/106562
progress epoch=1 optimizer_steps=27555 raw_loss=0.983511 weighted_loss=1.506315 lr=0.0001 windows=87460/106562
progress epoch=1 optimizer_steps=27575 raw_loss=1.100306 weighted_loss=2.030534 lr=0.0001 windows=87556/106562
progress epoch=1 optimizer_steps=27602 raw_loss=1.017210 weighted_loss=1.600014 lr=0.0001 windows=87676/106562
progress epoch=1 optimizer_steps=27627 raw_loss=1.090729 weighted_loss=2.075060 lr=0.0001 windows=87796/106562
progress epoch=1 optimizer_steps=27651 raw_loss=1.300625 weighted_loss=2.860661 lr=0.0001 windows=87940/106562
progress epoch=1 optimizer_steps=27676 raw_loss=0.944861 weighted_loss=1.017756 lr=0.0001 windows=88036/106562
progress epoch=1 optimizer_steps=27703 raw_loss=1.012276 weighted_loss=1.536386 lr=0.0001 windows=88156/106562
progress epoch=1 optimizer_steps=27731 raw_loss=0.985997 weighted_loss=1.513727 lr=0.0001 windows=88276/106562
progress epoch=1 optimizer_steps=27752 raw_loss=0.857257 weighted_loss=0.810270 lr=0.0001 windows=88348/106562
progress epoch=1 optimizer_steps=27780 raw_loss=1.030797 weighted_loss=1.547795 lr=0.0001 windows=88468/106562
progress epoch=1 optimizer_steps=27800 raw_loss=1.383405 weighted_loss=2.740989 lr=0.0001 windows=88564/106562
progress epoch=1 optimizer_steps=27825 raw_loss=1.101744 weighted_loss=1.615870 lr=0.0001 windows=88660/106562
progress epoch=1 optimizer_steps=27853 raw_loss=0.806506 weighted_loss=0.766852 lr=0.0001 windows=88756/106562
progress epoch=1 optimizer_steps=27880 raw_loss=0.947284 weighted_loss=0.936986 lr=0.0001 windows=88852/106562
progress epoch=1 optimizer_steps=27901 raw_loss=0.868048 weighted_loss=0.822207 lr=0.0001 windows=88924/106562
progress epoch=1 optimizer_steps=27931 raw_loss=1.142959 weighted_loss=1.918114 lr=0.0001 windows=89068/106562
progress epoch=1 optimizer_steps=27954 raw_loss=1.164453 weighted_loss=1.752563 lr=0.0001 windows=89164/106562
progress epoch=1 optimizer_steps=27979 raw_loss=0.859757 weighted_loss=0.895402 lr=0.0001 windows=89260/106562
progress epoch=1 optimizer_steps=28001 raw_loss=0.894816 weighted_loss=1.445696 lr=0.0001 windows=89356/106562
checkpoint optimizer_steps=28001 path=/home/yanzhou/cyh/cid-v17-retrain/runs/cid-v1-0.4b-v17-ncv4-needfix-74b9eed/stage-a/stage-a-latest.pt
progress epoch=1 optimizer_steps=28030 raw_loss=0.835509 weighted_loss=0.757811 lr=0.0001 windows=89452/106562
progress epoch=1 optimizer_steps=28050 raw_loss=1.313761 weighted_loss=2.770531 lr=0.0001 windows=89572/106562
progress epoch=1 optimizer_steps=28079 raw_loss=0.969192 weighted_loss=1.410203 lr=0.0001 windows=89692/106562
progress epoch=1 optimizer_steps=28105 raw_loss=0.789023 weighted_loss=0.809731 lr=0.0001 windows=89788/106562
progress epoch=1 optimizer_steps=28131 raw_loss=1.105123 weighted_loss=1.995434 lr=0.0001 windows=89908/106562
progress epoch=1 optimizer_steps=28152 raw_loss=0.901396 weighted_loss=0.863024 lr=0.0001 windows=89980/106562
progress epoch=1 optimizer_steps=28181 raw_loss=1.025148 weighted_loss=1.488924 lr=0.0001 windows=90100/106562
progress epoch=1 optimizer_steps=28204 raw_loss=1.027776 weighted_loss=1.525794 lr=0.0001 windows=90196/106562
progress epoch=1 optimizer_steps=28226 raw_loss=1.175946 weighted_loss=2.307521 lr=0.0001 windows=90316/106562
progress epoch=1 optimizer_steps=28257 raw_loss=1.312660 weighted_loss=2.184167 lr=0.0001 windows=90460/106562
progress epoch=1 optimizer_steps=28276 raw_loss=1.005919 weighted_loss=1.728929 lr=0.0001 windows=90556/106562
progress epoch=1 optimizer_steps=28303 raw_loss=1.108311 weighted_loss=2.048300 lr=0.0001 windows=90700/106562
progress epoch=1 optimizer_steps=28329 raw_loss=0.818126 weighted_loss=0.835982 lr=0.0001 windows=90796/106562
progress epoch=1 optimizer_steps=28352 raw_loss=1.116235 weighted_loss=2.031437 lr=0.0001 windows=90916/106562
progress epoch=1 optimizer_steps=28375 raw_loss=1.230901 weighted_loss=2.322939 lr=0.0001 windows=91036/106562
progress epoch=1 optimizer_steps=28403 raw_loss=1.093006 weighted_loss=1.484100 lr=0.0001 windows=91156/106562
progress epoch=1 optimizer_steps=28425 raw_loss=1.026566 weighted_loss=1.597651 lr=0.0001 windows=91252/106562
progress epoch=1 optimizer_steps=28452 raw_loss=1.079091 weighted_loss=1.623982 lr=0.0001 windows=91372/106562
progress epoch=1 optimizer_steps=28478 raw_loss=0.892366 weighted_loss=0.901543 lr=0.0001 windows=91468/106562
progress epoch=1 optimizer_steps=28500 raw_loss=1.077320 weighted_loss=1.536527 lr=0.0001 windows=91564/106562
progress epoch=1 optimizer_steps=28525 raw_loss=0.991576 weighted_loss=1.019605 lr=0.0001 windows=91660/106562
progress epoch=1 optimizer_steps=28552 raw_loss=1.213626 weighted_loss=1.789755 lr=0.0001 windows=91780/106562
progress epoch=1 optimizer_steps=28578 raw_loss=1.232004 weighted_loss=2.130368 lr=0.0001 windows=91900/106562
progress epoch=1 optimizer_steps=28601 raw_loss=0.935791 weighted_loss=1.286080 lr=0.0001 windows=91996/106562
progress epoch=1 optimizer_steps=28630 raw_loss=1.111885 weighted_loss=1.504337 lr=0.0001 windows=92116/106562
progress epoch=1 optimizer_steps=28656 raw_loss=1.016392 weighted_loss=1.054465 lr=0.0001 windows=92212/106562
progress epoch=1 optimizer_steps=28681 raw_loss=1.016372 weighted_loss=1.393285 lr=0.0001 windows=92308/106562
progress epoch=1 optimizer_steps=28705 raw_loss=1.239555 weighted_loss=1.350211 lr=0.0001 windows=92404/106562
progress epoch=1 optimizer_steps=28726 raw_loss=1.243254 weighted_loss=2.068680 lr=0.0001 windows=92511/106562
progress epoch=1 optimizer_steps=28755 raw_loss=1.182959 weighted_loss=1.679335 lr=0.0001 windows=92631/106562
progress epoch=1 optimizer_steps=28776 raw_loss=1.336441 weighted_loss=2.665474 lr=0.0001 windows=92751/106562
progress epoch=1 optimizer_steps=28805 raw_loss=0.941256 weighted_loss=1.823669 lr=0.0001 windows=92895/106562
progress epoch=1 optimizer_steps=28830 raw_loss=0.707887 weighted_loss=0.770840 lr=0.0001 windows=92991/106562
progress epoch=1 optimizer_steps=28850 raw_loss=1.109689 weighted_loss=1.993568 lr=0.0001 windows=93087/106562
progress epoch=1 optimizer_steps=28877 raw_loss=0.852352 weighted_loss=1.394948 lr=0.0001 windows=93207/106562
progress epoch=1 optimizer_steps=28900 raw_loss=0.855742 weighted_loss=1.001672 lr=0.0001 windows=93303/106562
progress epoch=1 optimizer_steps=28926 raw_loss=0.964940 weighted_loss=1.549148 lr=0.0001 windows=93423/106562
progress epoch=1 optimizer_steps=28955 raw_loss=0.898211 weighted_loss=1.369620 lr=0.0001 windows=93543/106562
progress epoch=1 optimizer_steps=28978 raw_loss=0.891356 weighted_loss=1.038921 lr=0.0001 windows=93639/106562
progress epoch=1 optimizer_steps=29004 raw_loss=0.898605 weighted_loss=1.439213 lr=0.0001 windows=93759/106562
checkpoint optimizer_steps=29004 path=/home/yanzhou/cyh/cid-v17-retrain/runs/cid-v1-0.4b-v17-ncv4-needfix-74b9eed/stage-a/stage-a-latest.pt
progress epoch=1 optimizer_steps=29031 raw_loss=1.169984 weighted_loss=2.283172 lr=0.0001 windows=93903/106562
progress epoch=1 optimizer_steps=29051 raw_loss=1.069490 weighted_loss=1.788528 lr=0.0001 windows=93999/106562
progress epoch=1 optimizer_steps=29079 raw_loss=1.023333 weighted_loss=1.967861 lr=0.0001 windows=94143/106562
progress epoch=1 optimizer_steps=29101 raw_loss=1.134469 weighted_loss=2.265883 lr=0.0001 windows=94263/106562
progress epoch=1 optimizer_steps=29129 raw_loss=0.907938 weighted_loss=1.335451 lr=0.0001 windows=94383/106562
progress epoch=1 optimizer_steps=29153 raw_loss=1.141297 weighted_loss=2.136910 lr=0.0001 windows=94503/106562
progress epoch=1 optimizer_steps=29180 raw_loss=1.167114 weighted_loss=2.196852 lr=0.0001 windows=94647/106562
progress epoch=1 optimizer_steps=29203 raw_loss=1.066071 weighted_loss=2.086807 lr=0.0001 windows=94767/106562
progress epoch=1 optimizer_steps=29229 raw_loss=1.212469 weighted_loss=2.346742 lr=0.0001 windows=94911/106562
progress epoch=1 optimizer_steps=29253 raw_loss=1.007036 weighted_loss=1.652079 lr=0.0001 windows=95031/106562
progress epoch=1 optimizer_steps=29277 raw_loss=0.936362 weighted_loss=1.518780 lr=0.0001 windows=95151/106562
progress epoch=1 optimizer_steps=29303 raw_loss=1.188899 weighted_loss=1.863627 lr=0.0001 windows=95271/106562
progress epoch=1 optimizer_steps=29325 raw_loss=1.192754 weighted_loss=1.945265 lr=0.0001 windows=95367/106562
progress epoch=1 optimizer_steps=29352 raw_loss=1.171854 weighted_loss=1.806230 lr=0.0001 windows=95487/106562
progress epoch=1 optimizer_steps=29379 raw_loss=1.234355 weighted_loss=2.217673 lr=0.0001 windows=95631/106562
progress epoch=1 optimizer_steps=29405 raw_loss=1.071256 weighted_loss=1.608451 lr=0.0001 windows=95751/106562
progress epoch=1 optimizer_steps=29428 raw_loss=0.963345 weighted_loss=1.107567 lr=0.0001 windows=95847/106562
progress epoch=1 optimizer_steps=29450 raw_loss=1.194803 weighted_loss=2.303834 lr=0.0001 windows=95967/106562
progress epoch=1 optimizer_steps=29475 raw_loss=0.973018 weighted_loss=1.601052 lr=0.0001 windows=96087/106562
progress epoch=1 optimizer_steps=29504 raw_loss=1.056287 weighted_loss=1.506738 lr=0.0001 windows=96207/106562
progress epoch=1 optimizer_steps=29527 raw_loss=1.186438 weighted_loss=2.086080 lr=0.0001 windows=96327/106562
progress epoch=1 optimizer_steps=29550 raw_loss=1.253003 weighted_loss=2.255545 lr=0.0001 windows=96447/106562
progress epoch=1 optimizer_steps=29576 raw_loss=0.968814 weighted_loss=1.420188 lr=0.0001 windows=96567/106562
progress epoch=1 optimizer_steps=29600 raw_loss=1.018745 weighted_loss=1.604082 lr=0.0001 windows=96687/106562
progress epoch=1 optimizer_steps=29631 raw_loss=0.944400 weighted_loss=1.014261 lr=0.0001 windows=96807/106562
progress epoch=1 optimizer_steps=29654 raw_loss=0.867646 weighted_loss=0.994466 lr=0.0001 windows=96903/106562
progress epoch=1 optimizer_steps=29676 raw_loss=1.169480 weighted_loss=2.190542 lr=0.0001 windows=97023/106562
progress epoch=1 optimizer_steps=29703 raw_loss=1.117488 weighted_loss=2.205551 lr=0.0001 windows=97167/106562
progress epoch=1 optimizer_steps=29727 raw_loss=1.064397 weighted_loss=1.866226 lr=0.0001 windows=97287/106562
progress epoch=1 optimizer_steps=29752 raw_loss=0.963765 weighted_loss=1.585341 lr=0.0001 windows=97407/106562
progress epoch=1 optimizer_steps=29775 raw_loss=0.973025 weighted_loss=1.808679 lr=0.0001 windows=97527/106562
progress epoch=1 optimizer_steps=29800 raw_loss=0.874749 weighted_loss=1.727574 lr=0.0001 windows=97671/106562
progress epoch=1 optimizer_steps=29825 raw_loss=0.759131 weighted_loss=0.819406 lr=0.0001 windows=97767/106562
progress epoch=1 optimizer_steps=29854 raw_loss=0.973012 weighted_loss=1.722338 lr=0.0001 windows=97911/106562
progress epoch=1 optimizer_steps=29875 raw_loss=0.854565 weighted_loss=1.460639 lr=0.0001 windows=98007/106562
progress epoch=1 optimizer_steps=29900 raw_loss=0.893107 weighted_loss=1.452132 lr=0.0001 windows=98127/106562
progress epoch=1 optimizer_steps=29926 raw_loss=0.744700 weighted_loss=0.755831 lr=0.0001 windows=98223/106562
progress epoch=1 optimizer_steps=29950 raw_loss=0.685950 weighted_loss=0.745540 lr=0.0001 windows=98319/106562
progress epoch=1 optimizer_steps=29975 raw_loss=0.778415 weighted_loss=1.216828 lr=0.0001 windows=98439/106562
progress epoch=1 optimizer_steps=30002 raw_loss=0.664482 weighted_loss=0.976107 lr=0.0001 windows=98559/106562
checkpoint optimizer_steps=30002 path=/home/yanzhou/cyh/cid-v17-retrain/runs/cid-v1-0.4b-v17-ncv4-needfix-74b9eed/stage-a/stage-a-latest.pt
progress epoch=1 optimizer_steps=30026 raw_loss=0.893507 weighted_loss=1.664768 lr=0.0001 windows=98679/106562
progress epoch=1 optimizer_steps=30051 raw_loss=0.641328 weighted_loss=0.663692 lr=0.0001 windows=98775/106562
progress epoch=1 optimizer_steps=30076 raw_loss=0.691691 weighted_loss=1.090158 lr=0.0001 windows=98895/106562
progress epoch=1 optimizer_steps=30104 raw_loss=0.804094 weighted_loss=1.224592 lr=0.0001 windows=99015/106562
progress epoch=1 optimizer_steps=30126 raw_loss=1.007696 weighted_loss=2.127393 lr=0.0001 windows=99135/106562
progress epoch=1 optimizer_steps=30150 raw_loss=1.091345 weighted_loss=2.338734 lr=0.0001 windows=99279/106562
progress epoch=1 optimizer_steps=30175 raw_loss=0.860087 weighted_loss=0.950792 lr=0.0001 windows=99375/106562
progress epoch=1 optimizer_steps=30202 raw_loss=1.065712 weighted_loss=1.495220 lr=0.0001 windows=99495/106562
progress epoch=1 optimizer_steps=30226 raw_loss=1.042305 weighted_loss=1.181290 lr=0.0001 windows=99591/106562
progress epoch=1 optimizer_steps=30253 raw_loss=0.985158 weighted_loss=1.446769 lr=0.0001 windows=99711/106562
progress epoch=1 optimizer_steps=30278 raw_loss=0.916726 weighted_loss=0.923671 lr=0.0001 windows=99807/106562
progress epoch=1 optimizer_steps=30305 raw_loss=0.823383 weighted_loss=1.174266 lr=0.0001 windows=99927/106562
progress epoch=1 optimizer_steps=30331 raw_loss=1.083813 weighted_loss=2.216616 lr=0.0001 windows=100071/106562
progress epoch=1 optimizer_steps=30352 raw_loss=1.030092 weighted_loss=1.577361 lr=0.0001 windows=100167/106562
progress epoch=1 optimizer_steps=30376 raw_loss=1.302986 weighted_loss=1.926542 lr=0.0001 windows=100287/106562
progress epoch=1 optimizer_steps=30402 raw_loss=0.896071 weighted_loss=1.244635 lr=0.0001 windows=100407/106562
progress epoch=1 optimizer_steps=30429 raw_loss=0.922673 weighted_loss=1.803791 lr=0.0001 windows=100551/106562
progress epoch=1 optimizer_steps=30454 raw_loss=0.752065 weighted_loss=1.317071 lr=0.0001 windows=100671/106562
progress epoch=1 optimizer_steps=30479 raw_loss=0.806270 weighted_loss=0.843972 lr=0.0001 windows=100771/106562
progress epoch=1 optimizer_steps=30500 raw_loss=1.301395 weighted_loss=2.777080 lr=0.0001 windows=100904/106562
progress epoch=1 optimizer_steps=30525 raw_loss=0.990763 weighted_loss=1.903200 lr=0.0001 windows=101024/106562
progress epoch=1 optimizer_steps=30552 raw_loss=1.301020 weighted_loss=2.489726 lr=0.0001 windows=101168/106562
progress epoch=1 optimizer_steps=30579 raw_loss=1.448343 weighted_loss=2.800220 lr=0.0001 windows=101312/106562
progress epoch=1 optimizer_steps=30606 raw_loss=1.067296 weighted_loss=2.271134 lr=0.0001 windows=101456/106562
progress epoch=1 optimizer_steps=30626 raw_loss=1.250512 weighted_loss=3.074955 lr=0.0001 windows=101576/106562
progress epoch=1 optimizer_steps=30651 raw_loss=1.062255 weighted_loss=2.022282 lr=0.0001 windows=101696/106562
progress epoch=1 optimizer_steps=30678 raw_loss=1.126596 weighted_loss=2.512734 lr=0.0001 windows=101840/106562
progress epoch=1 optimizer_steps=30705 raw_loss=1.182611 weighted_loss=2.704124 lr=0.0001 windows=101984/106562
progress epoch=1 optimizer_steps=30725 raw_loss=1.173886 weighted_loss=2.816185 lr=0.0001 windows=102104/106562
progress epoch=1 optimizer_steps=30750 raw_loss=1.102151 weighted_loss=2.081456 lr=0.0001 windows=102224/106562
progress epoch=1 optimizer_steps=30777 raw_loss=1.123937 weighted_loss=2.418620 lr=0.0001 windows=102368/106562
progress epoch=1 optimizer_steps=30804 raw_loss=1.299637 weighted_loss=2.754033 lr=0.0001 windows=102512/106562
progress epoch=1 optimizer_steps=30831 raw_loss=1.221815 weighted_loss=2.523753 lr=0.0001 windows=102656/106562
progress epoch=1 optimizer_steps=30851 raw_loss=1.321506 weighted_loss=3.230565 lr=0.0001 windows=102776/106562
progress epoch=1 optimizer_steps=30876 raw_loss=1.000717 weighted_loss=1.817473 lr=0.0001 windows=102896/106562
progress epoch=1 optimizer_steps=30903 raw_loss=1.254720 weighted_loss=2.743434 lr=0.0001 windows=103040/106562
progress epoch=1 optimizer_steps=30930 raw_loss=1.214674 weighted_loss=2.546261 lr=0.0001 windows=103184/106562
progress epoch=1 optimizer_steps=30950 raw_loss=1.383055 weighted_loss=3.282165 lr=0.0001 windows=103304/106562
progress epoch=1 optimizer_steps=30975 raw_loss=0.949724 weighted_loss=1.697139 lr=0.0001 windows=103424/106562
progress epoch=1 optimizer_steps=31002 raw_loss=1.169295 weighted_loss=2.528955 lr=0.0001 windows=103568/106562
checkpoint optimizer_steps=31002 path=/home/yanzhou/cyh/cid-v17-retrain/runs/cid-v1-0.4b-v17-ncv4-needfix-74b9eed/stage-a/stage-a-latest.pt
progress epoch=1 optimizer_steps=31029 raw_loss=1.192799 weighted_loss=2.461891 lr=0.0001 windows=103712/106562
progress epoch=1 optimizer_steps=31056 raw_loss=1.038329 weighted_loss=2.262758 lr=0.0001 windows=103856/106562
progress epoch=1 optimizer_steps=31076 raw_loss=1.125588 weighted_loss=2.786474 lr=0.0001 windows=103976/106562
progress epoch=1 optimizer_steps=31101 raw_loss=0.926403 weighted_loss=1.934005 lr=0.0001 windows=104096/106562
progress epoch=1 optimizer_steps=31128 raw_loss=1.025123 weighted_loss=2.336223 lr=0.0001 windows=104240/106562
progress epoch=1 optimizer_steps=31155 raw_loss=1.220076 weighted_loss=2.702925 lr=0.0001 windows=104384/106562
progress epoch=1 optimizer_steps=31175 raw_loss=1.303116 weighted_loss=2.915724 lr=0.0001 windows=104504/106562
progress epoch=1 optimizer_steps=31200 raw_loss=1.096487 weighted_loss=1.960283 lr=0.0001 windows=104624/106562
progress epoch=1 optimizer_steps=31227 raw_loss=1.117904 weighted_loss=2.119964 lr=0.0001 windows=104768/106562
progress epoch=1 optimizer_steps=31254 raw_loss=1.227397 weighted_loss=2.328922 lr=0.0001 windows=104912/106562
progress epoch=1 optimizer_steps=31279 raw_loss=1.295230 weighted_loss=2.857314 lr=0.0001 windows=105053/106562
progress epoch=1 optimizer_steps=31301 raw_loss=1.687013 weighted_loss=5.539166 lr=0.0001 windows=105317/106562
progress epoch=1 optimizer_steps=31325 raw_loss=1.425672 weighted_loss=4.681075 lr=0.0001 windows=105605/106562
progress epoch=1 optimizer_steps=31351 raw_loss=1.238279 weighted_loss=4.065783 lr=0.0001 windows=105917/106562
progress epoch=1 optimizer_steps=31375 raw_loss=1.139609 weighted_loss=3.741810 lr=0.0001 windows=106205/106562
progress epoch=1 optimizer_steps=31401 raw_loss=1.037413 weighted_loss=3.406259 lr=0.0001 windows=106517/106562
epoch=1 transitions=805778 optimizer_steps=31405 raw_loss=1.916198 weighted_loss=1.974081 validation_loss=2.560016 rollout_probability=0.000 checkpoint=/home/yanzhou/cyh/cid-v17-retrain/runs/cid-v1-0.4b-v17-ncv4-needfix-74b9eed/stage-a/stage-a-epoch-0001.pt
progress epoch=2 optimizer_steps=31425 raw_loss=6.264008 weighted_loss=3.103422 lr=0.0001 windows=41/106562
progress epoch=2 optimizer_steps=31473 raw_loss=3.259006 weighted_loss=2.470319 lr=0.0001 windows=127/106562
progress epoch=2 optimizer_steps=31476 raw_loss=2.858455 weighted_loss=1.632138 lr=0.0001 windows=133/106562
progress epoch=2 optimizer_steps=31501 raw_loss=4.383045 weighted_loss=2.206401 lr=0.0001 windows=197/106562
progress epoch=2 optimizer_steps=31538 raw_loss=3.329363 weighted_loss=2.402563 lr=0.0001 windows=267/106562
progress epoch=2 optimizer_steps=31550 raw_loss=3.719669 weighted_loss=2.252372 lr=0.0001 windows=296/106562
progress epoch=2 optimizer_steps=31580 raw_loss=2.265832 weighted_loss=1.128008 lr=0.0001 windows=354/106562
progress epoch=2 optimizer_steps=31608 raw_loss=3.326279 weighted_loss=1.651905 lr=0.0001 windows=420/106562
progress epoch=2 optimizer_steps=31637 raw_loss=2.892390 weighted_loss=1.867501 lr=0.0001 windows=468/106562
progress epoch=2 optimizer_steps=31660 raw_loss=2.564317 weighted_loss=1.132649 lr=0.0001 windows=506/106562
progress epoch=2 optimizer_steps=31677 raw_loss=3.257177 weighted_loss=6.211116 lr=0.0001 windows=574/106562
progress epoch=2 optimizer_steps=31700 raw_loss=2.464363 weighted_loss=1.819277 lr=0.0001 windows=632/106562
progress epoch=2 optimizer_steps=31734 raw_loss=2.141934 weighted_loss=1.611306 lr=0.0001 windows=697/106562
progress epoch=2 optimizer_steps=31756 raw_loss=2.277026 weighted_loss=1.556372 lr=0.0001 windows=744/106562
progress epoch=2 optimizer_steps=31787 raw_loss=2.750627 weighted_loss=1.100672 lr=0.0001 windows=794/106562
progress epoch=2 optimizer_steps=31803 raw_loss=2.508099 weighted_loss=2.194636 lr=0.0001 windows=844/106562
progress epoch=2 optimizer_steps=31825 raw_loss=2.974510 weighted_loss=16.240805 lr=0.0001 windows=926/106562
progress epoch=2 optimizer_steps=31854 raw_loss=2.289857 weighted_loss=2.102690 lr=0.0001 windows=1011/106562
progress epoch=2 optimizer_steps=31878 raw_loss=2.231063 weighted_loss=0.661492 lr=0.0001 windows=1037/106562
progress epoch=2 optimizer_steps=31904 raw_loss=2.718612 weighted_loss=1.158638 lr=0.0001 windows=1079/106562
progress epoch=2 optimizer_steps=31931 raw_loss=2.921486 weighted_loss=3.155143 lr=0.0001 windows=1150/106562
progress epoch=2 optimizer_steps=31950 raw_loss=2.448405 weighted_loss=1.494358 lr=0.0001 windows=1199/106562
progress epoch=2 optimizer_steps=31978 raw_loss=2.292037 weighted_loss=2.059480 lr=0.0001 windows=1260/106562
progress epoch=2 optimizer_steps=32018 raw_loss=2.531263 weighted_loss=1.120176 lr=0.0001 windows=1325/106562
checkpoint optimizer_steps=32018 path=/home/yanzhou/cyh/cid-v17-retrain/runs/cid-v1-0.4b-v17-ncv4-needfix-74b9eed/stage-a/stage-a-latest.pt
progress epoch=2 optimizer_steps=32027 raw_loss=2.648278 weighted_loss=2.545609 lr=0.0001 windows=1350/106562
progress epoch=2 optimizer_steps=32053 raw_loss=2.453720 weighted_loss=2.768741 lr=0.0001 windows=1426/106562
progress epoch=2 optimizer_steps=32077 raw_loss=2.078790 weighted_loss=1.163767 lr=0.0001 windows=1482/106562
progress epoch=2 optimizer_steps=32119 raw_loss=2.413142 weighted_loss=1.177498 lr=0.0001 windows=1563/106562
progress epoch=2 optimizer_steps=32135 raw_loss=2.660563 weighted_loss=1.257911 lr=0.0001 windows=1606/106562
progress epoch=2 optimizer_steps=32171 raw_loss=2.185423 weighted_loss=0.649754 lr=0.0001 windows=1648/106562
progress epoch=2 optimizer_steps=32180 raw_loss=1.637512 weighted_loss=0.743244 lr=0.0001 windows=1666/106562
progress epoch=2 optimizer_steps=32201 raw_loss=2.621518 weighted_loss=3.461872 lr=0.0001 windows=1735/106562
progress epoch=2 optimizer_steps=32227 raw_loss=2.135309 weighted_loss=1.167292 lr=0.0001 windows=1794/106562
progress epoch=2 optimizer_steps=32253 raw_loss=2.361531 weighted_loss=1.559954 lr=0.0001 windows=1868/106562
progress epoch=2 optimizer_steps=32277 raw_loss=2.265778 weighted_loss=0.661288 lr=0.0001 windows=1892/106562
progress epoch=2 optimizer_steps=32300 raw_loss=2.302994 weighted_loss=1.393677 lr=0.0001 windows=1944/106562
progress epoch=2 optimizer_steps=32331 raw_loss=2.469359 weighted_loss=1.661921 lr=0.0001 windows=2011/106562
progress epoch=2 optimizer_steps=32359 raw_loss=2.386276 weighted_loss=1.435170 lr=0.0001 windows=2087/106562
progress epoch=2 optimizer_steps=32375 raw_loss=1.691548 weighted_loss=0.851994 lr=0.0001 windows=2114/106562
progress epoch=2 optimizer_steps=32402 raw_loss=2.271160 weighted_loss=2.004622 lr=0.0001 windows=2189/106562
progress epoch=2 optimizer_steps=32426 raw_loss=2.516965 weighted_loss=2.003852 lr=0.0001 windows=2275/106562
progress epoch=2 optimizer_steps=32452 raw_loss=2.381192 weighted_loss=3.155688 lr=0.0001 windows=2350/106562
progress epoch=2 optimizer_steps=32475 raw_loss=2.151346 weighted_loss=2.411994 lr=0.0001 windows=2414/106562
progress epoch=2 optimizer_steps=32503 raw_loss=2.362949 weighted_loss=1.624847 lr=0.0001 windows=2506/106562
progress epoch=2 optimizer_steps=32525 raw_loss=1.869971 weighted_loss=1.776359 lr=0.0001 windows=2554/106562
progress epoch=2 optimizer_steps=32550 raw_loss=2.366332 weighted_loss=2.798062 lr=0.0001 windows=2626/106562
progress epoch=2 optimizer_steps=32578 raw_loss=2.343432 weighted_loss=1.379262 lr=0.0001 windows=2700/106562
progress epoch=2 optimizer_steps=32600 raw_loss=2.508746 weighted_loss=1.808778 lr=0.0001 windows=2748/106562
progress epoch=2 optimizer_steps=32625 raw_loss=2.128522 weighted_loss=1.179727 lr=0.0001 windows=2814/106562
progress epoch=2 optimizer_steps=32650 raw_loss=2.878589 weighted_loss=1.165746 lr=0.0001 windows=2864/106562
progress epoch=2 optimizer_steps=32689 raw_loss=2.032398 weighted_loss=0.829414 lr=0.0001 windows=2927/106562
progress epoch=2 optimizer_steps=32706 raw_loss=2.377377 weighted_loss=0.961263 lr=0.0001 windows=2964/106562
progress epoch=2 optimizer_steps=32726 raw_loss=2.228449 weighted_loss=1.831056 lr=0.0001 windows=3003/106562
progress epoch=2 optimizer_steps=32752 raw_loss=2.639394 weighted_loss=2.900227 lr=0.0001 windows=3099/106562
progress epoch=2 optimizer_steps=32775 raw_loss=2.219178 weighted_loss=1.100362 lr=0.0001 windows=3144/106562
progress epoch=2 optimizer_steps=32800 raw_loss=2.868518 weighted_loss=1.891850 lr=0.0001 windows=3223/106562
progress epoch=2 optimizer_steps=32836 raw_loss=2.248914 weighted_loss=0.743717 lr=0.0001 windows=3267/106562
progress epoch=2 optimizer_steps=32850 raw_loss=2.362432 weighted_loss=3.329286 lr=0.0001 windows=3308/106562
progress epoch=2 optimizer_steps=32875 raw_loss=2.151681 weighted_loss=1.183760 lr=0.0001 windows=3357/106562
progress epoch=2 optimizer_steps=32901 raw_loss=2.244004 weighted_loss=0.985141 lr=0.0001 windows=3394/106562
progress epoch=2 optimizer_steps=32930 raw_loss=2.401838 weighted_loss=0.895812 lr=0.0001 windows=3448/106562
progress epoch=2 optimizer_steps=32955 raw_loss=1.976817 weighted_loss=1.361284 lr=0.0001 windows=3498/106562
progress epoch=2 optimizer_steps=32981 raw_loss=1.820787 weighted_loss=0.661052 lr=0.0001 windows=3534/106562
progress epoch=2 optimizer_steps=33003 raw_loss=1.886742 weighted_loss=0.896856 lr=0.0001 windows=3578/106562
checkpoint optimizer_steps=33003 path=/home/yanzhou/cyh/cid-v17-retrain/runs/cid-v1-0.4b-v17-ncv4-needfix-74b9eed/stage-a/stage-a-latest.pt
progress epoch=2 optimizer_steps=33041 raw_loss=2.174253 weighted_loss=1.210160 lr=0.0001 windows=3642/106562
progress epoch=2 optimizer_steps=33050 raw_loss=2.075862 weighted_loss=0.534582 lr=0.0001 windows=3651/106562
progress epoch=2 optimizer_steps=33083 raw_loss=2.157270 weighted_loss=1.295420 lr=0.0001 windows=3711/106562
progress epoch=2 optimizer_steps=33100 raw_loss=2.070139 weighted_loss=1.177458 lr=0.0001 windows=3758/106562
progress epoch=2 optimizer_steps=33125 raw_loss=1.885812 weighted_loss=1.257820 lr=0.0001 windows=3813/106562
progress epoch=2 optimizer_steps=33151 raw_loss=1.628415 weighted_loss=0.955054 lr=0.0001 windows=3863/106562
progress epoch=2 optimizer_steps=33175 raw_loss=2.212315 weighted_loss=1.039187 lr=0.0001 windows=3921/106562
progress epoch=2 optimizer_steps=33201 raw_loss=2.278567 weighted_loss=1.074703 lr=0.0001 windows=3973/106562
progress epoch=2 optimizer_steps=33232 raw_loss=2.187805 weighted_loss=2.064033 lr=0.0001 windows=4081/106562
progress epoch=2 optimizer_steps=33250 raw_loss=1.943884 weighted_loss=1.061164 lr=0.0001 windows=4119/106562
progress epoch=2 optimizer_steps=33275 raw_loss=1.991599 weighted_loss=1.976491 lr=0.0001 windows=4176/106562
progress epoch=2 optimizer_steps=33307 raw_loss=1.890758 weighted_loss=0.975562 lr=0.0001 windows=4248/106562
progress epoch=2 optimizer_steps=33329 raw_loss=1.817176 weighted_loss=0.924835 lr=0.0001 windows=4297/106562
progress epoch=2 optimizer_steps=33366 raw_loss=1.957903 weighted_loss=0.748146 lr=0.0001 windows=4346/106562
progress epoch=2 optimizer_steps=33385 raw_loss=2.046464 weighted_loss=0.920237 lr=0.0001 windows=4376/106562
progress epoch=2 optimizer_steps=33408 raw_loss=2.236780 weighted_loss=2.394050 lr=0.0001 windows=4448/106562
progress epoch=2 optimizer_steps=33427 raw_loss=2.518270 weighted_loss=4.102032 lr=0.0001 windows=4525/106562
progress epoch=2 optimizer_steps=33452 raw_loss=2.327087 weighted_loss=1.880301 lr=0.0001 windows=4611/106562
progress epoch=2 optimizer_steps=33477 raw_loss=1.922033 weighted_loss=1.438414 lr=0.0001 windows=4664/106562
progress epoch=2 optimizer_steps=33501 raw_loss=2.249213 weighted_loss=0.737676 lr=0.0001 windows=4690/106562
progress epoch=2 optimizer_steps=33535 raw_loss=2.090076 weighted_loss=1.216438 lr=0.0001 windows=4771/106562
progress epoch=2 optimizer_steps=33551 raw_loss=2.310883 weighted_loss=3.625736 lr=0.0001 windows=4832/106562
progress epoch=2 optimizer_steps=33576 raw_loss=2.380505 weighted_loss=1.075594 lr=0.0001 windows=4888/106562
progress epoch=2 optimizer_steps=33605 raw_loss=2.370331 weighted_loss=0.915938 lr=0.0001 windows=4936/106562
progress epoch=2 optimizer_steps=33625 raw_loss=2.140676 weighted_loss=1.320809 lr=0.0001 windows=4997/106562
progress epoch=2 optimizer_steps=33650 raw_loss=1.931564 weighted_loss=1.574512 lr=0.0001 windows=5058/106562
progress epoch=2 optimizer_steps=33675 raw_loss=2.118527 weighted_loss=1.236403 lr=0.0001 windows=5117/106562
progress epoch=2 optimizer_steps=33703 raw_loss=2.224795 weighted_loss=0.818198 lr=0.0001 windows=5162/106562
progress epoch=2 optimizer_steps=33726 raw_loss=2.196236 weighted_loss=2.575132 lr=0.0001 windows=5230/106562
progress epoch=2 optimizer_steps=33757 raw_loss=2.057355 weighted_loss=1.032494 lr=0.0001 windows=5295/106562
progress epoch=2 optimizer_steps=33786 raw_loss=2.517179 weighted_loss=0.966150 lr=0.0001 windows=5350/106562
progress epoch=2 optimizer_steps=33812 raw_loss=2.302260 weighted_loss=1.875798 lr=0.0001 windows=5407/106562
progress epoch=2 optimizer_steps=33825 raw_loss=2.202640 weighted_loss=1.234654 lr=0.0001 windows=5439/106562
progress epoch=2 optimizer_steps=33855 raw_loss=2.028649 weighted_loss=0.938606 lr=0.0001 windows=5499/106562
progress epoch=2 optimizer_steps=33882 raw_loss=2.104237 weighted_loss=1.058546 lr=0.0001 windows=5561/106562
progress epoch=2 optimizer_steps=33905 raw_loss=1.672571 weighted_loss=0.706379 lr=0.0001 windows=5599/106562
progress epoch=2 optimizer_steps=33925 raw_loss=1.946150 weighted_loss=1.601214 lr=0.0001 windows=5645/106562
progress epoch=2 optimizer_steps=33962 raw_loss=2.072564 weighted_loss=1.279259 lr=0.0001 windows=5729/106562
progress epoch=2 optimizer_steps=33975 raw_loss=1.561130 weighted_loss=0.704569 lr=0.0001 windows=5751/106562
progress epoch=2 optimizer_steps=34004 raw_loss=1.810348 weighted_loss=1.483275 lr=0.0001 windows=5809/106562
checkpoint optimizer_steps=34004 path=/home/yanzhou/cyh/cid-v17-retrain/runs/cid-v1-0.4b-v17-ncv4-needfix-74b9eed/stage-a/stage-a-latest.pt
progress epoch=2 optimizer_steps=34031 raw_loss=1.929684 weighted_loss=1.831381 lr=0.0001 windows=5868/106562
progress epoch=2 optimizer_steps=34068 raw_loss=2.095567 weighted_loss=1.040219 lr=0.0001 windows=5921/106562
progress epoch=2 optimizer_steps=34083 raw_loss=1.669729 weighted_loss=0.891779 lr=0.0001 windows=5950/106562
progress epoch=2 optimizer_steps=34114 raw_loss=2.276724 weighted_loss=0.931925 lr=0.0001 windows=6003/106562
progress epoch=2 optimizer_steps=34128 raw_loss=1.771314 weighted_loss=1.184235 lr=0.0001 windows=6029/106562
progress epoch=2 optimizer_steps=34153 raw_loss=2.100863 weighted_loss=0.613156 lr=0.0001 windows=6053/106562
progress epoch=2 optimizer_steps=34176 raw_loss=2.185662 weighted_loss=0.689976 lr=0.0001 windows=6080/106562
progress epoch=2 optimizer_steps=34209 raw_loss=2.030827 weighted_loss=1.502894 lr=0.0001 windows=6153/106562
progress epoch=2 optimizer_steps=34231 raw_loss=2.182065 weighted_loss=0.824981 lr=0.0001 windows=6184/106562
progress epoch=2 optimizer_steps=34259 raw_loss=1.862055 weighted_loss=0.768838 lr=0.0001 windows=6229/106562
progress epoch=2 optimizer_steps=34275 raw_loss=1.549982 weighted_loss=0.854470 lr=0.0001 windows=6261/106562
progress epoch=2 optimizer_steps=34300 raw_loss=2.188846 weighted_loss=1.023437 lr=0.0001 windows=6325/106562
progress epoch=2 optimizer_steps=34326 raw_loss=2.230658 weighted_loss=1.283323 lr=0.0001 windows=6373/106562
progress epoch=2 optimizer_steps=34353 raw_loss=2.186321 weighted_loss=1.464170 lr=0.0001 windows=6433/106562
progress epoch=2 optimizer_steps=34382 raw_loss=2.328092 weighted_loss=5.177508 lr=0.0001 windows=6517/106562
progress epoch=2 optimizer_steps=34412 raw_loss=2.023197 weighted_loss=0.810518 lr=0.0001 windows=6577/106562
progress epoch=2 optimizer_steps=34426 raw_loss=2.029603 weighted_loss=2.050471 lr=0.0001 windows=6601/106562
progress epoch=2 optimizer_steps=34453 raw_loss=1.978812 weighted_loss=1.446992 lr=0.0001 windows=6654/106562
progress epoch=2 optimizer_steps=34477 raw_loss=2.010151 weighted_loss=0.663410 lr=0.0001 windows=6686/106562
progress epoch=2 optimizer_steps=34502 raw_loss=2.092848 weighted_loss=1.831293 lr=0.0001 windows=6759/106562
progress epoch=2 optimizer_steps=34525 raw_loss=2.192427 weighted_loss=2.304955 lr=0.0001 windows=6831/106562
progress epoch=2 optimizer_steps=34568 raw_loss=1.930475 weighted_loss=0.827021 lr=0.0001 windows=6895/106562
progress epoch=2 optimizer_steps=34588 raw_loss=2.965097 weighted_loss=3.489966 lr=0.0001 windows=6951/106562
progress epoch=2 optimizer_steps=34601 raw_loss=2.432883 weighted_loss=1.249331 lr=0.0001 windows=6984/106562
progress epoch=2 optimizer_steps=34625 raw_loss=1.964928 weighted_loss=1.161755 lr=0.0001 windows=7043/106562
progress epoch=2 optimizer_steps=34655 raw_loss=2.192388 weighted_loss=3.551725 lr=0.0001 windows=7129/106562
progress epoch=2 optimizer_steps=34679 raw_loss=1.805518 weighted_loss=1.236479 lr=0.0001 windows=7206/106562
progress epoch=2 optimizer_steps=34705 raw_loss=1.998422 weighted_loss=1.646801 lr=0.0001 windows=7269/106562
progress epoch=2 optimizer_steps=34726 raw_loss=2.085578 weighted_loss=0.789578 lr=0.0001 windows=7301/106562
progress epoch=2 optimizer_steps=34751 raw_loss=1.862009 weighted_loss=0.867288 lr=0.0001 windows=7344/106562
progress epoch=2 optimizer_steps=34779 raw_loss=1.787777 weighted_loss=1.594832 lr=0.0001 windows=7413/106562
progress epoch=2 optimizer_steps=34801 raw_loss=2.034016 weighted_loss=1.615457 lr=0.0001 windows=7468/106562
progress epoch=2 optimizer_steps=34834 raw_loss=1.893622 weighted_loss=1.069429 lr=0.0001 windows=7546/106562
progress epoch=2 optimizer_steps=34856 raw_loss=2.319204 weighted_loss=1.435947 lr=0.0001 windows=7607/106562
progress epoch=2 optimizer_steps=34875 raw_loss=3.337157 weighted_loss=4.600222 lr=0.0001 windows=7678/106562
progress epoch=2 optimizer_steps=34903 raw_loss=2.262953 weighted_loss=0.941352 lr=0.0001 windows=7728/106562
progress epoch=2 optimizer_steps=34926 raw_loss=1.924263 weighted_loss=0.742661 lr=0.0001 windows=7772/106562
progress epoch=2 optimizer_steps=34952 raw_loss=2.094895 weighted_loss=1.407931 lr=0.0001 windows=7838/106562
progress epoch=2 optimizer_steps=34978 raw_loss=2.000545 weighted_loss=0.807966 lr=0.0001 windows=7876/106562
progress epoch=2 optimizer_steps=35000 raw_loss=2.496140 weighted_loss=1.588700 lr=0.0001 windows=7936/106562
checkpoint optimizer_steps=35000 path=/home/yanzhou/cyh/cid-v17-retrain/runs/cid-v1-0.4b-v17-ncv4-needfix-74b9eed/stage-a/stage-a-latest.pt
progress epoch=2 optimizer_steps=35030 raw_loss=2.043862 weighted_loss=1.014482 lr=0.0001 windows=8004/106562
progress epoch=2 optimizer_steps=35051 raw_loss=2.173080 weighted_loss=1.387765 lr=0.0001 windows=8055/106562
progress epoch=2 optimizer_steps=35079 raw_loss=1.885246 weighted_loss=1.143185 lr=0.0001 windows=8107/106562
progress epoch=2 optimizer_steps=35104 raw_loss=2.029442 weighted_loss=0.815561 lr=0.0001 windows=8143/106562
progress epoch=2 optimizer_steps=35125 raw_loss=2.113397 weighted_loss=1.635009 lr=0.0001 windows=8216/106562
progress epoch=2 optimizer_steps=35151 raw_loss=1.912920 weighted_loss=1.176129 lr=0.0001 windows=8280/106562
progress epoch=2 optimizer_steps=35181 raw_loss=1.967317 weighted_loss=0.898336 lr=0.0001 windows=8352/106562
progress epoch=2 optimizer_steps=35205 raw_loss=1.651540 weighted_loss=1.799162 lr=0.0001 windows=8402/106562
progress epoch=2 optimizer_steps=35227 raw_loss=2.153365 weighted_loss=2.440461 lr=0.0001 windows=8457/106562
progress epoch=2 optimizer_steps=35253 raw_loss=1.863423 weighted_loss=1.114293 lr=0.0001 windows=8507/106562
progress epoch=2 optimizer_steps=35282 raw_loss=2.033959 weighted_loss=1.595151 lr=0.0001 windows=8573/106562
progress epoch=2 optimizer_steps=35301 raw_loss=2.284313 weighted_loss=0.810849 lr=0.0001 windows=8597/106562
progress epoch=2 optimizer_steps=35327 raw_loss=2.009715 weighted_loss=1.469666 lr=0.0001 windows=8650/106562
progress epoch=2 optimizer_steps=35360 raw_loss=2.088613 weighted_loss=0.734191 lr=0.0001 windows=8699/106562
progress epoch=2 optimizer_steps=35375 raw_loss=2.069643 weighted_loss=0.870887 lr=0.0001 windows=8743/106562
progress epoch=2 optimizer_steps=35408 raw_loss=2.228791 weighted_loss=0.930362 lr=0.0001 windows=8795/106562
progress epoch=2 optimizer_steps=35428 raw_loss=2.030836 weighted_loss=1.033915 lr=0.0001 windows=8844/106562
progress epoch=2 optimizer_steps=35451 raw_loss=1.879342 weighted_loss=0.720963 lr=0.0001 windows=8880/106562
progress epoch=2 optimizer_steps=35479 raw_loss=2.244379 weighted_loss=1.197757 lr=0.0001 windows=8929/106562
progress epoch=2 optimizer_steps=35500 raw_loss=2.063373 weighted_loss=1.420566 lr=0.0001 windows=8989/106562
progress epoch=2 optimizer_steps=35526 raw_loss=1.860729 weighted_loss=0.796818 lr=0.0001 windows=9031/106562
progress epoch=2 optimizer_steps=35554 raw_loss=1.730902 weighted_loss=1.171093 lr=0.0001 windows=9093/106562
progress epoch=2 optimizer_steps=35578 raw_loss=2.039762 weighted_loss=1.777050 lr=0.0001 windows=9159/106562
progress epoch=2 optimizer_steps=35602 raw_loss=1.877674 weighted_loss=1.456181 lr=0.0001 windows=9202/106562
progress epoch=2 optimizer_steps=35628 raw_loss=2.068744 weighted_loss=1.028631 lr=0.0001 windows=9244/106562
progress epoch=2 optimizer_steps=35651 raw_loss=1.851003 weighted_loss=1.618366 lr=0.0001 windows=9301/106562
progress epoch=2 optimizer_steps=35676 raw_loss=1.841964 weighted_loss=0.968034 lr=0.0001 windows=9346/106562
progress epoch=2 optimizer_steps=35709 raw_loss=2.139762 weighted_loss=0.887234 lr=0.0001 windows=9420/106562
progress epoch=2 optimizer_steps=35728 raw_loss=1.746880 weighted_loss=0.820144 lr=0.0001 windows=9453/106562
progress epoch=2 optimizer_steps=35755 raw_loss=2.058517 weighted_loss=2.119507 lr=0.0001 windows=9525/106562
progress epoch=2 optimizer_steps=35779 raw_loss=1.931799 weighted_loss=0.994086 lr=0.0001 windows=9594/106562
progress epoch=2 optimizer_steps=35812 raw_loss=2.043281 weighted_loss=0.794031 lr=0.0001 windows=9665/106562
progress epoch=2 optimizer_steps=35832 raw_loss=2.051668 weighted_loss=2.530643 lr=0.0001 windows=9716/106562
progress epoch=2 optimizer_steps=35857 raw_loss=2.037290 weighted_loss=1.739658 lr=0.0001 windows=9771/106562
progress epoch=2 optimizer_steps=35879 raw_loss=1.726372 weighted_loss=1.512507 lr=0.0001 windows=9817/106562
progress epoch=2 optimizer_steps=35901 raw_loss=1.868666 weighted_loss=1.614562 lr=0.0001 windows=9859/106562
progress epoch=2 optimizer_steps=35940 raw_loss=1.974413 weighted_loss=1.805139 lr=0.0001 windows=9947/106562
progress epoch=2 optimizer_steps=35960 raw_loss=2.281717 weighted_loss=0.833096 lr=0.0001 windows=9973/106562
progress epoch=2 optimizer_steps=35975 raw_loss=2.458656 weighted_loss=1.867824 lr=0.0001 windows=10030/106562
progress epoch=2 optimizer_steps=36001 raw_loss=2.014761 weighted_loss=0.686256 lr=0.0001 windows=10061/106562
checkpoint optimizer_steps=36001 path=/home/yanzhou/cyh/cid-v17-retrain/runs/cid-v1-0.4b-v17-ncv4-needfix-74b9eed/stage-a/stage-a-latest.pt
progress epoch=2 optimizer_steps=36025 raw_loss=1.935359 weighted_loss=2.017461 lr=0.0001 windows=10121/106562
progress epoch=2 optimizer_steps=36055 raw_loss=1.991468 weighted_loss=0.811239 lr=0.0001 windows=10176/106562
progress epoch=2 optimizer_steps=36083 raw_loss=2.242427 weighted_loss=0.829882 lr=0.0001 windows=10231/106562
progress epoch=2 optimizer_steps=36106 raw_loss=1.659089 weighted_loss=0.879464 lr=0.0001 windows=10273/106562
progress epoch=2 optimizer_steps=36127 raw_loss=1.842774 weighted_loss=1.065803 lr=0.0001 windows=10332/106562
progress epoch=2 optimizer_steps=36156 raw_loss=2.180751 weighted_loss=1.645456 lr=0.0001 windows=10387/106562
progress epoch=2 optimizer_steps=36184 raw_loss=1.965744 weighted_loss=0.980411 lr=0.0001 windows=10440/106562
progress epoch=2 optimizer_steps=36204 raw_loss=1.939383 weighted_loss=2.145632 lr=0.0001 windows=10489/106562
progress epoch=2 optimizer_steps=36225 raw_loss=2.070940 weighted_loss=1.502164 lr=0.0001 windows=10546/106562
progress epoch=2 optimizer_steps=36264 raw_loss=2.080253 weighted_loss=0.898230 lr=0.0001 windows=10601/106562
progress epoch=2 optimizer_steps=36278 raw_loss=2.131201 weighted_loss=2.309457 lr=0.0001 windows=10631/106562
progress epoch=2 optimizer_steps=36301 raw_loss=2.221385 weighted_loss=0.841897 lr=0.0001 windows=10664/106562
progress epoch=2 optimizer_steps=36338 raw_loss=2.017464 weighted_loss=0.604220 lr=0.0001 windows=10704/106562
progress epoch=2 optimizer_steps=36371 raw_loss=2.072520 weighted_loss=1.046687 lr=0.0001 windows=10754/106562
progress epoch=2 optimizer_steps=36388 raw_loss=2.174245 weighted_loss=0.793217 lr=0.0001 windows=10778/106562
progress epoch=2 optimizer_steps=36424 raw_loss=2.095108 weighted_loss=0.751842 lr=0.0001 windows=10850/106562
progress epoch=2 optimizer_steps=36429 raw_loss=2.868477 weighted_loss=1.569734 lr=0.0001 windows=10874/106562
progress epoch=2 optimizer_steps=36450 raw_loss=1.966550 weighted_loss=1.279884 lr=0.0001 windows=10922/106562
progress epoch=2 optimizer_steps=36479 raw_loss=2.346066 weighted_loss=2.764279 lr=0.0001 windows=11036/106562
progress epoch=2 optimizer_steps=36502 raw_loss=2.051934 weighted_loss=0.814820 lr=0.0001 windows=11082/106562
progress epoch=2 optimizer_steps=36526 raw_loss=1.778509 weighted_loss=2.141161 lr=0.0001 windows=11146/106562
progress epoch=2 optimizer_steps=36551 raw_loss=2.395325 weighted_loss=5.379647 lr=0.0001 windows=11244/106562
progress epoch=2 optimizer_steps=36580 raw_loss=1.956861 weighted_loss=1.475007 lr=0.0001 windows=11306/106562
progress epoch=2 optimizer_steps=36601 raw_loss=1.984000 weighted_loss=1.199555 lr=0.0001 windows=11347/106562
progress epoch=2 optimizer_steps=36625 raw_loss=2.129987 weighted_loss=0.772641 lr=0.0001 windows=11389/106562
progress epoch=2 optimizer_steps=36652 raw_loss=1.868415 weighted_loss=1.538009 lr=0.0001 windows=11450/106562
progress epoch=2 optimizer_steps=36679 raw_loss=2.030973 weighted_loss=1.419302 lr=0.0001 windows=11507/106562
progress epoch=2 optimizer_steps=36700 raw_loss=2.206998 weighted_loss=1.448513 lr=0.0001 windows=11565/106562
progress epoch=2 optimizer_steps=36726 raw_loss=1.908526 weighted_loss=1.592109 lr=0.0001 windows=11627/106562
progress epoch=2 optimizer_steps=36753 raw_loss=1.802753 weighted_loss=1.402832 lr=0.0001 windows=11690/106562
progress epoch=2 optimizer_steps=36776 raw_loss=1.962149 weighted_loss=0.702085 lr=0.0001 windows=11718/106562
progress epoch=2 optimizer_steps=36813 raw_loss=2.132646 weighted_loss=1.426020 lr=0.0001 windows=11782/106562
progress epoch=2 optimizer_steps=36829 raw_loss=1.717901 weighted_loss=0.966351 lr=0.0001 windows=11813/106562
progress epoch=2 optimizer_steps=36858 raw_loss=2.216866 weighted_loss=1.166237 lr=0.0001 windows=11889/106562
progress epoch=2 optimizer_steps=36877 raw_loss=2.033329 weighted_loss=0.922487 lr=0.0001 windows=11922/106562
progress epoch=2 optimizer_steps=36904 raw_loss=1.921997 weighted_loss=1.716515 lr=0.0001 windows=11983/106562
progress epoch=2 optimizer_steps=36931 raw_loss=2.096410 weighted_loss=1.155188 lr=0.0001 windows=12053/106562
progress epoch=2 optimizer_steps=36958 raw_loss=1.817095 weighted_loss=0.987436 lr=0.0001 windows=12100/106562
progress epoch=2 optimizer_steps=36975 raw_loss=2.056426 weighted_loss=1.180172 lr=0.0001 windows=12145/106562
progress epoch=2 optimizer_steps=37003 raw_loss=2.058777 weighted_loss=1.126106 lr=0.0001 windows=12210/106562
checkpoint optimizer_steps=37003 path=/home/yanzhou/cyh/cid-v17-retrain/runs/cid-v1-0.4b-v17-ncv4-needfix-74b9eed/stage-a/stage-a-latest.pt
progress epoch=2 optimizer_steps=37028 raw_loss=2.331072 weighted_loss=1.453737 lr=0.0001 windows=12260/106562
progress epoch=2 optimizer_steps=37052 raw_loss=1.863610 weighted_loss=0.802895 lr=0.0001 windows=12303/106562
progress epoch=2 optimizer_steps=37075 raw_loss=2.081939 weighted_loss=1.250247 lr=0.0001 windows=12356/106562
progress epoch=2 optimizer_steps=37103 raw_loss=2.106947 weighted_loss=1.087568 lr=0.0001 windows=12401/106562
progress epoch=2 optimizer_steps=37136 raw_loss=2.100890 weighted_loss=0.766755 lr=0.0001 windows=12454/106562
progress epoch=2 optimizer_steps=37156 raw_loss=2.227422 weighted_loss=0.730153 lr=0.0001 windows=12479/106562
progress epoch=2 optimizer_steps=37175 raw_loss=1.802713 weighted_loss=1.001149 lr=0.0001 windows=12525/106562
progress epoch=2 optimizer_steps=37215 raw_loss=2.077146 weighted_loss=0.664087 lr=0.0001 windows=12574/106562
progress epoch=2 optimizer_steps=37227 raw_loss=1.975631 weighted_loss=2.877266 lr=0.0001 windows=12601/106562
progress epoch=2 optimizer_steps=37252 raw_loss=2.053406 weighted_loss=0.759448 lr=0.0001 windows=12634/106562
progress epoch=2 optimizer_steps=37279 raw_loss=1.821130 weighted_loss=0.856081 lr=0.0001 windows=12680/106562
progress epoch=2 optimizer_steps=37307 raw_loss=1.965964 weighted_loss=1.052203 lr=0.0001 windows=12733/106562
progress epoch=2 optimizer_steps=37331 raw_loss=1.726078 weighted_loss=1.105518 lr=0.0001 windows=12785/106562
progress epoch=2 optimizer_steps=37354 raw_loss=1.914245 weighted_loss=1.111496 lr=0.0001 windows=12834/106562
progress epoch=2 optimizer_steps=37394 raw_loss=2.018064 weighted_loss=1.114040 lr=0.0001 windows=12892/106562
progress epoch=2 optimizer_steps=37400 raw_loss=2.066161 weighted_loss=0.650145 lr=0.0001 windows=12902/106562
progress epoch=2 optimizer_steps=37426 raw_loss=1.883515 weighted_loss=1.985542 lr=0.0001 windows=12982/106562
progress epoch=2 optimizer_steps=37452 raw_loss=2.215312 weighted_loss=0.858980 lr=0.0001 windows=13024/106562
progress epoch=2 optimizer_steps=37482 raw_loss=2.126715 weighted_loss=1.437474 lr=0.0001 windows=13106/106562
progress epoch=2 optimizer_steps=37504 raw_loss=1.829768 weighted_loss=1.776248 lr=0.0001 windows=13165/106562
progress epoch=2 optimizer_steps=37528 raw_loss=1.859425 weighted_loss=1.904535 lr=0.0001 windows=13220/106562
progress epoch=2 optimizer_steps=37552 raw_loss=1.989146 weighted_loss=1.665086 lr=0.0001 windows=13284/106562
progress epoch=2 optimizer_steps=37582 raw_loss=2.110231 weighted_loss=0.890239 lr=0.0001 windows=13341/106562
progress epoch=2 optimizer_steps=37602 raw_loss=1.643518 weighted_loss=1.082724 lr=0.0001 windows=13386/106562
progress epoch=2 optimizer_steps=37636 raw_loss=2.045033 weighted_loss=1.080563 lr=0.0001 windows=13456/106562
progress epoch=2 optimizer_steps=37661 raw_loss=2.093274 weighted_loss=0.951630 lr=0.0001 windows=13512/106562
progress epoch=2 optimizer_steps=37683 raw_loss=1.929623 weighted_loss=1.575915 lr=0.0001 windows=13564/106562
progress epoch=2 optimizer_steps=37702 raw_loss=1.702390 weighted_loss=0.938185 lr=0.0001 windows=13612/106562
progress epoch=2 optimizer_steps=37729 raw_loss=2.039970 weighted_loss=1.400637 lr=0.0001 windows=13720/106562
progress epoch=2 optimizer_steps=37751 raw_loss=2.287652 weighted_loss=2.920868 lr=0.0001 windows=13807/106562
progress epoch=2 optimizer_steps=37778 raw_loss=2.158303 weighted_loss=2.354314 lr=0.0001 windows=13883/106562
progress epoch=2 optimizer_steps=37802 raw_loss=2.006974 weighted_loss=0.927809 lr=0.0001 windows=13930/106562
progress epoch=2 optimizer_steps=37829 raw_loss=1.805697 weighted_loss=1.451868 lr=0.0001 windows=14003/106562
progress epoch=2 optimizer_steps=37851 raw_loss=2.081535 weighted_loss=1.351161 lr=0.0001 windows=14057/106562
progress epoch=2 optimizer_steps=37878 raw_loss=1.847780 weighted_loss=1.001693 lr=0.0001 windows=14111/106562
progress epoch=2 optimizer_steps=37903 raw_loss=2.146146 weighted_loss=0.939843 lr=0.0001 windows=14150/106562
progress epoch=2 optimizer_steps=37929 raw_loss=1.911554 weighted_loss=1.413050 lr=0.0001 windows=14213/106562
progress epoch=2 optimizer_steps=37955 raw_loss=1.729321 weighted_loss=0.745282 lr=0.0001 windows=14257/106562
progress epoch=2 optimizer_steps=37975 raw_loss=2.080992 weighted_loss=1.136612 lr=0.0001 windows=14299/106562
progress epoch=2 optimizer_steps=38018 raw_loss=1.946318 weighted_loss=0.644565 lr=0.0001 windows=14352/106562
checkpoint optimizer_steps=38018 path=/home/yanzhou/cyh/cid-v17-retrain/runs/cid-v1-0.4b-v17-ncv4-needfix-74b9eed/stage-a/stage-a-latest.pt
progress epoch=2 optimizer_steps=38030 raw_loss=2.030649 weighted_loss=1.040704 lr=0.0001 windows=14388/106562
progress epoch=2 optimizer_steps=38050 raw_loss=1.807891 weighted_loss=1.135138 lr=0.0001 windows=14433/106562
progress epoch=2 optimizer_steps=38075 raw_loss=2.056224 weighted_loss=1.310225 lr=0.0001 windows=14537/106562
progress epoch=2 optimizer_steps=38100 raw_loss=1.903704 weighted_loss=1.192273 lr=0.0001 windows=14592/106562
progress epoch=2 optimizer_steps=38125 raw_loss=2.128155 weighted_loss=2.004747 lr=0.0001 windows=14664/106562
progress epoch=2 optimizer_steps=38151 raw_loss=1.813454 weighted_loss=0.799502 lr=0.0001 windows=14714/106562
progress epoch=2 optimizer_steps=38175 raw_loss=1.982340 weighted_loss=1.183465 lr=0.0001 windows=14769/106562
progress epoch=2 optimizer_steps=38206 raw_loss=2.328550 weighted_loss=3.661355 lr=0.0001 windows=14868/106562
progress epoch=2 optimizer_steps=38225 raw_loss=1.885482 weighted_loss=1.161775 lr=0.0001 windows=14905/106562
progress epoch=2 optimizer_steps=38250 raw_loss=2.072269 weighted_loss=1.029518 lr=0.0001 windows=14969/106562
progress epoch=2 optimizer_steps=38277 raw_loss=2.209304 weighted_loss=1.416734 lr=0.0001 windows=15039/106562
progress epoch=2 optimizer_steps=38300 raw_loss=2.109840 weighted_loss=0.900908 lr=0.0001 windows=15084/106562
progress epoch=2 optimizer_steps=38330 raw_loss=2.005641 weighted_loss=1.041425 lr=0.0001 windows=15133/106562
progress epoch=2 optimizer_steps=38352 raw_loss=1.624293 weighted_loss=1.086856 lr=0.0001 windows=15184/106562
progress epoch=2 optimizer_steps=38376 raw_loss=1.861078 weighted_loss=1.897261 lr=0.0001 windows=15262/106562
progress epoch=2 optimizer_steps=38402 raw_loss=1.888997 weighted_loss=2.323298 lr=0.0001 windows=15349/106562
progress epoch=2 optimizer_steps=38426 raw_loss=1.716842 weighted_loss=0.968932 lr=0.0001 windows=15390/106562
progress epoch=2 optimizer_steps=38451 raw_loss=1.861617 weighted_loss=1.235211 lr=0.0001 windows=15445/106562
progress epoch=2 optimizer_steps=38476 raw_loss=1.858043 weighted_loss=0.897497 lr=0.0001 windows=15518/106562
progress epoch=2 optimizer_steps=38501 raw_loss=2.066011 weighted_loss=2.208540 lr=0.0001 windows=15579/106562
progress epoch=2 optimizer_steps=38528 raw_loss=2.121410 weighted_loss=1.750257 lr=0.0001 windows=15647/106562
progress epoch=2 optimizer_steps=38551 raw_loss=1.977419 weighted_loss=0.758289 lr=0.0001 windows=15676/106562
progress epoch=2 optimizer_steps=38583 raw_loss=1.957749 weighted_loss=1.227168 lr=0.0001 windows=15737/106562
progress epoch=2 optimizer_steps=38603 raw_loss=1.927347 weighted_loss=1.096161 lr=0.0001 windows=15792/106562
progress epoch=2 optimizer_steps=38631 raw_loss=2.079757 weighted_loss=1.046929 lr=0.0001 windows=15841/106562
progress epoch=2 optimizer_steps=38653 raw_loss=2.132805 weighted_loss=0.816053 lr=0.0001 windows=15869/106562
progress epoch=2 optimizer_steps=38677 raw_loss=2.088417 weighted_loss=0.658519 lr=0.0001 windows=15908/106562
progress epoch=2 optimizer_steps=38700 raw_loss=1.899440 weighted_loss=1.005825 lr=0.0001 windows=15957/106562
progress epoch=2 optimizer_steps=38739 raw_loss=2.110390 weighted_loss=0.841932 lr=0.0001 windows=16033/106562
progress epoch=2 optimizer_steps=38751 raw_loss=2.481020 weighted_loss=1.444035 lr=0.0001 windows=16081/106562
progress epoch=2 optimizer_steps=38775 raw_loss=1.963416 weighted_loss=1.381153 lr=0.0001 windows=16144/106562
progress epoch=2 optimizer_steps=38803 raw_loss=1.805536 weighted_loss=0.891229 lr=0.0001 windows=16194/106562
progress epoch=2 optimizer_steps=38826 raw_loss=1.769910 weighted_loss=1.582385 lr=0.0001 windows=16245/106562
progress epoch=2 optimizer_steps=38861 raw_loss=2.045656 weighted_loss=1.226092 lr=0.0001 windows=16311/106562
progress epoch=2 optimizer_steps=38891 raw_loss=1.988382 weighted_loss=1.117828 lr=0.0001 windows=16366/106562
progress epoch=2 optimizer_steps=38903 raw_loss=1.717389 weighted_loss=2.046606 lr=0.0001 windows=16419/106562
progress epoch=2 optimizer_steps=38928 raw_loss=1.760615 weighted_loss=1.100948 lr=0.0001 windows=16469/106562
progress epoch=2 optimizer_steps=38960 raw_loss=1.931485 weighted_loss=1.180589 lr=0.0001 windows=16533/106562
progress epoch=2 optimizer_steps=38978 raw_loss=1.878748 weighted_loss=1.046427 lr=0.0001 windows=16578/106562
progress epoch=2 optimizer_steps=39001 raw_loss=2.152902 weighted_loss=0.814481 lr=0.0001 windows=16616/106562
checkpoint optimizer_steps=39001 path=/home/yanzhou/cyh/cid-v17-retrain/runs/cid-v1-0.4b-v17-ncv4-needfix-74b9eed/stage-a/stage-a-latest.pt
progress epoch=2 optimizer_steps=39029 raw_loss=2.049328 weighted_loss=1.336694 lr=0.0001 windows=16691/106562
progress epoch=2 optimizer_steps=39052 raw_loss=1.757216 weighted_loss=1.139809 lr=0.0001 windows=16740/106562
progress epoch=2 optimizer_steps=39076 raw_loss=1.804258 weighted_loss=1.831410 lr=0.0001 windows=16792/106562
progress epoch=2 optimizer_steps=39106 raw_loss=1.679950 weighted_loss=1.184346 lr=0.0001 windows=16850/106562
progress epoch=2 optimizer_steps=39127 raw_loss=2.408743 weighted_loss=1.296543 lr=0.0001 windows=16898/106562
progress epoch=2 optimizer_steps=39155 raw_loss=1.920504 weighted_loss=1.135728 lr=0.0001 windows=16994/106562
progress epoch=2 optimizer_steps=39178 raw_loss=2.125910 weighted_loss=1.675001 lr=0.0001 windows=17051/106562
progress epoch=2 optimizer_steps=39205 raw_loss=1.554812 weighted_loss=0.879931 lr=0.0001 windows=17105/106562
progress epoch=2 optimizer_steps=39226 raw_loss=2.093276 weighted_loss=1.770347 lr=0.0001 windows=17162/106562
progress epoch=2 optimizer_steps=39253 raw_loss=1.943388 weighted_loss=1.755413 lr=0.0001 windows=17246/106562
progress epoch=2 optimizer_steps=39276 raw_loss=2.205919 weighted_loss=3.081008 lr=0.0001 windows=17318/106562
progress epoch=2 optimizer_steps=39306 raw_loss=1.877642 weighted_loss=1.863265 lr=0.0001 windows=17403/106562
progress epoch=2 optimizer_steps=39336 raw_loss=2.370439 weighted_loss=1.653760 lr=0.0001 windows=17467/106562
progress epoch=2 optimizer_steps=39354 raw_loss=2.072409 weighted_loss=2.362025 lr=0.0001 windows=17513/106562
progress epoch=2 optimizer_steps=39389 raw_loss=1.948996 weighted_loss=0.951996 lr=0.0001 windows=17565/106562
progress epoch=2 optimizer_steps=39406 raw_loss=2.255674 weighted_loss=1.080902 lr=0.0001 windows=17612/106562
progress epoch=2 optimizer_steps=39430 raw_loss=2.788265 weighted_loss=2.287357 lr=0.0001 windows=17695/106562
progress epoch=2 optimizer_steps=39466 raw_loss=1.994697 weighted_loss=0.788948 lr=0.0001 windows=17745/106562
progress epoch=2 optimizer_steps=39475 raw_loss=1.976927 weighted_loss=2.260252 lr=0.0001 windows=17772/106562
progress epoch=2 optimizer_steps=39502 raw_loss=2.157837 weighted_loss=2.420720 lr=0.0001 windows=17856/106562
progress epoch=2 optimizer_steps=39525 raw_loss=1.851412 weighted_loss=0.643002 lr=0.0001 windows=17892/106562
progress epoch=2 optimizer_steps=39555 raw_loss=1.989718 weighted_loss=1.104321 lr=0.0001 windows=17969/106562
progress epoch=2 optimizer_steps=39583 raw_loss=1.814768 weighted_loss=1.400558 lr=0.0001 windows=18047/106562
progress epoch=2 optimizer_steps=39601 raw_loss=2.026789 weighted_loss=1.286293 lr=0.0001 windows=18089/106562
progress epoch=2 optimizer_steps=39630 raw_loss=1.963795 weighted_loss=1.323073 lr=0.0001 windows=18152/106562
progress epoch=2 optimizer_steps=39660 raw_loss=2.152488 weighted_loss=0.813200 lr=0.0001 windows=18207/106562
progress epoch=2 optimizer_steps=39676 raw_loss=2.594033 weighted_loss=1.507760 lr=0.0001 windows=18266/106562
progress epoch=2 optimizer_steps=39705 raw_loss=1.989884 weighted_loss=1.033658 lr=0.0001 windows=18317/106562
progress epoch=2 optimizer_steps=39734 raw_loss=2.420344 weighted_loss=1.974133 lr=0.0001 windows=18393/106562
progress epoch=2 optimizer_steps=39750 raw_loss=2.222937 weighted_loss=1.939491 lr=0.0001 windows=18447/106562
progress epoch=2 optimizer_steps=39787 raw_loss=1.991343 weighted_loss=1.207008 lr=0.0001 windows=18517/106562
progress epoch=2 optimizer_steps=39802 raw_loss=2.427744 weighted_loss=1.109095 lr=0.0001 windows=18565/106562
progress epoch=2 optimizer_steps=39827 raw_loss=1.999557 weighted_loss=1.354608 lr=0.0001 windows=18612/106562
progress epoch=2 optimizer_steps=39850 raw_loss=2.017888 weighted_loss=1.398786 lr=0.0001 windows=18678/106562
progress epoch=2 optimizer_steps=39876 raw_loss=2.054518 weighted_loss=1.359374 lr=0.0001 windows=18722/106562
progress epoch=2 optimizer_steps=39921 raw_loss=2.082081 weighted_loss=2.924043 lr=0.0001 windows=18801/106562
progress epoch=2 optimizer_steps=39927 raw_loss=2.182988 weighted_loss=4.300593 lr=0.0001 windows=18825/106562
progress epoch=2 optimizer_steps=39959 raw_loss=1.760940 weighted_loss=0.805178 lr=0.0001 windows=18876/106562
progress epoch=2 optimizer_steps=39979 raw_loss=2.141382 weighted_loss=1.310792 lr=0.0001 windows=18924/106562
progress epoch=2 optimizer_steps=40006 raw_loss=2.045793 weighted_loss=0.692820 lr=0.0001 windows=18957/106562
checkpoint optimizer_steps=40006 path=/home/yanzhou/cyh/cid-v17-retrain/runs/cid-v1-0.4b-v17-ncv4-needfix-74b9eed/stage-a/stage-a-latest.pt
progress epoch=2 optimizer_steps=40039 raw_loss=2.090370 weighted_loss=0.814923 lr=0.0001 windows=19003/106562
progress epoch=2 optimizer_steps=40051 raw_loss=1.942065 weighted_loss=2.735201 lr=0.0001 windows=19040/106562
progress epoch=2 optimizer_steps=40075 raw_loss=1.944081 weighted_loss=2.012981 lr=0.0001 windows=19117/106562
progress epoch=2 optimizer_steps=40100 raw_loss=1.775107 weighted_loss=1.330925 lr=0.0001 windows=19183/106562
progress epoch=2 optimizer_steps=40126 raw_loss=2.428285 weighted_loss=1.006498 lr=0.0001 windows=19256/106562
progress epoch=2 optimizer_steps=40152 raw_loss=1.753234 weighted_loss=1.371970 lr=0.0001 windows=19315/106562
progress epoch=2 optimizer_steps=40175 raw_loss=1.958338 weighted_loss=1.226218 lr=0.0001 windows=19378/106562
progress epoch=2 optimizer_steps=40200 raw_loss=2.200416 weighted_loss=2.518305 lr=0.0001 windows=19441/106562
progress epoch=2 optimizer_steps=40227 raw_loss=2.189528 weighted_loss=1.514850 lr=0.0001 windows=19489/106562
progress epoch=2 optimizer_steps=40252 raw_loss=2.508208 weighted_loss=1.612745 lr=0.0001 windows=19568/106562
progress epoch=2 optimizer_steps=40282 raw_loss=2.221806 weighted_loss=1.277221 lr=0.0001 windows=19657/106562
progress epoch=2 optimizer_steps=40308 raw_loss=1.998197 weighted_loss=1.497733 lr=0.0001 windows=19709/106562
progress epoch=2 optimizer_steps=40326 raw_loss=1.762637 weighted_loss=1.982073 lr=0.0001 windows=19756/106562
progress epoch=2 optimizer_steps=40351 raw_loss=2.105216 weighted_loss=2.649074 lr=0.0001 windows=19826/106562
progress epoch=2 optimizer_steps=40377 raw_loss=2.040390 weighted_loss=2.662746 lr=0.0001 windows=19913/106562
progress epoch=2 optimizer_steps=40405 raw_loss=1.721301 weighted_loss=0.794450 lr=0.0001 windows=19973/106562
progress epoch=2 optimizer_steps=40433 raw_loss=1.939375 weighted_loss=0.966880 lr=0.0001 windows=20030/106562
progress epoch=2 optimizer_steps=40451 raw_loss=2.325360 weighted_loss=3.267403 lr=0.0001 windows=20087/106562
progress epoch=2 optimizer_steps=40485 raw_loss=1.827217 weighted_loss=0.818411 lr=0.0001 windows=20141/106562
progress epoch=2 optimizer_steps=40505 raw_loss=2.224444 weighted_loss=1.369506 lr=0.0001 windows=20211/106562
progress epoch=2 optimizer_steps=40527 raw_loss=2.309904 weighted_loss=1.394816 lr=0.0001 windows=20275/106562
progress epoch=2 optimizer_steps=40568 raw_loss=1.968952 weighted_loss=0.957920 lr=0.0001 windows=20366/106562
progress epoch=2 optimizer_steps=40578 raw_loss=2.793870 weighted_loss=5.977819 lr=0.0001 windows=20410/106562
progress epoch=2 optimizer_steps=40601 raw_loss=1.964113 weighted_loss=2.082696 lr=0.0001 windows=20465/106562
progress epoch=2 optimizer_steps=40626 raw_loss=2.013918 weighted_loss=1.450016 lr=0.0001 windows=20523/106562
progress epoch=2 optimizer_steps=40657 raw_loss=2.172932 weighted_loss=0.859802 lr=0.0001 windows=20569/106562
progress epoch=2 optimizer_steps=40694 raw_loss=1.989770 weighted_loss=1.253479 lr=0.0001 windows=20629/106562
progress epoch=2 optimizer_steps=40708 raw_loss=2.114565 weighted_loss=1.781257 lr=0.0001 windows=20682/106562
progress epoch=2 optimizer_steps=40726 raw_loss=1.963893 weighted_loss=0.785080 lr=0.0001 windows=20715/106562
progress epoch=2 optimizer_steps=40752 raw_loss=2.139369 weighted_loss=1.732522 lr=0.0001 windows=20788/106562
progress epoch=2 optimizer_steps=40781 raw_loss=1.889808 weighted_loss=1.129925 lr=0.0001 windows=20861/106562
progress epoch=2 optimizer_steps=40811 raw_loss=2.019064 weighted_loss=0.762622 lr=0.0001 windows=20905/106562
progress epoch=2 optimizer_steps=40825 raw_loss=2.052267 weighted_loss=2.242460 lr=0.0001 windows=20952/106562
progress epoch=2 optimizer_steps=40855 raw_loss=1.969465 weighted_loss=1.965321 lr=0.0001 windows=21037/106562
progress epoch=2 optimizer_steps=40877 raw_loss=2.016091 weighted_loss=1.576964 lr=0.0001 windows=21102/106562
progress epoch=2 optimizer_steps=40911 raw_loss=1.955818 weighted_loss=1.502805 lr=0.0001 windows=21174/106562
progress epoch=2 optimizer_steps=40939 raw_loss=2.030009 weighted_loss=0.746467 lr=0.0001 windows=21220/106562
progress epoch=2 optimizer_steps=40953 raw_loss=1.794896 weighted_loss=1.700218 lr=0.0001 windows=21271/106562
progress epoch=2 optimizer_steps=40977 raw_loss=1.804774 weighted_loss=1.491048 lr=0.0001 windows=21316/106562
progress epoch=2 optimizer_steps=41003 raw_loss=1.760775 weighted_loss=1.120254 lr=0.0001 windows=21374/106562
checkpoint optimizer_steps=41003 path=/home/yanzhou/cyh/cid-v17-retrain/runs/cid-v1-0.4b-v17-ncv4-needfix-74b9eed/stage-a/stage-a-latest.pt
progress epoch=2 optimizer_steps=41026 raw_loss=2.024182 weighted_loss=1.872747 lr=0.0001 windows=21435/106562
progress epoch=2 optimizer_steps=41053 raw_loss=2.171157 weighted_loss=2.137692 lr=0.0001 windows=21510/106562
progress epoch=2 optimizer_steps=41075 raw_loss=1.919374 weighted_loss=1.469199 lr=0.0001 windows=21574/106562
progress epoch=2 optimizer_steps=41103 raw_loss=1.712850 weighted_loss=1.152504 lr=0.0001 windows=21623/106562
progress epoch=2 optimizer_steps=41126 raw_loss=2.002391 weighted_loss=1.398270 lr=0.0001 windows=21698/106562
progress epoch=2 optimizer_steps=41151 raw_loss=1.974134 weighted_loss=0.857489 lr=0.0001 windows=21745/106562
progress epoch=2 optimizer_steps=41187 raw_loss=2.024809 weighted_loss=0.966794 lr=0.0001 windows=21803/106562
progress epoch=2 optimizer_steps=41203 raw_loss=2.062754 weighted_loss=0.982435 lr=0.0001 windows=21840/106562
progress epoch=2 optimizer_steps=41226 raw_loss=2.087281 weighted_loss=5.240829 lr=0.0001 windows=21922/106562
progress epoch=2 optimizer_steps=41272 raw_loss=1.809802 weighted_loss=0.787797 lr=0.0001 windows=22030/106562
progress epoch=2 optimizer_steps=41281 raw_loss=1.854597 weighted_loss=1.154262 lr=0.0001 windows=22055/106562
progress epoch=2 optimizer_steps=41300 raw_loss=1.901908 weighted_loss=1.829502 lr=0.0001 windows=22099/106562
progress epoch=2 optimizer_steps=41343 raw_loss=2.007464 weighted_loss=0.791777 lr=0.0001 windows=22154/106562
progress epoch=2 optimizer_steps=41352 raw_loss=1.987157 weighted_loss=1.733846 lr=0.0001 windows=22186/106562
progress epoch=2 optimizer_steps=41388 raw_loss=1.930187 weighted_loss=1.409349 lr=0.0001 windows=22265/106562
progress epoch=2 optimizer_steps=41406 raw_loss=1.735794 weighted_loss=1.251343 lr=0.0001 windows=22306/106562
progress epoch=2 optimizer_steps=41428 raw_loss=2.246461 weighted_loss=2.667418 lr=0.0001 windows=22363/106562
progress epoch=2 optimizer_steps=41452 raw_loss=1.920534 weighted_loss=0.854730 lr=0.0001 windows=22400/106562
progress epoch=2 optimizer_steps=41476 raw_loss=1.952616 weighted_loss=0.728342 lr=0.0001 windows=22451/106562
progress epoch=2 optimizer_steps=41500 raw_loss=2.380490 weighted_loss=1.017963 lr=0.0001 windows=22505/106562
progress epoch=2 optimizer_steps=41531 raw_loss=1.821712 weighted_loss=1.665679 lr=0.0001 windows=22602/106562
progress epoch=2 optimizer_steps=41555 raw_loss=1.686057 weighted_loss=1.681058 lr=0.0001 windows=22652/106562
progress epoch=2 optimizer_steps=41578 raw_loss=2.131068 weighted_loss=1.030539 lr=0.0001 windows=22727/106562
progress epoch=2 optimizer_steps=41602 raw_loss=2.132582 weighted_loss=2.212436 lr=0.0001 windows=22805/106562
progress epoch=2 optimizer_steps=41638 raw_loss=1.820228 weighted_loss=1.025612 lr=0.0001 windows=22884/106562
progress epoch=2 optimizer_steps=41653 raw_loss=1.546034 weighted_loss=0.852455 lr=0.0001 windows=22917/106562
progress epoch=2 optimizer_steps=41680 raw_loss=2.135471 weighted_loss=2.510189 lr=0.0001 windows=23018/106562
progress epoch=2 optimizer_steps=41700 raw_loss=2.388211 weighted_loss=1.938465 lr=0.0001 windows=23077/106562
progress epoch=2 optimizer_steps=41728 raw_loss=1.891296 weighted_loss=0.996876 lr=0.0001 windows=23148/106562
progress epoch=2 optimizer_steps=41755 raw_loss=1.950649 weighted_loss=0.920081 lr=0.0001 windows=23210/106562
progress epoch=2 optimizer_steps=41785 raw_loss=1.809850 weighted_loss=0.676605 lr=0.0001 windows=23244/106562
progress epoch=2 optimizer_steps=41814 raw_loss=1.771472 weighted_loss=0.881975 lr=0.0001 windows=23292/106562
progress epoch=2 optimizer_steps=41840 raw_loss=2.103301 weighted_loss=0.795943 lr=0.0001 windows=23343/106562
progress epoch=2 optimizer_steps=41852 raw_loss=2.096839 weighted_loss=1.323999 lr=0.0001 windows=23367/106562
progress epoch=2 optimizer_steps=41875 raw_loss=2.218262 weighted_loss=1.881525 lr=0.0001 windows=23446/106562
progress epoch=2 optimizer_steps=41901 raw_loss=2.082366 weighted_loss=1.506458 lr=0.0001 windows=23508/106562
progress epoch=2 optimizer_steps=41927 raw_loss=2.018727 weighted_loss=0.877455 lr=0.0001 windows=23550/106562
progress epoch=2 optimizer_steps=41958 raw_loss=2.187810 weighted_loss=1.813880 lr=0.0001 windows=23620/106562
progress epoch=2 optimizer_steps=41977 raw_loss=1.864467 weighted_loss=2.387385 lr=0.0001 windows=23674/106562
progress epoch=2 optimizer_steps=42009 raw_loss=2.081187 weighted_loss=1.238339 lr=0.0001 windows=23722/106562
checkpoint optimizer_steps=42009 path=/home/yanzhou/cyh/cid-v17-retrain/runs/cid-v1-0.4b-v17-ncv4-needfix-74b9eed/stage-a/stage-a-latest.pt
progress epoch=2 optimizer_steps=42025 raw_loss=1.693034 weighted_loss=1.642139 lr=0.0001 windows=23768/106562
progress epoch=2 optimizer_steps=42052 raw_loss=2.821309 weighted_loss=10.786532 lr=0.0001 windows=23866/106562
progress epoch=2 optimizer_steps=42087 raw_loss=2.122910 weighted_loss=0.947628 lr=0.0001 windows=23931/106562
progress epoch=2 optimizer_steps=42100 raw_loss=2.021813 weighted_loss=2.369698 lr=0.0001 windows=23971/106562
progress epoch=2 optimizer_steps=42142 raw_loss=2.068734 weighted_loss=0.961372 lr=0.0001 windows=24043/106562
progress epoch=2 optimizer_steps=42152 raw_loss=2.842797 weighted_loss=3.430286 lr=0.0001 windows=24091/106562
progress epoch=2 optimizer_steps=42176 raw_loss=2.079530 weighted_loss=1.219752 lr=0.0001 windows=24162/106562
progress epoch=2 optimizer_steps=42208 raw_loss=2.030564 weighted_loss=1.294343 lr=0.0001 windows=24239/106562
progress epoch=2 optimizer_steps=42234 raw_loss=2.132667 weighted_loss=0.894081 lr=0.0001 windows=24316/106562
progress epoch=2 optimizer_steps=42267 raw_loss=1.926991 weighted_loss=0.927119 lr=0.0001 windows=24368/106562
progress epoch=2 optimizer_steps=42276 raw_loss=2.641389 weighted_loss=4.205290 lr=0.0001 windows=24433/106562
progress epoch=2 optimizer_steps=42300 raw_loss=1.750526 weighted_loss=0.941530 lr=0.0001 windows=24474/106562
progress epoch=2 optimizer_steps=42327 raw_loss=2.172351 weighted_loss=2.311367 lr=0.0001 windows=24575/106562
progress epoch=2 optimizer_steps=42356 raw_loss=1.711544 weighted_loss=0.854038 lr=0.0001 windows=24629/106562
progress epoch=2 optimizer_steps=42379 raw_loss=1.925987 weighted_loss=0.937032 lr=0.0001 windows=24682/106562
progress epoch=2 optimizer_steps=42407 raw_loss=2.148001 weighted_loss=0.975050 lr=0.0001 windows=24731/106562
progress epoch=2 optimizer_steps=42431 raw_loss=1.978206 weighted_loss=1.880324 lr=0.0001 windows=24783/106562
progress epoch=2 optimizer_steps=42450 raw_loss=2.480322 weighted_loss=3.232537 lr=0.0001 windows=24860/106562
progress epoch=2 optimizer_steps=42495 raw_loss=1.816347 weighted_loss=0.919080 lr=0.0001 windows=24937/106562
progress epoch=2 optimizer_steps=42504 raw_loss=2.334151 weighted_loss=3.065595 lr=0.0001 windows=24961/106562
progress epoch=2 optimizer_steps=42530 raw_loss=2.023064 weighted_loss=0.930767 lr=0.0001 windows=25015/106562
progress epoch=2 optimizer_steps=42551 raw_loss=1.783826 weighted_loss=0.918800 lr=0.0001 windows=25062/106562
progress epoch=2 optimizer_steps=42575 raw_loss=2.125984 weighted_loss=0.912494 lr=0.0001 windows=25113/106562
progress epoch=2 optimizer_steps=42606 raw_loss=2.051204 weighted_loss=1.164686 lr=0.0001 windows=25218/106562
progress epoch=2 optimizer_steps=42625 raw_loss=2.275692 weighted_loss=1.649656 lr=0.0001 windows=25267/106562
progress epoch=2 optimizer_steps=42650 raw_loss=2.102704 weighted_loss=1.018631 lr=0.0001 windows=25337/106562
progress epoch=2 optimizer_steps=42678 raw_loss=1.971906 weighted_loss=0.971703 lr=0.0001 windows=25401/106562
progress epoch=2 optimizer_steps=42702 raw_loss=2.112298 weighted_loss=1.070395 lr=0.0001 windows=25470/106562
progress epoch=2 optimizer_steps=42726 raw_loss=2.157950 weighted_loss=2.282600 lr=0.0001 windows=25553/106562
progress epoch=2 optimizer_steps=42758 raw_loss=2.045932 weighted_loss=1.232246 lr=0.0001 windows=25626/106562
progress epoch=2 optimizer_steps=42783 raw_loss=1.610107 weighted_loss=1.299119 lr=0.0001 windows=25678/106562
progress epoch=2 optimizer_steps=42804 raw_loss=2.004173 weighted_loss=0.642003 lr=0.0001 windows=25702/106562
progress epoch=2 optimizer_steps=42828 raw_loss=2.249571 weighted_loss=3.120376 lr=0.0001 windows=25825/106562
progress epoch=2 optimizer_steps=42856 raw_loss=2.201540 weighted_loss=2.266069 lr=0.0001 windows=25914/106562
progress epoch=2 optimizer_steps=42875 raw_loss=2.094714 weighted_loss=3.005795 lr=0.0001 windows=25984/106562
progress epoch=2 optimizer_steps=42907 raw_loss=1.893161 weighted_loss=1.311462 lr=0.0001 windows=26049/106562
progress epoch=2 optimizer_steps=42930 raw_loss=2.261689 weighted_loss=2.262879 lr=0.0001 windows=26125/106562
progress epoch=2 optimizer_steps=42961 raw_loss=2.007804 weighted_loss=0.946645 lr=0.0001 windows=26183/106562
progress epoch=2 optimizer_steps=42980 raw_loss=2.196643 weighted_loss=0.894224 lr=0.0001 windows=26218/106562
progress epoch=2 optimizer_steps=43004 raw_loss=1.970493 weighted_loss=0.626436 lr=0.0001 windows=26244/106562
checkpoint optimizer_steps=43004 path=/home/yanzhou/cyh/cid-v17-retrain/runs/cid-v1-0.4b-v17-ncv4-needfix-74b9eed/stage-a/stage-a-latest.pt
progress epoch=2 optimizer_steps=43029 raw_loss=1.722378 weighted_loss=1.023498 lr=0.0001 windows=26321/106562
progress epoch=2 optimizer_steps=43052 raw_loss=2.042632 weighted_loss=1.148459 lr=0.0001 windows=26372/106562
progress epoch=2 optimizer_steps=43079 raw_loss=2.050477 weighted_loss=1.631522 lr=0.0001 windows=26420/106562
progress epoch=2 optimizer_steps=43107 raw_loss=2.125096 weighted_loss=2.165859 lr=0.0001 windows=26498/106562
progress epoch=2 optimizer_steps=43132 raw_loss=2.190764 weighted_loss=1.843214 lr=0.0001 windows=26569/106562
progress epoch=2 optimizer_steps=43152 raw_loss=2.211224 weighted_loss=1.805156 lr=0.0001 windows=26649/106562
progress epoch=2 optimizer_steps=43177 raw_loss=1.850814 weighted_loss=1.069228 lr=0.0001 windows=26704/106562
progress epoch=2 optimizer_steps=43201 raw_loss=2.212032 weighted_loss=1.218824 lr=0.0001 windows=26764/106562
progress epoch=2 optimizer_steps=43229 raw_loss=2.038284 weighted_loss=1.221151 lr=0.0001 windows=26842/106562
progress epoch=2 optimizer_steps=43256 raw_loss=1.820076 weighted_loss=0.725020 lr=0.0001 windows=26890/106562
progress epoch=2 optimizer_steps=43276 raw_loss=2.026179 weighted_loss=1.414334 lr=0.0001 windows=26961/106562
progress epoch=2 optimizer_steps=43305 raw_loss=1.950742 weighted_loss=1.990662 lr=0.0001 windows=27053/106562
progress epoch=2 optimizer_steps=43328 raw_loss=1.615756 weighted_loss=0.959267 lr=0.0001 windows=27096/106562
progress epoch=2 optimizer_steps=43354 raw_loss=2.246973 weighted_loss=3.529539 lr=0.0001 windows=27146/106562
progress epoch=2 optimizer_steps=43379 raw_loss=2.118017 weighted_loss=1.207763 lr=0.0001 windows=27210/106562
progress epoch=2 optimizer_steps=43402 raw_loss=1.998468 weighted_loss=1.214661 lr=0.0001 windows=27268/106562
progress epoch=2 optimizer_steps=43428 raw_loss=2.316555 weighted_loss=1.742811 lr=0.0001 windows=27353/106562
progress epoch=2 optimizer_steps=43455 raw_loss=1.845495 weighted_loss=1.204195 lr=0.0001 windows=27412/106562
progress epoch=2 optimizer_steps=43479 raw_loss=2.077694 weighted_loss=2.914083 lr=0.0001 windows=27484/106562
progress epoch=2 optimizer_steps=43507 raw_loss=2.070088 weighted_loss=1.436822 lr=0.0001 windows=27574/106562
progress epoch=2 optimizer_steps=43526 raw_loss=2.134225 weighted_loss=2.311022 lr=0.0001 windows=27651/106562
progress epoch=2 optimizer_steps=43555 raw_loss=2.210195 weighted_loss=1.525740 lr=0.0001 windows=27729/106562
progress epoch=2 optimizer_steps=43580 raw_loss=2.335777 weighted_loss=1.795160 lr=0.0001 windows=27820/106562
progress epoch=2 optimizer_steps=43605 raw_loss=2.049236 weighted_loss=0.816839 lr=0.0001 windows=27875/106562
progress epoch=2 optimizer_steps=43638 raw_loss=1.949909 weighted_loss=0.956866 lr=0.0001 windows=27932/106562
progress epoch=2 optimizer_steps=43655 raw_loss=2.221157 weighted_loss=1.516421 lr=0.0001 windows=27973/106562
progress epoch=2 optimizer_steps=43675 raw_loss=1.897728 weighted_loss=0.727479 lr=0.0001 windows=28011/106562
progress epoch=2 optimizer_steps=43711 raw_loss=1.883947 weighted_loss=0.809860 lr=0.0001 windows=28065/106562
progress epoch=2 optimizer_steps=43728 raw_loss=1.886160 weighted_loss=0.923545 lr=0.0001 windows=28097/106562
progress epoch=2 optimizer_steps=43763 raw_loss=1.997501 weighted_loss=1.092453 lr=0.0001 windows=28174/106562
progress epoch=2 optimizer_steps=43779 raw_loss=2.034549 weighted_loss=1.524363 lr=0.0001 windows=28222/106562
progress epoch=2 optimizer_steps=43800 raw_loss=1.846503 weighted_loss=1.765623 lr=0.0001 windows=28301/106562
progress epoch=2 optimizer_steps=43831 raw_loss=1.752967 weighted_loss=1.044895 lr=0.0001 windows=28383/106562
progress epoch=2 optimizer_steps=43860 raw_loss=2.056791 weighted_loss=1.405532 lr=0.0001 windows=28455/106562
progress epoch=2 optimizer_steps=43878 raw_loss=1.954819 weighted_loss=1.946814 lr=0.0001 windows=28504/106562
progress epoch=2 optimizer_steps=43902 raw_loss=2.273287 weighted_loss=2.726606 lr=0.0001 windows=28613/106562
progress epoch=2 optimizer_steps=43926 raw_loss=2.329144 weighted_loss=2.020632 lr=0.0001 windows=28705/106562
progress epoch=2 optimizer_steps=43953 raw_loss=2.130091 weighted_loss=1.829607 lr=0.0001 windows=28770/106562
progress epoch=2 optimizer_steps=43977 raw_loss=2.195936 weighted_loss=1.121255 lr=0.0001 windows=28818/106562
progress epoch=2 optimizer_steps=44002 raw_loss=1.869460 weighted_loss=2.518087 lr=0.0001 windows=28901/106562
checkpoint optimizer_steps=44002 path=/home/yanzhou/cyh/cid-v17-retrain/runs/cid-v1-0.4b-v17-ncv4-needfix-74b9eed/stage-a/stage-a-latest.pt
progress epoch=2 optimizer_steps=44032 raw_loss=1.709993 weighted_loss=1.028450 lr=0.0001 windows=28973/106562
progress epoch=2 optimizer_steps=44050 raw_loss=2.071361 weighted_loss=1.287009 lr=0.0001 windows=29037/106562
progress epoch=2 optimizer_steps=44088 raw_loss=1.950344 weighted_loss=0.923953 lr=0.0001 windows=29096/106562
progress epoch=2 optimizer_steps=44106 raw_loss=2.065453 weighted_loss=1.126539 lr=0.0001 windows=29142/106562
progress epoch=2 optimizer_steps=44133 raw_loss=1.927443 weighted_loss=1.447684 lr=0.0001 windows=29210/106562
progress epoch=2 optimizer_steps=44156 raw_loss=1.935678 weighted_loss=0.540905 lr=0.0001 windows=29234/106562
progress epoch=2 optimizer_steps=44175 raw_loss=1.970563 weighted_loss=1.868687 lr=0.0001 windows=29277/106562
progress epoch=2 optimizer_steps=44205 raw_loss=1.948184 weighted_loss=1.228834 lr=0.0001 windows=29365/106562
progress epoch=2 optimizer_steps=44227 raw_loss=2.017771 weighted_loss=2.503897 lr=0.0001 windows=29445/106562
progress epoch=2 optimizer_steps=44254 raw_loss=2.236410 weighted_loss=1.414037 lr=0.0001 windows=29522/106562
progress epoch=2 optimizer_steps=44279 raw_loss=2.046193 weighted_loss=1.863878 lr=0.0001 windows=29611/106562
progress epoch=2 optimizer_steps=44302 raw_loss=1.897021 weighted_loss=1.470774 lr=0.0001 windows=29669/106562
progress epoch=2 optimizer_steps=44326 raw_loss=1.906915 weighted_loss=1.301197 lr=0.0001 windows=29767/106562
progress epoch=2 optimizer_steps=44351 raw_loss=2.306345 weighted_loss=3.616509 lr=0.0001 windows=29863/106562
progress epoch=2 optimizer_steps=44387 raw_loss=2.114796 weighted_loss=1.053885 lr=0.0001 windows=29949/106562
progress epoch=2 optimizer_steps=44400 raw_loss=2.362085 weighted_loss=1.376208 lr=0.0001 windows=29991/106562
progress epoch=2 optimizer_steps=44425 raw_loss=2.273891 weighted_loss=2.550502 lr=0.0001 windows=30079/106562
progress epoch=2 optimizer_steps=44457 raw_loss=2.066372 weighted_loss=1.982978 lr=0.0001 windows=30193/106562
progress epoch=2 optimizer_steps=44477 raw_loss=2.429574 weighted_loss=2.319194 lr=0.0001 windows=30265/106562
progress epoch=2 optimizer_steps=44503 raw_loss=2.047184 weighted_loss=1.678047 lr=0.0001 windows=30330/106562
progress epoch=2 optimizer_steps=44525 raw_loss=2.035679 weighted_loss=2.971000 lr=0.0001 windows=30391/106562
progress epoch=2 optimizer_steps=44552 raw_loss=2.218436 weighted_loss=1.565558 lr=0.0001 windows=30488/106562
progress epoch=2 optimizer_steps=44581 raw_loss=2.162661 weighted_loss=1.319263 lr=0.0001 windows=30560/106562
progress epoch=2 optimizer_steps=44602 raw_loss=2.021434 weighted_loss=3.031859 lr=0.0001 windows=30629/106562
progress epoch=2 optimizer_steps=44626 raw_loss=1.879701 weighted_loss=0.931831 lr=0.0001 windows=30686/106562
progress epoch=2 optimizer_steps=44653 raw_loss=2.525975 weighted_loss=3.936544 lr=0.0001 windows=30814/106562
progress epoch=2 optimizer_steps=44682 raw_loss=1.925182 weighted_loss=1.221755 lr=0.0001 windows=30887/106562
progress epoch=2 optimizer_steps=44706 raw_loss=1.970971 weighted_loss=2.387445 lr=0.0001 windows=30959/106562
progress epoch=2 optimizer_steps=44744 raw_loss=1.975358 weighted_loss=0.739329 lr=0.0001 windows=31015/106562
progress epoch=2 optimizer_steps=44760 raw_loss=1.767206 weighted_loss=0.982117 lr=0.0001 windows=31045/106562
progress epoch=2 optimizer_steps=44777 raw_loss=1.881699 weighted_loss=1.928450 lr=0.0001 windows=31095/106562
progress epoch=2 optimizer_steps=44808 raw_loss=1.757049 weighted_loss=1.281929 lr=0.0001 windows=31168/106562
progress epoch=2 optimizer_steps=44825 raw_loss=1.769887 weighted_loss=0.863805 lr=0.0001 windows=31202/106562
progress epoch=2 optimizer_steps=44858 raw_loss=1.824365 weighted_loss=1.070142 lr=0.0001 windows=31274/106562
progress epoch=2 optimizer_steps=44881 raw_loss=2.106003 weighted_loss=2.139155 lr=0.0001 windows=31332/106562
progress epoch=2 optimizer_steps=44905 raw_loss=2.215439 weighted_loss=2.144730 lr=0.0001 windows=31405/106562
progress epoch=2 optimizer_steps=44929 raw_loss=2.189193 weighted_loss=0.867265 lr=0.0001 windows=31453/106562
progress epoch=2 optimizer_steps=44951 raw_loss=2.347867 weighted_loss=2.850056 lr=0.0001 windows=31529/106562
progress epoch=2 optimizer_steps=44975 raw_loss=2.018743 weighted_loss=1.388781 lr=0.0001 windows=31611/106562
progress epoch=2 optimizer_steps=45000 raw_loss=2.134256 weighted_loss=3.404300 lr=0.0001 windows=31712/106562
checkpoint optimizer_steps=45000 path=/home/yanzhou/cyh/cid-v17-retrain/runs/cid-v1-0.4b-v17-ncv4-needfix-74b9eed/stage-a/stage-a-latest.pt
progress epoch=2 optimizer_steps=45026 raw_loss=2.123008 weighted_loss=2.281055 lr=0.0001 windows=31792/106562
progress epoch=2 optimizer_steps=45052 raw_loss=2.056752 weighted_loss=2.158105 lr=0.0001 windows=31878/106562
progress epoch=2 optimizer_steps=45078 raw_loss=2.052691 weighted_loss=2.152709 lr=0.0001 windows=31960/106562
progress epoch=2 optimizer_steps=45107 raw_loss=2.238797 weighted_loss=2.503412 lr=0.0001 windows=32074/106562
progress epoch=2 optimizer_steps=45125 raw_loss=1.381404 weighted_loss=1.432192 lr=0.0001 windows=32122/106562
progress epoch=2 optimizer_steps=45157 raw_loss=2.497410 weighted_loss=10.121634 lr=0.0001 windows=32207/106562
progress epoch=2 optimizer_steps=45175 raw_loss=2.142712 weighted_loss=1.284595 lr=0.0001 windows=32281/106562
progress epoch=2 optimizer_steps=45205 raw_loss=2.026262 weighted_loss=1.071987 lr=0.0001 windows=32353/106562
progress epoch=2 optimizer_steps=45228 raw_loss=1.721780 weighted_loss=0.838351 lr=0.0001 windows=32399/106562
progress epoch=2 optimizer_steps=45253 raw_loss=1.947466 weighted_loss=1.320329 lr=0.0001 windows=32445/106562
progress epoch=2 optimizer_steps=45275 raw_loss=2.107397 weighted_loss=3.144460 lr=0.0001 windows=32518/106562
progress epoch=2 optimizer_steps=45300 raw_loss=2.256759 weighted_loss=1.866855 lr=0.0001 windows=32621/106562
progress epoch=2 optimizer_steps=45326 raw_loss=2.331421 weighted_loss=3.193613 lr=0.0001 windows=32718/106562
progress epoch=2 optimizer_steps=45351 raw_loss=1.898151 weighted_loss=2.058419 lr=0.0001 windows=32792/106562
progress epoch=2 optimizer_steps=45379 raw_loss=1.896482 weighted_loss=0.950317 lr=0.0001 windows=32852/106562
progress epoch=2 optimizer_steps=45402 raw_loss=1.918343 weighted_loss=1.952403 lr=0.0001 windows=32931/106562
progress epoch=2 optimizer_steps=45431 raw_loss=2.174131 weighted_loss=2.060006 lr=0.0001 windows=33029/106562
progress epoch=2 optimizer_steps=45456 raw_loss=2.044672 weighted_loss=1.699633 lr=0.0001 windows=33098/106562
progress epoch=2 optimizer_steps=45488 raw_loss=2.339368 weighted_loss=1.814666 lr=0.0001 windows=33196/106562
progress epoch=2 optimizer_steps=45508 raw_loss=1.804069 weighted_loss=1.221158 lr=0.0001 windows=33245/106562
progress epoch=2 optimizer_steps=45543 raw_loss=1.785335 weighted_loss=1.083787 lr=0.0001 windows=33323/106562
progress epoch=2 optimizer_steps=45550 raw_loss=1.827614 weighted_loss=2.182115 lr=0.0001 windows=33347/106562
progress epoch=2 optimizer_steps=45583 raw_loss=2.008728 weighted_loss=1.624738 lr=0.0001 windows=33443/106562
progress epoch=2 optimizer_steps=45604 raw_loss=2.114511 weighted_loss=1.770760 lr=0.0001 windows=33519/106562
progress epoch=2 optimizer_steps=45625 raw_loss=2.100641 weighted_loss=2.622044 lr=0.0001 windows=33591/106562
progress epoch=2 optimizer_steps=45653 raw_loss=2.418607 weighted_loss=3.050592 lr=0.0001 windows=33704/106562
progress epoch=2 optimizer_steps=45678 raw_loss=1.899233 weighted_loss=1.726648 lr=0.0001 windows=33787/106562
progress epoch=2 optimizer_steps=45705 raw_loss=1.840171 weighted_loss=1.607377 lr=0.0001 windows=33872/106562
progress epoch=2 optimizer_steps=45729 raw_loss=2.163634 weighted_loss=2.636958 lr=0.0001 windows=33950/106562
progress epoch=2 optimizer_steps=45751 raw_loss=1.786385 weighted_loss=0.814582 lr=0.0001 windows=33992/106562
progress epoch=2 optimizer_steps=45775 raw_loss=2.070581 weighted_loss=2.180172 lr=0.0001 windows=34080/106562
progress epoch=2 optimizer_steps=45803 raw_loss=2.107940 weighted_loss=2.307525 lr=0.0001 windows=34173/106562
progress epoch=2 optimizer_steps=45825 raw_loss=2.575892 weighted_loss=3.657502 lr=0.0001 windows=34269/106562
progress epoch=2 optimizer_steps=45853 raw_loss=1.954440 weighted_loss=2.264983 lr=0.0001 windows=34356/106562
progress epoch=2 optimizer_steps=45876 raw_loss=1.869195 weighted_loss=1.266619 lr=0.0001 windows=34445/106562
progress epoch=2 optimizer_steps=45904 raw_loss=2.096637 weighted_loss=1.665774 lr=0.0001 windows=34529/106562
progress epoch=2 optimizer_steps=45934 raw_loss=1.774285 weighted_loss=1.447466 lr=0.0001 windows=34609/106562
progress epoch=2 optimizer_steps=45953 raw_loss=1.912076 weighted_loss=2.249081 lr=0.0001 windows=34657/106562
progress epoch=2 optimizer_steps=45980 raw_loss=2.322615 weighted_loss=2.618488 lr=0.0001 windows=34752/106562
progress epoch=2 optimizer_steps=46006 raw_loss=1.876991 weighted_loss=1.389994 lr=0.0001 windows=34825/106562
checkpoint optimizer_steps=46006 path=/home/yanzhou/cyh/cid-v17-retrain/runs/cid-v1-0.4b-v17-ncv4-needfix-74b9eed/stage-a/stage-a-latest.pt
progress epoch=2 optimizer_steps=46033 raw_loss=2.011225 weighted_loss=1.085070 lr=0.0001 windows=34898/106562
progress epoch=2 optimizer_steps=46050 raw_loss=1.937422 weighted_loss=1.265930 lr=0.0001 windows=34946/106562
progress epoch=2 optimizer_steps=46080 raw_loss=2.012160 weighted_loss=2.337020 lr=0.0001 windows=35043/106562
progress epoch=2 optimizer_steps=46100 raw_loss=2.015366 weighted_loss=1.136209 lr=0.0001 windows=35090/106562
progress epoch=2 optimizer_steps=46130 raw_loss=2.136258 weighted_loss=1.495037 lr=0.0001 windows=35187/106562
progress epoch=2 optimizer_steps=46154 raw_loss=2.004352 weighted_loss=1.686963 lr=0.0001 windows=35254/106562
progress epoch=2 optimizer_steps=46179 raw_loss=1.917146 weighted_loss=1.518021 lr=0.0001 windows=35321/106562
progress epoch=2 optimizer_steps=46210 raw_loss=1.961938 weighted_loss=0.778137 lr=0.0001 windows=35374/106562
progress epoch=2 optimizer_steps=46230 raw_loss=1.959336 weighted_loss=1.510107 lr=0.0001 windows=35452/106562
progress epoch=2 optimizer_steps=46257 raw_loss=2.230132 weighted_loss=1.552553 lr=0.0001 windows=35542/106562
progress epoch=2 optimizer_steps=46279 raw_loss=2.174402 weighted_loss=2.755879 lr=0.0001 windows=35614/106562
progress epoch=2 optimizer_steps=46313 raw_loss=2.123403 weighted_loss=0.927176 lr=0.0001 windows=35688/106562
progress epoch=2 optimizer_steps=46326 raw_loss=1.964519 weighted_loss=0.879953 lr=0.0001 windows=35737/106562
progress epoch=2 optimizer_steps=46351 raw_loss=1.994288 weighted_loss=1.846331 lr=0.0001 windows=35823/106562
progress epoch=2 optimizer_steps=46376 raw_loss=2.084243 weighted_loss=2.293422 lr=0.0001 windows=35900/106562
progress epoch=2 optimizer_steps=46404 raw_loss=1.870658 weighted_loss=0.982543 lr=0.0001 windows=35963/106562
progress epoch=2 optimizer_steps=46431 raw_loss=1.928532 weighted_loss=1.415576 lr=0.0001 windows=36025/106562
progress epoch=2 optimizer_steps=46453 raw_loss=2.240001 weighted_loss=2.704046 lr=0.0001 windows=36094/106562
progress epoch=2 optimizer_steps=46476 raw_loss=2.036178 weighted_loss=2.373120 lr=0.0001 windows=36170/106562
progress epoch=2 optimizer_steps=46500 raw_loss=2.318185 weighted_loss=2.499480 lr=0.0001 windows=36267/106562
progress epoch=2 optimizer_steps=46535 raw_loss=1.953041 weighted_loss=1.769826 lr=0.0001 windows=36387/106562
progress epoch=2 optimizer_steps=46555 raw_loss=2.180265 weighted_loss=1.126766 lr=0.0001 windows=36441/106562
progress epoch=2 optimizer_steps=46577 raw_loss=1.845320 weighted_loss=1.657553 lr=0.0001 windows=36537/106562
progress epoch=2 optimizer_steps=46600 raw_loss=2.090394 weighted_loss=3.950974 lr=0.0001 windows=36626/106562
progress epoch=2 optimizer_steps=46631 raw_loss=1.976853 weighted_loss=2.502413 lr=0.0001 windows=36746/106562
progress epoch=2 optimizer_steps=46650 raw_loss=2.201623 weighted_loss=2.783771 lr=0.0001 windows=36815/106562
progress epoch=2 optimizer_steps=46675 raw_loss=2.087079 weighted_loss=1.439940 lr=0.0001 windows=36887/106562
progress epoch=2 optimizer_steps=46710 raw_loss=2.198502 weighted_loss=2.575845 lr=0.0001 windows=37011/106562
progress epoch=2 optimizer_steps=46736 raw_loss=2.201081 weighted_loss=1.921921 lr=0.0001 windows=37107/106562
progress epoch=2 optimizer_steps=46754 raw_loss=2.237867 weighted_loss=3.207908 lr=0.0001 windows=37179/106562
progress epoch=2 optimizer_steps=46789 raw_loss=1.834514 weighted_loss=0.761388 lr=0.0001 windows=37230/106562
progress epoch=2 optimizer_steps=46804 raw_loss=1.937387 weighted_loss=1.379112 lr=0.0001 windows=37273/106562
progress epoch=2 optimizer_steps=46825 raw_loss=2.233576 weighted_loss=2.279485 lr=0.0001 windows=37376/106562
progress epoch=2 optimizer_steps=46852 raw_loss=2.052362 weighted_loss=1.024453 lr=0.0001 windows=37431/106562
progress epoch=2 optimizer_steps=46875 raw_loss=1.814673 weighted_loss=1.141047 lr=0.0001 windows=37503/106562
progress epoch=2 optimizer_steps=46901 raw_loss=2.178132 weighted_loss=1.842419 lr=0.0001 windows=37599/106562
progress epoch=2 optimizer_steps=46929 raw_loss=1.894261 weighted_loss=1.313008 lr=0.0001 windows=37680/106562
progress epoch=2 optimizer_steps=46950 raw_loss=2.088108 weighted_loss=2.187544 lr=0.0001 windows=37752/106562
progress epoch=2 optimizer_steps=46976 raw_loss=2.068851 weighted_loss=2.676109 lr=0.0001 windows=37848/106562
progress epoch=2 optimizer_steps=47001 raw_loss=2.055440 weighted_loss=1.708608 lr=0.0001 windows=37931/106562
checkpoint optimizer_steps=47001 path=/home/yanzhou/cyh/cid-v17-retrain/runs/cid-v1-0.4b-v17-ncv4-needfix-74b9eed/stage-a/stage-a-latest.pt
progress epoch=2 optimizer_steps=47031 raw_loss=2.201573 weighted_loss=1.890390 lr=0.0001 windows=38027/106562
progress epoch=2 optimizer_steps=47054 raw_loss=2.106286 weighted_loss=3.420524 lr=0.0001 windows=38123/106562
progress epoch=2 optimizer_steps=47077 raw_loss=1.920433 weighted_loss=1.698283 lr=0.0001 windows=38205/106562
progress epoch=2 optimizer_steps=47102 raw_loss=2.130004 weighted_loss=2.138641 lr=0.0001 windows=38299/106562
progress epoch=2 optimizer_steps=47132 raw_loss=1.993406 weighted_loss=1.706547 lr=0.0001 windows=38391/106562
progress epoch=2 optimizer_steps=47156 raw_loss=1.903944 weighted_loss=1.159593 lr=0.0001 windows=38462/106562
progress epoch=2 optimizer_steps=47175 raw_loss=3.183723 weighted_loss=4.783833 lr=0.0001 windows=38530/106562
progress epoch=2 optimizer_steps=47205 raw_loss=2.084875 weighted_loss=2.542086 lr=0.0001 windows=38631/106562
progress epoch=2 optimizer_steps=47229 raw_loss=2.056940 weighted_loss=1.224617 lr=0.0001 windows=38703/106562
progress epoch=2 optimizer_steps=47252 raw_loss=1.915400 weighted_loss=0.992970 lr=0.0001 windows=38783/106562
progress epoch=2 optimizer_steps=47286 raw_loss=1.920888 weighted_loss=1.644552 lr=0.0001 windows=38886/106562
progress epoch=2 optimizer_steps=47300 raw_loss=2.497105 weighted_loss=3.601988 lr=0.0001 windows=38958/106562
progress epoch=2 optimizer_steps=47326 raw_loss=2.085017 weighted_loss=1.300963 lr=0.0001 windows=39030/106562
progress epoch=2 optimizer_steps=47358 raw_loss=1.982766 weighted_loss=1.387653 lr=0.0001 windows=39116/106562
progress epoch=2 optimizer_steps=47379 raw_loss=1.834659 weighted_loss=1.236276 lr=0.0001 windows=39174/106562
progress epoch=2 optimizer_steps=47406 raw_loss=1.918954 weighted_loss=1.563386 lr=0.0001 windows=39270/106562
progress epoch=2 optimizer_steps=47428 raw_loss=1.964237 weighted_loss=1.358302 lr=0.0001 windows=39318/106562
progress epoch=2 optimizer_steps=47452 raw_loss=2.309141 weighted_loss=1.811845 lr=0.0001 windows=39414/106562
progress epoch=2 optimizer_steps=47482 raw_loss=2.118411 weighted_loss=2.604929 lr=0.0001 windows=39510/106562
progress epoch=2 optimizer_steps=47500 raw_loss=2.226772 weighted_loss=2.871078 lr=0.0001 windows=39583/106562
progress epoch=2 optimizer_steps=47525 raw_loss=1.940851 weighted_loss=1.093191 lr=0.0001 windows=39657/106562
progress epoch=2 optimizer_steps=47553 raw_loss=1.956648 weighted_loss=1.836208 lr=0.0001 windows=39777/106562
progress epoch=2 optimizer_steps=47575 raw_loss=1.727242 weighted_loss=1.266943 lr=0.0001 windows=39857/106562
progress epoch=2 optimizer_steps=47602 raw_loss=1.737032 weighted_loss=1.493559 lr=0.0001 windows=39930/106562
progress epoch=2 optimizer_steps=47626 raw_loss=1.943947 weighted_loss=1.428061 lr=0.0001 windows=40002/106562
progress epoch=2 optimizer_steps=47652 raw_loss=2.008441 weighted_loss=1.392610 lr=0.0001 windows=40074/106562
progress epoch=2 optimizer_steps=47682 raw_loss=1.826064 weighted_loss=1.222330 lr=0.0001 windows=40146/106562
progress epoch=2 optimizer_steps=47702 raw_loss=1.538499 weighted_loss=0.808694 lr=0.0001 windows=40195/106562
progress epoch=2 optimizer_steps=47727 raw_loss=1.978877 weighted_loss=1.445455 lr=0.0001 windows=40291/106562
progress epoch=2 optimizer_steps=47752 raw_loss=2.061305 weighted_loss=2.065325 lr=0.0001 windows=40388/106562
progress epoch=2 optimizer_steps=47784 raw_loss=1.986826 weighted_loss=2.176516 lr=0.0001 windows=40496/106562
progress epoch=2 optimizer_steps=47807 raw_loss=1.788761 weighted_loss=1.563072 lr=0.0001 windows=40568/106562
progress epoch=2 optimizer_steps=47826 raw_loss=1.670408 weighted_loss=2.017041 lr=0.0001 windows=40616/106562
progress epoch=2 optimizer_steps=47852 raw_loss=2.019931 weighted_loss=2.096973 lr=0.0001 windows=40689/106562
progress epoch=2 optimizer_steps=47875 raw_loss=2.213112 weighted_loss=2.524318 lr=0.0001 windows=40809/106562
progress epoch=2 optimizer_steps=47902 raw_loss=1.878044 weighted_loss=1.094278 lr=0.0001 windows=40889/106562
progress epoch=2 optimizer_steps=47926 raw_loss=1.968962 weighted_loss=2.264724 lr=0.0001 windows=40961/106562
progress epoch=2 optimizer_steps=47950 raw_loss=2.470306 weighted_loss=4.664499 lr=0.0001 windows=41081/106562
progress epoch=2 optimizer_steps=47975 raw_loss=2.213552 weighted_loss=2.501011 lr=0.0001 windows=41174/106562
progress epoch=2 optimizer_steps=48001 raw_loss=2.198511 weighted_loss=2.589529 lr=0.0001 windows=41265/106562
checkpoint optimizer_steps=48001 path=/home/yanzhou/cyh/cid-v17-retrain/runs/cid-v1-0.4b-v17-ncv4-needfix-74b9eed/stage-a/stage-a-latest.pt
progress epoch=2 optimizer_steps=48026 raw_loss=1.791387 weighted_loss=1.445427 lr=0.0001 windows=41337/106562
progress epoch=2 optimizer_steps=48051 raw_loss=1.670258 weighted_loss=1.342607 lr=0.0001 windows=41433/106562
progress epoch=2 optimizer_steps=48076 raw_loss=2.103080 weighted_loss=2.617482 lr=0.0001 windows=41529/106562
progress epoch=2 optimizer_steps=48103 raw_loss=1.900306 weighted_loss=2.266043 lr=0.0001 windows=41647/106562
progress epoch=2 optimizer_steps=48125 raw_loss=1.856565 weighted_loss=1.614366 lr=0.0001 windows=41719/106562
progress epoch=2 optimizer_steps=48153 raw_loss=1.831648 weighted_loss=2.642594 lr=0.0001 windows=41815/106562
progress epoch=2 optimizer_steps=48180 raw_loss=1.969982 weighted_loss=1.573301 lr=0.0001 windows=41902/106562
progress epoch=2 optimizer_steps=48200 raw_loss=2.151753 weighted_loss=2.682136 lr=0.0001 windows=41986/106562
progress epoch=2 optimizer_steps=48227 raw_loss=2.027636 weighted_loss=2.690583 lr=0.0001 windows=42119/106562
progress epoch=2 optimizer_steps=48254 raw_loss=2.414432 weighted_loss=5.457098 lr=0.0001 windows=42257/106562
progress epoch=2 optimizer_steps=48276 raw_loss=1.768771 weighted_loss=2.042985 lr=0.0001 windows=42348/106562
progress epoch=2 optimizer_steps=48300 raw_loss=1.850533 weighted_loss=1.651680 lr=0.0001 windows=42421/106562
progress epoch=2 optimizer_steps=48325 raw_loss=2.521819 weighted_loss=3.216030 lr=0.0001 windows=42544/106562
progress epoch=2 optimizer_steps=48353 raw_loss=1.966233 weighted_loss=1.140439 lr=0.0001 windows=42640/106562
progress epoch=2 optimizer_steps=48381 raw_loss=1.856104 weighted_loss=1.557386 lr=0.0001 windows=42712/106562
progress epoch=2 optimizer_steps=48405 raw_loss=1.750842 weighted_loss=1.598813 lr=0.0001 windows=42779/106562
progress epoch=2 optimizer_steps=48427 raw_loss=1.718016 weighted_loss=0.953515 lr=0.0001 windows=42854/106562
progress epoch=2 optimizer_steps=48455 raw_loss=2.170077 weighted_loss=2.809196 lr=0.0001 windows=42966/106562
progress epoch=2 optimizer_steps=48475 raw_loss=1.836848 weighted_loss=2.738889 lr=0.0001 windows=43038/106562
progress epoch=2 optimizer_steps=48504 raw_loss=2.007661 weighted_loss=2.543154 lr=0.0001 windows=43134/106562
progress epoch=2 optimizer_steps=48525 raw_loss=1.981777 weighted_loss=2.203909 lr=0.0001 windows=43206/106562
progress epoch=2 optimizer_steps=48551 raw_loss=2.020693 weighted_loss=5.594150 lr=0.0001 windows=43335/106562
progress epoch=2 optimizer_steps=48579 raw_loss=1.921477 weighted_loss=2.048123 lr=0.0001 windows=43431/106562
progress epoch=2 optimizer_steps=48601 raw_loss=1.831388 weighted_loss=1.396204 lr=0.0001 windows=43497/106562
progress epoch=2 optimizer_steps=48626 raw_loss=1.894777 weighted_loss=2.005757 lr=0.0001 windows=43569/106562
progress epoch=2 optimizer_steps=48652 raw_loss=1.819158 weighted_loss=1.696000 lr=0.0001 windows=43655/106562
progress epoch=2 optimizer_steps=48678 raw_loss=2.580925 weighted_loss=5.310732 lr=0.0001 windows=43775/106562
progress epoch=2 optimizer_steps=48701 raw_loss=1.531138 weighted_loss=2.095640 lr=0.0001 windows=43847/106562
progress epoch=2 optimizer_steps=48726 raw_loss=1.890982 weighted_loss=1.333215 lr=0.0001 windows=43931/106562
progress epoch=2 optimizer_steps=48754 raw_loss=2.277417 weighted_loss=4.839422 lr=0.0001 windows=44027/106562
progress epoch=2 optimizer_steps=48775 raw_loss=1.979396 weighted_loss=2.085337 lr=0.0001 windows=44099/106562
progress epoch=2 optimizer_steps=48805 raw_loss=1.875276 weighted_loss=1.638966 lr=0.0001 windows=44208/106562
progress epoch=2 optimizer_steps=48828 raw_loss=2.066743 weighted_loss=2.992180 lr=0.0001 windows=44307/106562
progress epoch=2 optimizer_steps=48851 raw_loss=1.922777 weighted_loss=1.803424 lr=0.0001 windows=44368/106562
progress epoch=2 optimizer_steps=48875 raw_loss=1.677942 weighted_loss=1.898246 lr=0.0001 windows=44440/106562
progress epoch=2 optimizer_steps=48907 raw_loss=2.122563 weighted_loss=2.833623 lr=0.0001 windows=44567/106562
progress epoch=2 optimizer_steps=48929 raw_loss=2.431394 weighted_loss=5.783784 lr=0.0001 windows=44664/106562
progress epoch=2 optimizer_steps=48951 raw_loss=2.041455 weighted_loss=2.607036 lr=0.0001 windows=44784/106562
progress epoch=2 optimizer_steps=48975 raw_loss=1.901564 weighted_loss=2.083505 lr=0.0001 windows=44856/106562
progress epoch=2 optimizer_steps=49000 raw_loss=1.711946 weighted_loss=2.174234 lr=0.0001 windows=44938/106562
checkpoint optimizer_steps=49000 path=/home/yanzhou/cyh/cid-v17-retrain/runs/cid-v1-0.4b-v17-ncv4-needfix-74b9eed/stage-a/stage-a-latest.pt
progress epoch=2 optimizer_steps=49026 raw_loss=2.167996 weighted_loss=2.344871 lr=0.0001 windows=45058/106562
progress epoch=2 optimizer_steps=49054 raw_loss=1.869078 weighted_loss=4.200402 lr=0.0001 windows=45178/106562
progress epoch=2 optimizer_steps=49077 raw_loss=1.872072 weighted_loss=1.672633 lr=0.0001 windows=45251/106562
progress epoch=2 optimizer_steps=49101 raw_loss=1.927607 weighted_loss=1.762920 lr=0.0001 windows=45339/106562
progress epoch=2 optimizer_steps=49128 raw_loss=2.224465 weighted_loss=3.029006 lr=0.0001 windows=45459/106562
progress epoch=2 optimizer_steps=49155 raw_loss=2.091362 weighted_loss=2.349720 lr=0.0001 windows=45555/106562
progress epoch=2 optimizer_steps=49181 raw_loss=2.011978 weighted_loss=2.090798 lr=0.0001 windows=45651/106562
progress epoch=2 optimizer_steps=49201 raw_loss=1.697295 weighted_loss=1.116394 lr=0.0001 windows=45723/106562
progress epoch=2 optimizer_steps=49227 raw_loss=1.745623 weighted_loss=1.273817 lr=0.0001 windows=45795/106562
progress epoch=2 optimizer_steps=49252 raw_loss=1.982579 weighted_loss=1.774595 lr=0.0001 windows=45899/106562
progress epoch=2 optimizer_steps=49279 raw_loss=1.742952 weighted_loss=2.086018 lr=0.0001 windows=45995/106562
progress epoch=2 optimizer_steps=49306 raw_loss=1.880411 weighted_loss=2.143233 lr=0.0001 windows=46091/106562
progress epoch=2 optimizer_steps=49333 raw_loss=2.091773 weighted_loss=2.754630 lr=0.0001 windows=46198/106562
progress epoch=2 optimizer_steps=49354 raw_loss=1.849377 weighted_loss=2.021181 lr=0.0001 windows=46270/106562
progress epoch=2 optimizer_steps=49380 raw_loss=2.137455 weighted_loss=2.698164 lr=0.0001 windows=46366/106562
progress epoch=2 optimizer_steps=49404 raw_loss=1.946202 weighted_loss=2.113417 lr=0.0001 windows=46486/106562
progress epoch=2 optimizer_steps=49430 raw_loss=1.915281 weighted_loss=1.990540 lr=0.0001 windows=46593/106562
progress epoch=2 optimizer_steps=49455 raw_loss=1.798996 weighted_loss=1.985288 lr=0.0001 windows=46690/106562
progress epoch=2 optimizer_steps=49477 raw_loss=1.891553 weighted_loss=2.636550 lr=0.0001 windows=46786/106562
progress epoch=2 optimizer_steps=49500 raw_loss=1.946768 weighted_loss=4.764635 lr=0.0001 windows=46885/106562
progress epoch=2 optimizer_steps=49532 raw_loss=1.845272 weighted_loss=1.739269 lr=0.0001 windows=46981/106562
progress epoch=2 optimizer_steps=49557 raw_loss=2.074847 weighted_loss=2.668956 lr=0.0001 windows=47077/106562
progress epoch=2 optimizer_steps=49580 raw_loss=1.440775 weighted_loss=1.736600 lr=0.0001 windows=47149/106562
progress epoch=2 optimizer_steps=49608 raw_loss=1.730236 weighted_loss=1.236871 lr=0.0001 windows=47221/106562
progress epoch=2 optimizer_steps=49626 raw_loss=1.985013 weighted_loss=2.253270 lr=0.0001 windows=47293/106562
progress epoch=2 optimizer_steps=49651 raw_loss=1.950982 weighted_loss=2.075322 lr=0.0001 windows=47365/106562
progress epoch=2 optimizer_steps=49675 raw_loss=1.942517 weighted_loss=2.163629 lr=0.0001 windows=47470/106562
progress epoch=2 optimizer_steps=49701 raw_loss=1.999848 weighted_loss=1.812418 lr=0.0001 windows=47542/106562
progress epoch=2 optimizer_steps=49726 raw_loss=1.768599 weighted_loss=1.005440 lr=0.0001 windows=47614/106562
progress epoch=2 optimizer_steps=49753 raw_loss=1.951755 weighted_loss=2.077433 lr=0.0001 windows=47724/106562
progress epoch=2 optimizer_steps=49781 raw_loss=2.293612 weighted_loss=3.293494 lr=0.0001 windows=47844/106562
progress epoch=2 optimizer_steps=49801 raw_loss=2.066601 weighted_loss=2.643504 lr=0.0001 windows=47940/106562
progress epoch=2 optimizer_steps=49833 raw_loss=2.147825 weighted_loss=2.947824 lr=0.0001 windows=48060/106562
progress epoch=2 optimizer_steps=49850 raw_loss=1.924440 weighted_loss=3.205812 lr=0.0001 windows=48132/106562
progress epoch=2 optimizer_steps=49876 raw_loss=2.050983 weighted_loss=2.554257 lr=0.0001 windows=48232/106562
progress epoch=2 optimizer_steps=49900 raw_loss=2.101538 weighted_loss=3.198241 lr=0.0001 windows=48328/106562
progress epoch=2 optimizer_steps=49936 raw_loss=2.135697 weighted_loss=2.321847 lr=0.0001 windows=48466/106562
progress epoch=2 optimizer_steps=49951 raw_loss=2.351268 weighted_loss=3.336472 lr=0.0001 windows=48538/106562
progress epoch=2 optimizer_steps=49975 raw_loss=1.923895 weighted_loss=3.068451 lr=0.0001 windows=48638/106562
progress epoch=2 optimizer_steps=50001 raw_loss=1.667865 weighted_loss=1.208269 lr=0.0001 windows=48710/106562
checkpoint optimizer_steps=50001 path=/home/yanzhou/cyh/cid-v17-retrain/runs/cid-v1-0.4b-v17-ncv4-needfix-74b9eed/stage-a/stage-a-latest.pt
progress epoch=2 optimizer_steps=50030 raw_loss=2.168421 weighted_loss=4.654731 lr=0.0001 windows=48827/106562
progress epoch=2 optimizer_steps=50050 raw_loss=2.307476 weighted_loss=4.278478 lr=0.0001 windows=48947/106562
progress epoch=2 optimizer_steps=50082 raw_loss=1.795827 weighted_loss=1.270718 lr=0.0001 windows=49063/106562
progress epoch=2 optimizer_steps=50103 raw_loss=1.828557 weighted_loss=1.738878 lr=0.0001 windows=49135/106562
progress epoch=2 optimizer_steps=50126 raw_loss=1.738050 weighted_loss=1.419857 lr=0.0001 windows=49207/106562
progress epoch=2 optimizer_steps=50152 raw_loss=2.060836 weighted_loss=2.746809 lr=0.0001 windows=49322/106562
progress epoch=2 optimizer_steps=50178 raw_loss=1.822912 weighted_loss=1.835980 lr=0.0001 windows=49400/106562
progress epoch=2 optimizer_steps=50202 raw_loss=1.730293 weighted_loss=1.985856 lr=0.0001 windows=49472/106562
progress epoch=2 optimizer_steps=50230 raw_loss=1.750329 weighted_loss=1.425631 lr=0.0001 windows=49547/106562
progress epoch=2 optimizer_steps=50255 raw_loss=2.243552 weighted_loss=3.984242 lr=0.0001 windows=49667/106562
progress epoch=2 optimizer_steps=50276 raw_loss=2.385346 weighted_loss=3.812687 lr=0.0001 windows=49763/106562
progress epoch=2 optimizer_steps=50302 raw_loss=1.961969 weighted_loss=1.921089 lr=0.0001 windows=49858/106562
progress epoch=2 optimizer_steps=50330 raw_loss=2.003328 weighted_loss=2.953110 lr=0.0001 windows=49976/106562
progress epoch=2 optimizer_steps=50350 raw_loss=1.950301 weighted_loss=1.577722 lr=0.0001 windows=50048/106562
progress epoch=2 optimizer_steps=50380 raw_loss=2.021528 weighted_loss=2.134055 lr=0.0001 windows=50175/106562
progress epoch=2 optimizer_steps=50402 raw_loss=2.037003 weighted_loss=1.247380 lr=0.0001 windows=50253/106562
progress epoch=2 optimizer_steps=50427 raw_loss=1.883225 weighted_loss=2.522852 lr=0.0001 windows=50349/106562
progress epoch=2 optimizer_steps=50454 raw_loss=1.799186 weighted_loss=2.461061 lr=0.0001 windows=50445/106562
progress epoch=2 optimizer_steps=50476 raw_loss=1.878620 weighted_loss=2.822417 lr=0.0001 windows=50517/106562
progress epoch=2 optimizer_steps=50503 raw_loss=2.189651 weighted_loss=2.004010 lr=0.0001 windows=50634/106562
progress epoch=2 optimizer_steps=50527 raw_loss=1.756664 weighted_loss=1.995757 lr=0.0001 windows=50717/106562
progress epoch=2 optimizer_steps=50553 raw_loss=1.860212 weighted_loss=1.945332 lr=0.0001 windows=50812/106562
progress epoch=2 optimizer_steps=50575 raw_loss=1.909529 weighted_loss=1.633803 lr=0.0001 windows=50891/106562
progress epoch=2 optimizer_steps=50600 raw_loss=1.896930 weighted_loss=2.218132 lr=0.0001 windows=51011/106562
progress epoch=2 optimizer_steps=50626 raw_loss=2.138815 weighted_loss=3.426455 lr=0.0001 windows=51117/106562
progress epoch=2 optimizer_steps=50653 raw_loss=2.297250 weighted_loss=3.944725 lr=0.0001 windows=51261/106562
progress epoch=2 optimizer_steps=50675 raw_loss=1.957382 weighted_loss=1.823148 lr=0.0001 windows=51351/106562
progress epoch=2 optimizer_steps=50706 raw_loss=1.843551 weighted_loss=1.779859 lr=0.0001 windows=51465/106562
progress epoch=2 optimizer_steps=50729 raw_loss=2.027554 weighted_loss=2.501018 lr=0.0001 windows=51561/106562
progress epoch=2 optimizer_steps=50750 raw_loss=2.038849 weighted_loss=1.862723 lr=0.0001 windows=51633/106562
progress epoch=2 optimizer_steps=50780 raw_loss=1.945821 weighted_loss=2.323948 lr=0.0001 windows=51753/106562
progress epoch=2 optimizer_steps=50803 raw_loss=2.264938 weighted_loss=4.591097 lr=0.0001 windows=51873/106562
progress epoch=2 optimizer_steps=50833 raw_loss=1.661721 weighted_loss=1.192618 lr=0.0001 windows=51959/106562
progress epoch=2 optimizer_steps=50855 raw_loss=2.613918 weighted_loss=10.856785 lr=0.0001 windows=52079/106562
progress epoch=2 optimizer_steps=50882 raw_loss=1.894761 weighted_loss=2.076313 lr=0.0001 windows=52166/106562
progress epoch=2 optimizer_steps=50904 raw_loss=1.898989 weighted_loss=2.230630 lr=0.0001 windows=52238/106562
progress epoch=2 optimizer_steps=50931 raw_loss=1.673700 weighted_loss=1.595342 lr=0.0001 windows=52334/106562
progress epoch=2 optimizer_steps=50952 raw_loss=1.823761 weighted_loss=2.279399 lr=0.0001 windows=52430/106562
progress epoch=2 optimizer_steps=50981 raw_loss=1.893243 weighted_loss=3.663113 lr=0.0001 windows=52558/106562
progress epoch=2 optimizer_steps=51004 raw_loss=2.096778 weighted_loss=3.026230 lr=0.0001 windows=52654/106562
checkpoint optimizer_steps=51004 path=/home/yanzhou/cyh/cid-v17-retrain/runs/cid-v1-0.4b-v17-ncv4-needfix-74b9eed/stage-a/stage-a-latest.pt
progress epoch=2 optimizer_steps=51025 raw_loss=1.629866 weighted_loss=1.887042 lr=0.0001 windows=52726/106562
progress epoch=2 optimizer_steps=51052 raw_loss=1.804991 weighted_loss=2.421604 lr=0.0001 windows=52822/106562
progress epoch=2 optimizer_steps=51080 raw_loss=1.983388 weighted_loss=2.333360 lr=0.0001 windows=52942/106562
progress epoch=2 optimizer_steps=51103 raw_loss=1.693999 weighted_loss=1.845422 lr=0.0001 windows=53014/106562
progress epoch=2 optimizer_steps=51128 raw_loss=2.046023 weighted_loss=1.589735 lr=0.0001 windows=53111/106562
progress epoch=2 optimizer_steps=51153 raw_loss=1.963000 weighted_loss=2.393211 lr=0.0001 windows=53207/106562
progress epoch=2 optimizer_steps=51177 raw_loss=2.013706 weighted_loss=2.335980 lr=0.0001 windows=53303/106562
progress epoch=2 optimizer_steps=51205 raw_loss=1.720267 weighted_loss=2.156243 lr=0.0001 windows=53399/106562
progress epoch=2 optimizer_steps=51229 raw_loss=2.007165 weighted_loss=5.668575 lr=0.0001 windows=53497/106562
progress epoch=2 optimizer_steps=51251 raw_loss=2.218549 weighted_loss=3.037844 lr=0.0001 windows=53593/106562
progress epoch=2 optimizer_steps=51277 raw_loss=1.854195 weighted_loss=2.199717 lr=0.0001 windows=53694/106562
progress epoch=2 optimizer_steps=51302 raw_loss=2.074473 weighted_loss=2.524615 lr=0.0001 windows=53790/106562
progress epoch=2 optimizer_steps=51327 raw_loss=2.146161 weighted_loss=4.830562 lr=0.0001 windows=53886/106562
progress epoch=2 optimizer_steps=51351 raw_loss=1.790129 weighted_loss=1.593785 lr=0.0001 windows=53969/106562
progress epoch=2 optimizer_steps=51378 raw_loss=1.766748 weighted_loss=2.546803 lr=0.0001 windows=54065/106562
progress epoch=2 optimizer_steps=51403 raw_loss=2.175559 weighted_loss=3.406402 lr=0.0001 windows=54209/106562
progress epoch=2 optimizer_steps=51425 raw_loss=2.183264 weighted_loss=3.065696 lr=0.0001 windows=54317/106562
progress epoch=2 optimizer_steps=51456 raw_loss=1.904347 weighted_loss=2.997353 lr=0.0001 windows=54437/106562
progress epoch=2 optimizer_steps=51480 raw_loss=1.671325 weighted_loss=2.160941 lr=0.0001 windows=54533/106562
progress epoch=2 optimizer_steps=51500 raw_loss=2.134932 weighted_loss=3.001597 lr=0.0001 windows=54629/106562
progress epoch=2 optimizer_steps=51527 raw_loss=1.869539 weighted_loss=2.590018 lr=0.0001 windows=54744/106562
progress epoch=2 optimizer_steps=51555 raw_loss=1.959528 weighted_loss=2.576944 lr=0.0001 windows=54851/106562
progress epoch=2 optimizer_steps=51576 raw_loss=1.734134 weighted_loss=1.453149 lr=0.0001 windows=54923/106562
progress epoch=2 optimizer_steps=51602 raw_loss=2.125993 weighted_loss=4.970257 lr=0.0001 windows=55043/106562
progress epoch=2 optimizer_steps=51627 raw_loss=1.793330 weighted_loss=2.700378 lr=0.0001 windows=55139/106562
progress epoch=2 optimizer_steps=51655 raw_loss=1.675553 weighted_loss=1.496619 lr=0.0001 windows=55226/106562
progress epoch=2 optimizer_steps=51675 raw_loss=2.295511 weighted_loss=3.193827 lr=0.0001 windows=55322/106562
progress epoch=2 optimizer_steps=51704 raw_loss=2.153026 weighted_loss=2.937572 lr=0.0001 windows=55454/106562
progress epoch=2 optimizer_steps=51727 raw_loss=1.902367 weighted_loss=5.614058 lr=0.0001 windows=55550/106562
progress epoch=2 optimizer_steps=51752 raw_loss=1.886033 weighted_loss=2.491898 lr=0.0001 windows=55670/106562
progress epoch=2 optimizer_steps=51777 raw_loss=1.792494 weighted_loss=1.655332 lr=0.0001 windows=55742/106562
progress epoch=2 optimizer_steps=51804 raw_loss=1.933769 weighted_loss=1.772005 lr=0.0001 windows=55862/106562
progress epoch=2 optimizer_steps=51828 raw_loss=2.033243 weighted_loss=2.671459 lr=0.0001 windows=55967/106562
progress epoch=2 optimizer_steps=51851 raw_loss=2.369853 weighted_loss=6.704749 lr=0.0001 windows=56087/106562
progress epoch=2 optimizer_steps=51877 raw_loss=2.031331 weighted_loss=4.610540 lr=0.0001 windows=56183/106562
progress epoch=2 optimizer_steps=51901 raw_loss=2.291215 weighted_loss=3.469765 lr=0.0001 windows=56303/106562
progress epoch=2 optimizer_steps=51925 raw_loss=1.878745 weighted_loss=2.686870 lr=0.0001 windows=56399/106562
progress epoch=2 optimizer_steps=51954 raw_loss=1.894493 weighted_loss=2.260117 lr=0.0001 windows=56519/106562
progress epoch=2 optimizer_steps=51978 raw_loss=1.804112 weighted_loss=1.851597 lr=0.0001 windows=56615/106562
progress epoch=2 optimizer_steps=52005 raw_loss=2.050553 weighted_loss=2.463878 lr=0.0001 windows=56735/106562
checkpoint optimizer_steps=52005 path=/home/yanzhou/cyh/cid-v17-retrain/runs/cid-v1-0.4b-v17-ncv4-needfix-74b9eed/stage-a/stage-a-latest.pt
progress epoch=2 optimizer_steps=52028 raw_loss=1.589354 weighted_loss=1.597335 lr=0.0001 windows=56831/106562
progress epoch=2 optimizer_steps=52050 raw_loss=1.616363 weighted_loss=1.939873 lr=0.0001 windows=56903/106562
progress epoch=2 optimizer_steps=52077 raw_loss=1.752859 weighted_loss=2.138912 lr=0.0001 windows=56999/106562
progress epoch=2 optimizer_steps=52103 raw_loss=2.020377 weighted_loss=3.010522 lr=0.0001 windows=57095/106562
progress epoch=2 optimizer_steps=52125 raw_loss=1.914377 weighted_loss=2.216297 lr=0.0001 windows=57188/106562
progress epoch=2 optimizer_steps=52153 raw_loss=1.983257 weighted_loss=2.308661 lr=0.0001 windows=57308/106562
progress epoch=2 optimizer_steps=52180 raw_loss=1.661278 weighted_loss=1.818529 lr=0.0001 windows=57404/106562
progress epoch=2 optimizer_steps=52203 raw_loss=2.103447 weighted_loss=3.046423 lr=0.0001 windows=57524/106562
progress epoch=2 optimizer_steps=52231 raw_loss=2.102628 weighted_loss=2.385501 lr=0.0001 windows=57620/106562
progress epoch=2 optimizer_steps=52253 raw_loss=1.628520 weighted_loss=2.093887 lr=0.0001 windows=57692/106562
progress epoch=2 optimizer_steps=52275 raw_loss=1.672473 weighted_loss=2.043023 lr=0.0001 windows=57791/106562
progress epoch=2 optimizer_steps=52305 raw_loss=1.835590 weighted_loss=3.306125 lr=0.0001 windows=57926/106562
progress epoch=2 optimizer_steps=52326 raw_loss=1.789928 weighted_loss=1.751079 lr=0.0001 windows=58005/106562
progress epoch=2 optimizer_steps=52351 raw_loss=1.954821 weighted_loss=2.492565 lr=0.0001 windows=58101/106562
progress epoch=2 optimizer_steps=52377 raw_loss=2.073358 weighted_loss=5.758950 lr=0.0001 windows=58221/106562
progress epoch=2 optimizer_steps=52401 raw_loss=2.062719 weighted_loss=3.201723 lr=0.0001 windows=58352/106562
progress epoch=2 optimizer_steps=52426 raw_loss=1.841874 weighted_loss=2.562526 lr=0.0001 windows=58448/106562
progress epoch=2 optimizer_steps=52453 raw_loss=2.043254 weighted_loss=2.718519 lr=0.0001 windows=58580/106562
progress epoch=2 optimizer_steps=52482 raw_loss=1.757107 weighted_loss=2.304207 lr=0.0001 windows=58700/106562
progress epoch=2 optimizer_steps=52500 raw_loss=1.693345 weighted_loss=2.572698 lr=0.0001 windows=58806/106562
progress epoch=2 optimizer_steps=52525 raw_loss=2.158645 weighted_loss=5.692109 lr=0.0001 windows=58938/106562
progress epoch=2 optimizer_steps=52552 raw_loss=1.831007 weighted_loss=2.737761 lr=0.0001 windows=59058/106562
progress epoch=2 optimizer_steps=52577 raw_loss=1.981516 weighted_loss=2.766240 lr=0.0001 windows=59178/106562
progress epoch=2 optimizer_steps=52600 raw_loss=1.638927 weighted_loss=1.642652 lr=0.0001 windows=59250/106562
progress epoch=2 optimizer_steps=52627 raw_loss=1.959227 weighted_loss=2.223881 lr=0.0001 windows=59346/106562
progress epoch=2 optimizer_steps=52655 raw_loss=1.945595 weighted_loss=2.339389 lr=0.0001 windows=59466/106562
progress epoch=2 optimizer_steps=52675 raw_loss=2.148956 weighted_loss=2.747861 lr=0.0001 windows=59556/106562
progress epoch=2 optimizer_steps=52701 raw_loss=2.119712 weighted_loss=6.208634 lr=0.0001 windows=59676/106562
progress epoch=2 optimizer_steps=52730 raw_loss=1.739446 weighted_loss=2.420466 lr=0.0001 windows=59793/106562
progress epoch=2 optimizer_steps=52753 raw_loss=1.677518 weighted_loss=1.481107 lr=0.0001 windows=59865/106562
progress epoch=2 optimizer_steps=52779 raw_loss=1.912940 weighted_loss=2.739599 lr=0.0001 windows=59978/106562
progress epoch=2 optimizer_steps=52805 raw_loss=2.205582 weighted_loss=2.875591 lr=0.0001 windows=60098/106562
progress epoch=2 optimizer_steps=52829 raw_loss=1.596198 weighted_loss=2.696406 lr=0.0001 windows=60194/106562
progress epoch=2 optimizer_steps=52854 raw_loss=1.727772 weighted_loss=1.845976 lr=0.0001 windows=60290/106562
progress epoch=2 optimizer_steps=52877 raw_loss=1.994884 weighted_loss=2.527423 lr=0.0001 windows=60386/106562
progress epoch=2 optimizer_steps=52904 raw_loss=1.769226 weighted_loss=2.008831 lr=0.0001 windows=60482/106562
progress epoch=2 optimizer_steps=52926 raw_loss=1.941894 weighted_loss=2.564277 lr=0.0001 windows=60578/106562
progress epoch=2 optimizer_steps=52953 raw_loss=2.475240 weighted_loss=8.922448 lr=0.0001 windows=60722/106562
progress epoch=2 optimizer_steps=52975 raw_loss=1.801649 weighted_loss=2.226197 lr=0.0001 windows=60818/106562
progress epoch=2 optimizer_steps=53005 raw_loss=1.630832 weighted_loss=1.591810 lr=0.0001 windows=60914/106562
checkpoint optimizer_steps=53005 path=/home/yanzhou/cyh/cid-v17-retrain/runs/cid-v1-0.4b-v17-ncv4-needfix-74b9eed/stage-a/stage-a-latest.pt
progress epoch=2 optimizer_steps=53026 raw_loss=2.354518 weighted_loss=4.899152 lr=0.0001 windows=61034/106562
progress epoch=2 optimizer_steps=53057 raw_loss=1.957893 weighted_loss=2.426660 lr=0.0001 windows=61153/106562
progress epoch=2 optimizer_steps=53075 raw_loss=1.722236 weighted_loss=2.330919 lr=0.0001 windows=61225/106562
progress epoch=2 optimizer_steps=53104 raw_loss=2.351745 weighted_loss=3.579910 lr=0.0001 windows=61368/106562
progress epoch=2 optimizer_steps=53130 raw_loss=1.921637 weighted_loss=2.611075 lr=0.0001 windows=61488/106562
progress epoch=2 optimizer_steps=53155 raw_loss=1.845624 weighted_loss=2.118133 lr=0.0001 windows=61584/106562
progress epoch=2 optimizer_steps=53180 raw_loss=2.165652 weighted_loss=5.711310 lr=0.0001 windows=61704/106562
progress epoch=2 optimizer_steps=53201 raw_loss=1.909943 weighted_loss=2.464286 lr=0.0001 windows=61798/106562
progress epoch=2 optimizer_steps=53228 raw_loss=1.991721 weighted_loss=2.688912 lr=0.0001 windows=61918/106562
progress epoch=2 optimizer_steps=53254 raw_loss=1.555674 weighted_loss=2.431724 lr=0.0001 windows=62025/106562
progress epoch=2 optimizer_steps=53279 raw_loss=1.817545 weighted_loss=2.062916 lr=0.0001 windows=62121/106562
progress epoch=2 optimizer_steps=53300 raw_loss=1.837477 weighted_loss=6.108819 lr=0.0001 windows=62206/106562
progress epoch=2 optimizer_steps=53326 raw_loss=1.667282 weighted_loss=1.825208 lr=0.0001 windows=62302/106562
progress epoch=2 optimizer_steps=53350 raw_loss=1.921048 weighted_loss=2.785457 lr=0.0001 windows=62398/106562
progress epoch=2 optimizer_steps=53375 raw_loss=1.502912 weighted_loss=2.056375 lr=0.0001 windows=62518/106562
progress epoch=2 optimizer_steps=53402 raw_loss=1.738661 weighted_loss=2.409302 lr=0.0001 windows=62637/106562
progress epoch=2 optimizer_steps=53425 raw_loss=1.920654 weighted_loss=2.444465 lr=0.0001 windows=62733/106562
progress epoch=2 optimizer_steps=53455 raw_loss=1.963201 weighted_loss=5.202140 lr=0.0001 windows=62887/106562
progress epoch=2 optimizer_steps=53479 raw_loss=1.919394 weighted_loss=2.905650 lr=0.0001 windows=62983/106562
progress epoch=2 optimizer_steps=53506 raw_loss=1.915902 weighted_loss=2.634439 lr=0.0001 windows=63103/106562
progress epoch=2 optimizer_steps=53529 raw_loss=1.766499 weighted_loss=2.257234 lr=0.0001 windows=63199/106562
progress epoch=2 optimizer_steps=53553 raw_loss=1.691498 weighted_loss=2.386342 lr=0.0001 windows=63295/106562
progress epoch=2 optimizer_steps=53575 raw_loss=1.463289 weighted_loss=1.642998 lr=0.0001 windows=63367/106562
progress epoch=2 optimizer_steps=53601 raw_loss=1.762507 weighted_loss=2.154851 lr=0.0001 windows=63463/106562
progress epoch=2 optimizer_steps=53625 raw_loss=2.059686 weighted_loss=5.741452 lr=0.0001 windows=63583/106562
progress epoch=2 optimizer_steps=53652 raw_loss=1.969886 weighted_loss=2.892742 lr=0.0001 windows=63703/106562
progress epoch=2 optimizer_steps=53677 raw_loss=1.576269 weighted_loss=1.819468 lr=0.0001 windows=63799/106562
progress epoch=2 optimizer_steps=53706 raw_loss=1.851675 weighted_loss=4.160413 lr=0.0001 windows=63919/106562
progress epoch=2 optimizer_steps=53725 raw_loss=1.715985 weighted_loss=1.862216 lr=0.0001 windows=63991/106562
progress epoch=2 optimizer_steps=53758 raw_loss=1.545694 weighted_loss=2.012527 lr=0.0001 windows=64111/106562
progress epoch=2 optimizer_steps=53775 raw_loss=2.217098 weighted_loss=3.961926 lr=0.0001 windows=64207/106562
progress epoch=2 optimizer_steps=53803 raw_loss=1.925690 weighted_loss=2.729097 lr=0.0001 windows=64327/106562
progress epoch=2 optimizer_steps=53831 raw_loss=1.874419 weighted_loss=4.786879 lr=0.0001 windows=64447/106562
progress epoch=2 optimizer_steps=53856 raw_loss=1.888016 weighted_loss=3.348761 lr=0.0001 windows=64567/106562
progress epoch=2 optimizer_steps=53879 raw_loss=2.281824 weighted_loss=6.974373 lr=0.0001 windows=64687/106562
progress epoch=2 optimizer_steps=53900 raw_loss=2.203625 weighted_loss=6.109586 lr=0.0001 windows=64783/106562
progress epoch=2 optimizer_steps=53929 raw_loss=1.679082 weighted_loss=2.334024 lr=0.0001 windows=64903/106562
progress epoch=2 optimizer_steps=53950 raw_loss=2.578122 weighted_loss=10.898476 lr=0.0001 windows=65023/106562
progress epoch=2 optimizer_steps=53979 raw_loss=1.982427 weighted_loss=2.434667 lr=0.0001 windows=65159/106562
progress epoch=2 optimizer_steps=54005 raw_loss=1.827752 weighted_loss=2.211118 lr=0.0001 windows=65271/106562
checkpoint optimizer_steps=54005 path=/home/yanzhou/cyh/cid-v17-retrain/runs/cid-v1-0.4b-v17-ncv4-needfix-74b9eed/stage-a/stage-a-latest.pt
progress epoch=2 optimizer_steps=54028 raw_loss=2.412889 weighted_loss=6.200090 lr=0.0001 windows=65391/106562
progress epoch=2 optimizer_steps=54051 raw_loss=2.111179 weighted_loss=3.323077 lr=0.0001 windows=65512/106562
progress epoch=2 optimizer_steps=54078 raw_loss=2.188987 weighted_loss=8.979866 lr=0.0001 windows=65656/106562
progress epoch=2 optimizer_steps=54101 raw_loss=1.810165 weighted_loss=2.013619 lr=0.0001 windows=65752/106562
progress epoch=2 optimizer_steps=54127 raw_loss=2.054302 weighted_loss=5.005193 lr=0.0001 windows=65872/106562
progress epoch=2 optimizer_steps=54154 raw_loss=1.937925 weighted_loss=2.503901 lr=0.0001 windows=65992/106562
progress epoch=2 optimizer_steps=54175 raw_loss=1.805478 weighted_loss=2.457131 lr=0.0001 windows=66076/106562
progress epoch=2 optimizer_steps=54200 raw_loss=2.674815 weighted_loss=12.618012 lr=0.0001 windows=66267/106562
progress epoch=2 optimizer_steps=54225 raw_loss=2.366746 weighted_loss=5.153957 lr=0.0001 windows=66387/106562
progress epoch=2 optimizer_steps=54252 raw_loss=1.692686 weighted_loss=2.311019 lr=0.0001 windows=66483/106562
progress epoch=2 optimizer_steps=54276 raw_loss=2.128975 weighted_loss=3.224028 lr=0.0001 windows=66603/106562
progress epoch=2 optimizer_steps=54304 raw_loss=1.636520 weighted_loss=1.994739 lr=0.0001 windows=66709/106562
progress epoch=2 optimizer_steps=54329 raw_loss=1.699276 weighted_loss=2.091437 lr=0.0001 windows=66805/106562
progress epoch=2 optimizer_steps=54354 raw_loss=1.780048 weighted_loss=2.249935 lr=0.0001 windows=66901/106562
progress epoch=2 optimizer_steps=54380 raw_loss=1.930326 weighted_loss=2.452805 lr=0.0001 windows=67021/106562
progress epoch=2 optimizer_steps=54401 raw_loss=2.188873 weighted_loss=2.609806 lr=0.0001 windows=67122/106562
progress epoch=2 optimizer_steps=54430 raw_loss=1.815741 weighted_loss=2.120175 lr=0.0001 windows=67242/106562
progress epoch=2 optimizer_steps=54456 raw_loss=1.641194 weighted_loss=1.990433 lr=0.0001 windows=67338/106562
progress epoch=2 optimizer_steps=54475 raw_loss=1.893827 weighted_loss=2.270824 lr=0.0001 windows=67426/106562
progress epoch=2 optimizer_steps=54503 raw_loss=1.827071 weighted_loss=2.602370 lr=0.0001 windows=67546/106562
progress epoch=2 optimizer_steps=54527 raw_loss=1.985584 weighted_loss=3.036786 lr=0.0001 windows=67652/106562
progress epoch=2 optimizer_steps=54556 raw_loss=2.154336 weighted_loss=5.634754 lr=0.0001 windows=67796/106562
progress epoch=2 optimizer_steps=54576 raw_loss=1.896820 weighted_loss=2.197640 lr=0.0001 windows=67892/106562
progress epoch=2 optimizer_steps=54600 raw_loss=1.818869 weighted_loss=2.444108 lr=0.0001 windows=67988/106562
progress epoch=2 optimizer_steps=54630 raw_loss=1.822992 weighted_loss=1.905194 lr=0.0001 windows=68108/106562
progress epoch=2 optimizer_steps=54654 raw_loss=1.789065 weighted_loss=1.885516 lr=0.0001 windows=68204/106562
progress epoch=2 optimizer_steps=54676 raw_loss=2.116491 weighted_loss=5.963262 lr=0.0001 windows=68324/106562
progress epoch=2 optimizer_steps=54702 raw_loss=2.156295 weighted_loss=2.792513 lr=0.0001 windows=68444/106562
progress epoch=2 optimizer_steps=54729 raw_loss=2.303653 weighted_loss=5.254466 lr=0.0001 windows=68588/106562
progress epoch=2 optimizer_steps=54754 raw_loss=2.024505 weighted_loss=2.881567 lr=0.0001 windows=68708/106562
progress epoch=2 optimizer_steps=54775 raw_loss=2.090220 weighted_loss=2.564785 lr=0.0001 windows=68804/106562
progress epoch=2 optimizer_steps=54804 raw_loss=2.287121 weighted_loss=5.025353 lr=0.0001 windows=68948/106562
progress epoch=2 optimizer_steps=54828 raw_loss=1.923519 weighted_loss=2.502729 lr=0.0001 windows=69068/106562
progress epoch=2 optimizer_steps=54851 raw_loss=1.866079 weighted_loss=2.152332 lr=0.0001 windows=69164/106562
progress epoch=2 optimizer_steps=54882 raw_loss=1.854446 weighted_loss=2.293324 lr=0.0001 windows=69284/106562
progress epoch=2 optimizer_steps=54905 raw_loss=1.594096 weighted_loss=1.796307 lr=0.0001 windows=69380/106562
progress epoch=2 optimizer_steps=54926 raw_loss=2.639248 weighted_loss=7.465294 lr=0.0001 windows=69500/106562
progress epoch=2 optimizer_steps=54954 raw_loss=2.099714 weighted_loss=4.803185 lr=0.0001 windows=69644/106562
progress epoch=2 optimizer_steps=54975 raw_loss=2.125858 weighted_loss=2.674827 lr=0.0001 windows=69740/106562
progress epoch=2 optimizer_steps=55005 raw_loss=1.803259 weighted_loss=1.927651 lr=0.0001 windows=69860/106562
checkpoint optimizer_steps=55005 path=/home/yanzhou/cyh/cid-v17-retrain/runs/cid-v1-0.4b-v17-ncv4-needfix-74b9eed/stage-a/stage-a-latest.pt
progress epoch=2 optimizer_steps=55027 raw_loss=2.016917 weighted_loss=2.290925 lr=0.0001 windows=69956/106562
progress epoch=2 optimizer_steps=55051 raw_loss=1.761735 weighted_loss=2.392305 lr=0.0001 windows=70052/106562
progress epoch=2 optimizer_steps=55078 raw_loss=1.817099 weighted_loss=2.458340 lr=0.0001 windows=70172/106562
progress epoch=2 optimizer_steps=55102 raw_loss=1.724408 weighted_loss=2.106277 lr=0.0001 windows=70268/106562
progress epoch=2 optimizer_steps=55129 raw_loss=1.855042 weighted_loss=2.847536 lr=0.0001 windows=70388/106562
progress epoch=2 optimizer_steps=55155 raw_loss=1.867001 weighted_loss=2.873210 lr=0.0001 windows=70508/106562
progress epoch=2 optimizer_steps=55178 raw_loss=2.148569 weighted_loss=3.414133 lr=0.0001 windows=70627/106562
progress epoch=2 optimizer_steps=55203 raw_loss=2.249501 weighted_loss=7.406867 lr=0.0001 windows=70771/106562
progress epoch=2 optimizer_steps=55227 raw_loss=2.439564 weighted_loss=6.010466 lr=0.0001 windows=70915/106562
progress epoch=2 optimizer_steps=55253 raw_loss=1.850555 weighted_loss=2.355897 lr=0.0001 windows=71035/106562
progress epoch=2 optimizer_steps=55276 raw_loss=2.161797 weighted_loss=3.663474 lr=0.0001 windows=71155/106562
progress epoch=2 optimizer_steps=55304 raw_loss=1.757432 weighted_loss=2.387843 lr=0.0001 windows=71275/106562
progress epoch=2 optimizer_steps=55332 raw_loss=1.571261 weighted_loss=3.870109 lr=0.0001 windows=71395/106562
progress epoch=2 optimizer_steps=55352 raw_loss=2.129817 weighted_loss=2.742452 lr=0.0001 windows=71491/106562
progress epoch=2 optimizer_steps=55379 raw_loss=2.066234 weighted_loss=5.084909 lr=0.0001 windows=71635/106562
progress epoch=2 optimizer_steps=55404 raw_loss=2.075908 weighted_loss=5.556638 lr=0.0001 windows=71755/106562
progress epoch=2 optimizer_steps=55432 raw_loss=1.879220 weighted_loss=6.703749 lr=0.0001 windows=71899/106562
progress epoch=2 optimizer_steps=55451 raw_loss=2.247744 weighted_loss=3.210701 lr=0.0001 windows=71995/106562
progress epoch=2 optimizer_steps=55481 raw_loss=1.750885 weighted_loss=2.165762 lr=0.0001 windows=72115/106562
progress epoch=2 optimizer_steps=55502 raw_loss=2.018918 weighted_loss=3.264916 lr=0.0001 windows=72211/106562
progress epoch=2 optimizer_steps=55529 raw_loss=2.178937 weighted_loss=5.278884 lr=0.0001 windows=72355/106562
progress epoch=2 optimizer_steps=55552 raw_loss=1.885215 weighted_loss=2.148805 lr=0.0001 windows=72451/106562
progress epoch=2 optimizer_steps=55575 raw_loss=2.611995 weighted_loss=9.447237 lr=0.0001 windows=72595/106562
progress epoch=2 optimizer_steps=55603 raw_loss=2.179725 weighted_loss=4.908721 lr=0.0001 windows=72735/106562
progress epoch=2 optimizer_steps=55625 raw_loss=1.652886 weighted_loss=1.877889 lr=0.0001 windows=72831/106562
progress epoch=2 optimizer_steps=55654 raw_loss=1.885609 weighted_loss=4.192801 lr=0.0001 windows=72951/106562
progress epoch=2 optimizer_steps=55677 raw_loss=1.489818 weighted_loss=1.518583 lr=0.0001 windows=73047/106562
progress epoch=2 optimizer_steps=55703 raw_loss=2.102235 weighted_loss=4.823422 lr=0.0001 windows=73167/106562
progress epoch=2 optimizer_steps=55730 raw_loss=1.426589 weighted_loss=1.357338 lr=0.0001 windows=73263/106562
progress epoch=2 optimizer_steps=55752 raw_loss=1.934550 weighted_loss=2.342673 lr=0.0001 windows=73359/106562
progress epoch=2 optimizer_steps=55776 raw_loss=1.731563 weighted_loss=2.511040 lr=0.0001 windows=73479/106562
progress epoch=2 optimizer_steps=55802 raw_loss=1.809992 weighted_loss=1.918033 lr=0.0001 windows=73575/106562
progress epoch=2 optimizer_steps=55830 raw_loss=2.684311 weighted_loss=12.355797 lr=0.0001 windows=73743/106562
progress epoch=2 optimizer_steps=55856 raw_loss=1.587729 weighted_loss=1.624308 lr=0.0001 windows=73839/106562
progress epoch=2 optimizer_steps=55877 raw_loss=2.215291 weighted_loss=5.298918 lr=0.0001 windows=73935/106562
progress epoch=2 optimizer_steps=55905 raw_loss=2.039162 weighted_loss=4.275089 lr=0.0001 windows=74055/106562
progress epoch=2 optimizer_steps=55927 raw_loss=2.666247 weighted_loss=6.839806 lr=0.0001 windows=74175/106562
progress epoch=2 optimizer_steps=55951 raw_loss=1.925899 weighted_loss=2.385256 lr=0.0001 windows=74271/106562
progress epoch=2 optimizer_steps=55980 raw_loss=2.181939 weighted_loss=4.547767 lr=0.0001 windows=74415/106562
progress epoch=2 optimizer_steps=56000 raw_loss=1.421253 weighted_loss=1.424117 lr=0.0001 windows=74487/106562
checkpoint optimizer_steps=56000 path=/home/yanzhou/cyh/cid-v17-retrain/runs/cid-v1-0.4b-v17-ncv4-needfix-74b9eed/stage-a/stage-a-latest.pt
progress epoch=2 optimizer_steps=56027 raw_loss=2.234223 weighted_loss=5.351546 lr=0.0001 windows=74607/106562
progress epoch=2 optimizer_steps=56050 raw_loss=1.768849 weighted_loss=1.933805 lr=0.0001 windows=74703/106562
progress epoch=2 optimizer_steps=56077 raw_loss=1.921420 weighted_loss=5.415969 lr=0.0001 windows=74823/106562
progress epoch=2 optimizer_steps=56100 raw_loss=2.442221 weighted_loss=5.768009 lr=0.0001 windows=74943/106562
progress epoch=2 optimizer_steps=56128 raw_loss=2.097896 weighted_loss=3.664974 lr=0.0001 windows=75087/106562
progress epoch=2 optimizer_steps=56154 raw_loss=1.965473 weighted_loss=2.583449 lr=0.0001 windows=75207/106562
progress epoch=2 optimizer_steps=56177 raw_loss=2.098362 weighted_loss=5.244421 lr=0.0001 windows=75303/106562
progress epoch=2 optimizer_steps=56204 raw_loss=2.192996 weighted_loss=8.401454 lr=0.0001 windows=75447/106562
progress epoch=2 optimizer_steps=56225 raw_loss=1.911457 weighted_loss=2.741544 lr=0.0001 windows=75543/106562
progress epoch=2 optimizer_steps=56253 raw_loss=2.379187 weighted_loss=5.812593 lr=0.0001 windows=75687/106562
progress epoch=2 optimizer_steps=56277 raw_loss=1.922649 weighted_loss=2.354449 lr=0.0001 windows=75783/106562
progress epoch=2 optimizer_steps=56300 raw_loss=2.497428 weighted_loss=7.220948 lr=0.0001 windows=75927/106562
progress epoch=2 optimizer_steps=56326 raw_loss=2.161432 weighted_loss=7.753152 lr=0.0001 windows=76071/106562
progress epoch=2 optimizer_steps=56354 raw_loss=1.982351 weighted_loss=2.297901 lr=0.0001 windows=76191/106562
progress epoch=2 optimizer_steps=56375 raw_loss=1.662130 weighted_loss=1.979573 lr=0.0001 windows=76287/106562
progress epoch=2 optimizer_steps=56406 raw_loss=1.715839 weighted_loss=2.180049 lr=0.0001 windows=76431/106562
progress epoch=2 optimizer_steps=56425 raw_loss=1.779354 weighted_loss=1.897658 lr=0.0001 windows=76503/106562
progress epoch=2 optimizer_steps=56450 raw_loss=1.907027 weighted_loss=3.458307 lr=0.0001 windows=76647/106562
progress epoch=2 optimizer_steps=56476 raw_loss=1.690160 weighted_loss=4.775828 lr=0.0001 windows=76767/106562
progress epoch=2 optimizer_steps=56504 raw_loss=1.898004 weighted_loss=2.496501 lr=0.0001 windows=76887/106562
progress epoch=2 optimizer_steps=56527 raw_loss=1.831410 weighted_loss=2.480780 lr=0.0001 windows=76983/106562
progress epoch=2 optimizer_steps=56550 raw_loss=2.021806 weighted_loss=6.660989 lr=0.0001 windows=77127/106562
progress epoch=2 optimizer_steps=56577 raw_loss=1.897378 weighted_loss=4.823807 lr=0.0001 windows=77271/106562
progress epoch=2 optimizer_steps=56601 raw_loss=1.620552 weighted_loss=2.608913 lr=0.0001 windows=77391/106562
progress epoch=2 optimizer_steps=56630 raw_loss=2.085596 weighted_loss=6.945289 lr=0.0001 windows=77535/106562
progress epoch=2 optimizer_steps=56654 raw_loss=1.480912 weighted_loss=1.663758 lr=0.0001 windows=77631/106562
progress epoch=2 optimizer_steps=56679 raw_loss=1.728714 weighted_loss=2.045676 lr=0.0001 windows=77751/106562
progress epoch=2 optimizer_steps=56705 raw_loss=1.862461 weighted_loss=2.409309 lr=0.0001 windows=77871/106562
progress epoch=2 optimizer_steps=56729 raw_loss=1.568017 weighted_loss=1.831494 lr=0.0001 windows=77967/106562
progress epoch=2 optimizer_steps=56752 raw_loss=1.497539 weighted_loss=2.280162 lr=0.0001 windows=78063/106562
progress epoch=2 optimizer_steps=56779 raw_loss=1.944300 weighted_loss=2.983116 lr=0.0001 windows=78207/106562
progress epoch=2 optimizer_steps=56804 raw_loss=1.676932 weighted_loss=1.836108 lr=0.0001 windows=78303/106562
progress epoch=2 optimizer_steps=56826 raw_loss=1.828771 weighted_loss=2.311345 lr=0.0001 windows=78399/106562
progress epoch=2 optimizer_steps=56853 raw_loss=1.505257 weighted_loss=1.742040 lr=0.0001 windows=78519/106562
progress epoch=2 optimizer_steps=56878 raw_loss=1.568832 weighted_loss=1.588742 lr=0.0001 windows=78615/106562
progress epoch=2 optimizer_steps=56901 raw_loss=1.739628 weighted_loss=4.331518 lr=0.0001 windows=78711/106562
progress epoch=2 optimizer_steps=56929 raw_loss=1.890461 weighted_loss=2.214142 lr=0.0001 windows=78831/106562
progress epoch=2 optimizer_steps=56952 raw_loss=1.651888 weighted_loss=1.945926 lr=0.0001 windows=78927/106562
progress epoch=2 optimizer_steps=56975 raw_loss=2.138047 weighted_loss=3.045824 lr=0.0001 windows=79047/106562
progress epoch=2 optimizer_steps=57004 raw_loss=1.962584 weighted_loss=6.299258 lr=0.0001 windows=79215/106562
checkpoint optimizer_steps=57004 path=/home/yanzhou/cyh/cid-v17-retrain/runs/cid-v1-0.4b-v17-ncv4-needfix-74b9eed/stage-a/stage-a-latest.pt
progress epoch=2 optimizer_steps=57029 raw_loss=1.923083 weighted_loss=4.482321 lr=0.0001 windows=79335/106562
progress epoch=2 optimizer_steps=57053 raw_loss=1.555225 weighted_loss=1.637377 lr=0.0001 windows=79431/106562
progress epoch=2 optimizer_steps=57078 raw_loss=1.671178 weighted_loss=2.794711 lr=0.0001 windows=79551/106562
progress epoch=2 optimizer_steps=57103 raw_loss=1.513465 weighted_loss=1.702409 lr=0.0001 windows=79647/106562
progress epoch=2 optimizer_steps=57126 raw_loss=1.638631 weighted_loss=4.701919 lr=0.0001 windows=79755/106562
progress epoch=2 optimizer_steps=57154 raw_loss=1.526541 weighted_loss=1.935797 lr=0.0001 windows=79875/106562
progress epoch=2 optimizer_steps=57176 raw_loss=1.801125 weighted_loss=2.759166 lr=0.0001 windows=79994/106562
progress epoch=2 optimizer_steps=57205 raw_loss=1.768610 weighted_loss=4.502158 lr=0.0001 windows=80128/106562
progress epoch=2 optimizer_steps=57228 raw_loss=1.345012 weighted_loss=1.439442 lr=0.0001 windows=80224/106562
progress epoch=2 optimizer_steps=57251 raw_loss=1.426429 weighted_loss=1.542338 lr=0.0001 windows=80320/106562
progress epoch=2 optimizer_steps=57280 raw_loss=1.294839 weighted_loss=1.274121 lr=0.0001 windows=80440/106562
progress epoch=2 optimizer_steps=57303 raw_loss=1.598610 weighted_loss=1.805765 lr=0.0001 windows=80536/106562
progress epoch=2 optimizer_steps=57327 raw_loss=1.523133 weighted_loss=2.047670 lr=0.0001 windows=80651/106562
progress epoch=2 optimizer_steps=57355 raw_loss=1.822160 weighted_loss=4.667257 lr=0.0001 windows=80792/106562
progress epoch=2 optimizer_steps=57379 raw_loss=1.386439 weighted_loss=1.442558 lr=0.0001 windows=80888/106562
progress epoch=2 optimizer_steps=57403 raw_loss=1.380891 weighted_loss=1.852887 lr=0.0001 windows=81008/106562
progress epoch=2 optimizer_steps=57425 raw_loss=1.323088 weighted_loss=1.549753 lr=0.0001 windows=81104/106562
progress epoch=2 optimizer_steps=57455 raw_loss=1.540177 weighted_loss=2.026657 lr=0.0001 windows=81248/106562
progress epoch=2 optimizer_steps=57475 raw_loss=1.667310 weighted_loss=2.668789 lr=0.0001 windows=81344/106562
progress epoch=2 optimizer_steps=57500 raw_loss=1.467429 weighted_loss=1.613178 lr=0.0001 windows=81440/106562
progress epoch=2 optimizer_steps=57525 raw_loss=1.635606 weighted_loss=1.995902 lr=0.0001 windows=81551/106562
progress epoch=2 optimizer_steps=57550 raw_loss=1.808414 weighted_loss=5.403415 lr=0.0001 windows=81695/106562
progress epoch=2 optimizer_steps=57581 raw_loss=1.351743 weighted_loss=1.255700 lr=0.0001 windows=81811/106562
progress epoch=2 optimizer_steps=57605 raw_loss=1.265983 weighted_loss=1.521263 lr=0.0001 windows=81907/106562
progress epoch=2 optimizer_steps=57631 raw_loss=1.646044 weighted_loss=5.491495 lr=0.0001 windows=82027/106562
progress epoch=2 optimizer_steps=57655 raw_loss=1.682692 weighted_loss=7.571292 lr=0.0001 windows=82147/106562
progress epoch=2 optimizer_steps=57677 raw_loss=1.360186 weighted_loss=1.530638 lr=0.0001 windows=82240/106562
progress epoch=2 optimizer_steps=57703 raw_loss=1.281849 weighted_loss=1.223805 lr=0.0001 windows=82336/106562
progress epoch=2 optimizer_steps=57727 raw_loss=1.563100 weighted_loss=4.197618 lr=0.0001 windows=82456/106562
progress epoch=2 optimizer_steps=57751 raw_loss=1.344763 weighted_loss=1.548243 lr=0.0001 windows=82552/106562
progress epoch=2 optimizer_steps=57775 raw_loss=1.504203 weighted_loss=2.747743 lr=0.0001 windows=82672/106562
progress epoch=2 optimizer_steps=57804 raw_loss=1.816243 weighted_loss=4.840772 lr=0.0001 windows=82840/106562
progress epoch=2 optimizer_steps=57827 raw_loss=1.517316 weighted_loss=4.327073 lr=0.0001 windows=82968/106562
progress epoch=2 optimizer_steps=57851 raw_loss=1.472437 weighted_loss=5.058990 lr=0.0001 windows=83088/106562
progress epoch=2 optimizer_steps=57878 raw_loss=1.298051 weighted_loss=2.949340 lr=0.0001 windows=83208/106562
progress epoch=2 optimizer_steps=57902 raw_loss=1.481042 weighted_loss=2.147265 lr=0.0001 windows=83328/106562
progress epoch=2 optimizer_steps=57925 raw_loss=1.642229 weighted_loss=2.786272 lr=0.0001 windows=83448/106562
progress epoch=2 optimizer_steps=57955 raw_loss=1.449193 weighted_loss=3.481920 lr=0.0001 windows=83592/106562
progress epoch=2 optimizer_steps=57976 raw_loss=1.375319 weighted_loss=1.736689 lr=0.0001 windows=83687/106562
progress epoch=2 optimizer_steps=58001 raw_loss=1.658519 weighted_loss=4.289315 lr=0.0001 windows=83820/106562
checkpoint optimizer_steps=58001 path=/home/yanzhou/cyh/cid-v17-retrain/runs/cid-v1-0.4b-v17-ncv4-needfix-74b9eed/stage-a/stage-a-latest.pt
progress epoch=2 optimizer_steps=58025 raw_loss=1.453708 weighted_loss=3.554258 lr=0.0001 windows=83940/106562
progress epoch=2 optimizer_steps=58052 raw_loss=1.173191 weighted_loss=1.257712 lr=0.0001 windows=84038/106562
progress epoch=2 optimizer_steps=58078 raw_loss=1.292419 weighted_loss=3.067541 lr=0.0001 windows=84158/106562
progress epoch=2 optimizer_steps=58104 raw_loss=1.446089 weighted_loss=3.079285 lr=0.0001 windows=84278/106562
progress epoch=2 optimizer_steps=58132 raw_loss=1.213781 weighted_loss=1.220346 lr=0.0001 windows=84374/106562
progress epoch=2 optimizer_steps=58155 raw_loss=1.520765 weighted_loss=5.920852 lr=0.0001 windows=84507/106562
progress epoch=2 optimizer_steps=58178 raw_loss=1.275549 weighted_loss=3.302885 lr=0.0001 windows=84627/106562
progress epoch=2 optimizer_steps=58201 raw_loss=1.511127 weighted_loss=4.515908 lr=0.0001 windows=84747/106562
progress epoch=2 optimizer_steps=58226 raw_loss=1.584809 weighted_loss=3.729427 lr=0.0001 windows=84884/106562
progress epoch=2 optimizer_steps=58254 raw_loss=1.179158 weighted_loss=1.454604 lr=0.0001 windows=85004/106562
progress epoch=2 optimizer_steps=58280 raw_loss=1.434060 weighted_loss=2.326392 lr=0.0001 windows=85124/106562
progress epoch=2 optimizer_steps=58302 raw_loss=1.605775 weighted_loss=3.288861 lr=0.0001 windows=85244/106562
progress epoch=2 optimizer_steps=58327 raw_loss=1.186894 weighted_loss=1.342413 lr=0.0001 windows=85340/106562
progress epoch=2 optimizer_steps=58353 raw_loss=1.127659 weighted_loss=1.120435 lr=0.0001 windows=85436/106562
progress epoch=2 optimizer_steps=58375 raw_loss=1.339472 weighted_loss=2.224317 lr=0.0001 windows=85532/106562
progress epoch=2 optimizer_steps=58401 raw_loss=1.388789 weighted_loss=2.236210 lr=0.0001 windows=85652/106562
progress epoch=2 optimizer_steps=58431 raw_loss=1.063245 weighted_loss=0.938494 lr=0.0001 windows=85748/106562
progress epoch=2 optimizer_steps=58450 raw_loss=1.420227 weighted_loss=2.400310 lr=0.0001 windows=85844/106562
progress epoch=2 optimizer_steps=58477 raw_loss=1.096479 weighted_loss=1.174412 lr=0.0001 windows=85940/106562
progress epoch=2 optimizer_steps=58504 raw_loss=1.105093 weighted_loss=1.057309 lr=0.0001 windows=86036/106562
progress epoch=2 optimizer_steps=58525 raw_loss=1.441478 weighted_loss=2.962257 lr=0.0001 windows=86156/106562
progress epoch=2 optimizer_steps=58553 raw_loss=1.246029 weighted_loss=1.838939 lr=0.0001 windows=86276/106562
progress epoch=2 optimizer_steps=58575 raw_loss=1.261270 weighted_loss=2.150659 lr=0.0001 windows=86372/106562
progress epoch=2 optimizer_steps=58603 raw_loss=1.277847 weighted_loss=1.963470 lr=0.0001 windows=86492/106562
progress epoch=2 optimizer_steps=58628 raw_loss=1.453055 weighted_loss=2.699363 lr=0.0001 windows=86612/106562
progress epoch=2 optimizer_steps=58653 raw_loss=1.436251 weighted_loss=2.595572 lr=0.0001 windows=86732/106562
progress epoch=2 optimizer_steps=58679 raw_loss=1.295743 weighted_loss=1.966556 lr=0.0001 windows=86852/106562
progress epoch=2 optimizer_steps=58704 raw_loss=1.608143 weighted_loss=2.473525 lr=0.0001 windows=86972/106562
progress epoch=2 optimizer_steps=58729 raw_loss=1.594652 weighted_loss=3.270230 lr=0.0001 windows=87116/106562
progress epoch=2 optimizer_steps=58750 raw_loss=0.994345 weighted_loss=0.931522 lr=0.0001 windows=87188/106562
progress epoch=2 optimizer_steps=58779 raw_loss=1.335013 weighted_loss=2.392750 lr=0.0001 windows=87340/106562
progress epoch=2 optimizer_steps=58804 raw_loss=1.215573 weighted_loss=1.822729 lr=0.0001 windows=87460/106562
progress epoch=2 optimizer_steps=58829 raw_loss=1.146775 weighted_loss=1.886085 lr=0.0001 windows=87580/106562
progress epoch=2 optimizer_steps=58851 raw_loss=1.486272 weighted_loss=2.907922 lr=0.0001 windows=87700/106562
progress epoch=2 optimizer_steps=58878 raw_loss=1.344067 weighted_loss=2.480877 lr=0.0001 windows=87844/106562
progress epoch=2 optimizer_steps=58900 raw_loss=1.096931 weighted_loss=1.801238 lr=0.0001 windows=87940/106562
progress epoch=2 optimizer_steps=58925 raw_loss=0.962209 weighted_loss=1.019527 lr=0.0001 windows=88036/106562
progress epoch=2 optimizer_steps=58951 raw_loss=0.976485 weighted_loss=0.973663 lr=0.0001 windows=88132/106562
progress epoch=2 optimizer_steps=58977 raw_loss=0.925508 weighted_loss=0.950773 lr=0.0001 windows=88228/106562
progress epoch=2 optimizer_steps=59003 raw_loss=1.115349 weighted_loss=1.669786 lr=0.0001 windows=88348/106562
checkpoint optimizer_steps=59003 path=/home/yanzhou/cyh/cid-v17-retrain/runs/cid-v1-0.4b-v17-ncv4-needfix-74b9eed/stage-a/stage-a-latest.pt
progress epoch=2 optimizer_steps=59026 raw_loss=1.572426 weighted_loss=3.618601 lr=0.0001 windows=88492/106562
progress epoch=2 optimizer_steps=59053 raw_loss=1.240450 weighted_loss=1.892145 lr=0.0001 windows=88612/106562
progress epoch=2 optimizer_steps=59079 raw_loss=1.353513 weighted_loss=2.319552 lr=0.0001 windows=88732/106562
progress epoch=2 optimizer_steps=59102 raw_loss=1.299479 weighted_loss=2.191052 lr=0.0001 windows=88852/106562
progress epoch=2 optimizer_steps=59128 raw_loss=0.940602 weighted_loss=0.944913 lr=0.0001 windows=88948/106562
progress epoch=2 optimizer_steps=59155 raw_loss=1.174858 weighted_loss=1.125905 lr=0.0001 windows=89044/106562
progress epoch=2 optimizer_steps=59176 raw_loss=1.144567 weighted_loss=1.703052 lr=0.0001 windows=89140/106562
progress epoch=2 optimizer_steps=59204 raw_loss=1.087287 weighted_loss=1.654101 lr=0.0001 windows=89260/106562
progress epoch=2 optimizer_steps=59227 raw_loss=1.002543 weighted_loss=1.141561 lr=0.0001 windows=89356/106562
progress epoch=2 optimizer_steps=59254 raw_loss=0.958839 weighted_loss=0.879539 lr=0.0001 windows=89452/106562
progress epoch=2 optimizer_steps=59278 raw_loss=1.159199 weighted_loss=1.284311 lr=0.0001 windows=89548/106562
progress epoch=2 optimizer_steps=59301 raw_loss=1.457299 weighted_loss=2.797240 lr=0.0001 windows=89668/106562
progress epoch=2 optimizer_steps=59330 raw_loss=1.381961 weighted_loss=2.429302 lr=0.0001 windows=89812/106562
progress epoch=2 optimizer_steps=59350 raw_loss=1.507563 weighted_loss=2.384351 lr=0.0001 windows=89908/106562
progress epoch=2 optimizer_steps=59377 raw_loss=1.103998 weighted_loss=1.108798 lr=0.0001 windows=90004/106562
progress epoch=2 optimizer_steps=59405 raw_loss=1.380502 weighted_loss=2.514696 lr=0.0001 windows=90148/106562
progress epoch=2 optimizer_steps=59425 raw_loss=1.351523 weighted_loss=2.154593 lr=0.0001 windows=90244/106562
progress epoch=2 optimizer_steps=59450 raw_loss=1.324851 weighted_loss=2.390084 lr=0.0001 windows=90364/106562
progress epoch=2 optimizer_steps=59480 raw_loss=1.057725 weighted_loss=1.183508 lr=0.0001 windows=90484/106562
progress epoch=2 optimizer_steps=59503 raw_loss=1.645018 weighted_loss=2.963569 lr=0.0001 windows=90604/106562
progress epoch=2 optimizer_steps=59526 raw_loss=1.308991 weighted_loss=2.394410 lr=0.0001 windows=90724/106562
progress epoch=2 optimizer_steps=59557 raw_loss=1.168489 weighted_loss=1.524300 lr=0.0001 windows=90844/106562
progress epoch=2 optimizer_steps=59575 raw_loss=1.176972 weighted_loss=1.271677 lr=0.0001 windows=90916/106562
progress epoch=2 optimizer_steps=59603 raw_loss=1.196723 weighted_loss=1.701195 lr=0.0001 windows=91036/106562
progress epoch=2 optimizer_steps=59627 raw_loss=1.163434 weighted_loss=1.286351 lr=0.0001 windows=91132/106562
progress epoch=2 optimizer_steps=59650 raw_loss=1.207741 weighted_loss=1.688794 lr=0.0001 windows=91228/106562
progress epoch=2 optimizer_steps=59676 raw_loss=1.331473 weighted_loss=1.882261 lr=0.0001 windows=91348/106562
progress epoch=2 optimizer_steps=59702 raw_loss=1.350405 weighted_loss=2.228669 lr=0.0001 windows=91468/106562
progress epoch=2 optimizer_steps=59727 raw_loss=1.039372 weighted_loss=1.413124 lr=0.0001 windows=91564/106562
progress epoch=2 optimizer_steps=59753 raw_loss=0.960371 weighted_loss=0.998817 lr=0.0001 windows=91660/106562
progress epoch=2 optimizer_steps=59775 raw_loss=1.225811 weighted_loss=1.775045 lr=0.0001 windows=91756/106562
progress epoch=2 optimizer_steps=59803 raw_loss=0.910493 weighted_loss=0.865979 lr=0.0001 windows=91852/106562
progress epoch=2 optimizer_steps=59829 raw_loss=1.296203 weighted_loss=1.944815 lr=0.0001 windows=91972/106562
progress epoch=2 optimizer_steps=59853 raw_loss=0.994241 weighted_loss=1.099154 lr=0.0001 windows=92068/106562
progress epoch=2 optimizer_steps=59880 raw_loss=1.190892 weighted_loss=1.237963 lr=0.0001 windows=92175/106562
progress epoch=2 optimizer_steps=59901 raw_loss=1.052028 weighted_loss=1.686060 lr=0.0001 windows=92271/106562
progress epoch=2 optimizer_steps=59928 raw_loss=1.224922 weighted_loss=2.205004 lr=0.0001 windows=92415/106562
progress epoch=2 optimizer_steps=59955 raw_loss=1.161551 weighted_loss=1.667176 lr=0.0001 windows=92535/106562
progress epoch=2 optimizer_steps=59977 raw_loss=1.391899 weighted_loss=2.767434 lr=0.0001 windows=92655/106562
progress epoch=2 optimizer_steps=60003 raw_loss=1.064576 weighted_loss=1.717055 lr=0.0001 windows=92775/106562
checkpoint optimizer_steps=60003 path=/home/yanzhou/cyh/cid-v17-retrain/runs/cid-v1-0.4b-v17-ncv4-needfix-74b9eed/stage-a/stage-a-latest.pt
progress epoch=2 optimizer_steps=60029 raw_loss=1.273518 weighted_loss=2.011668 lr=0.0001 windows=92895/106562
progress epoch=2 optimizer_steps=60053 raw_loss=1.041699 weighted_loss=1.156766 lr=0.0001 windows=92991/106562
progress epoch=2 optimizer_steps=60077 raw_loss=1.207929 weighted_loss=1.313680 lr=0.0001 windows=93087/106562
progress epoch=2 optimizer_steps=60101 raw_loss=1.398517 weighted_loss=2.930910 lr=0.0001 windows=93231/106562
progress epoch=2 optimizer_steps=60130 raw_loss=1.647992 weighted_loss=3.259663 lr=0.0001 windows=93399/106562
progress epoch=2 optimizer_steps=60150 raw_loss=1.439553 weighted_loss=2.192935 lr=0.0001 windows=93495/106562
progress epoch=2 optimizer_steps=60175 raw_loss=1.423767 weighted_loss=2.222367 lr=0.0001 windows=93615/106562
progress epoch=2 optimizer_steps=60205 raw_loss=1.569359 weighted_loss=3.047448 lr=0.0001 windows=93783/106562
progress epoch=2 optimizer_steps=60231 raw_loss=1.170922 weighted_loss=1.731168 lr=0.0001 windows=93903/106562
progress epoch=2 optimizer_steps=60252 raw_loss=1.116141 weighted_loss=1.746212 lr=0.0001 windows=93999/106562
progress epoch=2 optimizer_steps=60277 raw_loss=1.041088 weighted_loss=1.620445 lr=0.0001 windows=94119/106562
progress epoch=2 optimizer_steps=60302 raw_loss=0.933771 weighted_loss=0.973357 lr=0.0001 windows=94215/106562
progress epoch=2 optimizer_steps=60328 raw_loss=1.083105 weighted_loss=2.329077 lr=0.0001 windows=94359/106562
progress epoch=2 optimizer_steps=60352 raw_loss=1.029718 weighted_loss=1.682636 lr=0.0001 windows=94479/106562
progress epoch=2 optimizer_steps=60378 raw_loss=1.017671 weighted_loss=1.694417 lr=0.0001 windows=94599/106562
progress epoch=2 optimizer_steps=60401 raw_loss=1.200706 weighted_loss=2.353443 lr=0.0001 windows=94719/106562
progress epoch=2 optimizer_steps=60425 raw_loss=1.260520 weighted_loss=2.721362 lr=0.0001 windows=94863/106562
progress epoch=2 optimizer_steps=60453 raw_loss=1.129991 weighted_loss=2.131910 lr=0.0001 windows=95007/106562
progress epoch=2 optimizer_steps=60475 raw_loss=1.242568 weighted_loss=2.446682 lr=0.0001 windows=95127/106562
progress epoch=2 optimizer_steps=60503 raw_loss=1.254076 weighted_loss=2.111413 lr=0.0001 windows=95271/106562
progress epoch=2 optimizer_steps=60531 raw_loss=1.264828 weighted_loss=2.252507 lr=0.0001 windows=95415/106562
progress epoch=2 optimizer_steps=60552 raw_loss=1.164626 weighted_loss=1.817140 lr=0.0001 windows=95511/106562
progress epoch=2 optimizer_steps=60576 raw_loss=0.931876 weighted_loss=1.015639 lr=0.0001 windows=95607/106562
progress epoch=2 optimizer_steps=60601 raw_loss=1.243724 weighted_loss=2.289768 lr=0.0001 windows=95751/106562
progress epoch=2 optimizer_steps=60626 raw_loss=1.215214 weighted_loss=1.837553 lr=0.0001 windows=95871/106562
progress epoch=2 optimizer_steps=60653 raw_loss=1.171105 weighted_loss=2.169036 lr=0.0001 windows=96015/106562
progress epoch=2 optimizer_steps=60680 raw_loss=1.220249 weighted_loss=1.972342 lr=0.0001 windows=96159/106562
progress epoch=2 optimizer_steps=60700 raw_loss=0.999919 weighted_loss=1.505940 lr=0.0001 windows=96255/106562
progress epoch=2 optimizer_steps=60728 raw_loss=1.056518 weighted_loss=1.818140 lr=0.0001 windows=96399/106562
progress epoch=2 optimizer_steps=60751 raw_loss=1.363539 weighted_loss=2.599422 lr=0.0001 windows=96519/106562
progress epoch=2 optimizer_steps=60777 raw_loss=1.063605 weighted_loss=1.685192 lr=0.0001 windows=96639/106562
progress epoch=2 optimizer_steps=60801 raw_loss=0.773604 weighted_loss=0.821474 lr=0.0001 windows=96735/106562
progress epoch=2 optimizer_steps=60825 raw_loss=0.941837 weighted_loss=1.020310 lr=0.0001 windows=96831/106562
progress epoch=2 optimizer_steps=60851 raw_loss=1.295489 weighted_loss=2.492223 lr=0.0001 windows=96975/106562
progress epoch=2 optimizer_steps=60876 raw_loss=0.870850 weighted_loss=0.918434 lr=0.0001 windows=97071/106562
progress epoch=2 optimizer_steps=60904 raw_loss=0.879926 weighted_loss=1.018279 lr=0.0001 windows=97191/106562
progress epoch=2 optimizer_steps=60925 raw_loss=1.460062 weighted_loss=2.714479 lr=0.0001 windows=97311/106562
progress epoch=2 optimizer_steps=60955 raw_loss=1.140284 weighted_loss=1.708486 lr=0.0001 windows=97455/106562
progress epoch=2 optimizer_steps=60979 raw_loss=0.993456 weighted_loss=1.590270 lr=0.0001 windows=97575/106562
progress epoch=2 optimizer_steps=61001 raw_loss=0.929831 weighted_loss=1.350744 lr=0.0001 windows=97671/106562
checkpoint optimizer_steps=61001 path=/home/yanzhou/cyh/cid-v17-retrain/runs/cid-v1-0.4b-v17-ncv4-needfix-74b9eed/stage-a/stage-a-latest.pt
progress epoch=2 optimizer_steps=61027 raw_loss=0.948153 weighted_loss=1.396019 lr=0.0001 windows=97791/106562
progress epoch=2 optimizer_steps=61053 raw_loss=0.736017 weighted_loss=0.742316 lr=0.0001 windows=97887/106562
progress epoch=2 optimizer_steps=61075 raw_loss=1.443856 weighted_loss=2.429846 lr=0.0001 windows=98007/106562
progress epoch=2 optimizer_steps=61100 raw_loss=1.172135 weighted_loss=1.308736 lr=0.0001 windows=98103/106562
progress epoch=2 optimizer_steps=61125 raw_loss=0.881549 weighted_loss=1.256809 lr=0.0001 windows=98223/106562
progress epoch=2 optimizer_steps=61152 raw_loss=0.947696 weighted_loss=1.322473 lr=0.0001 windows=98343/106562
progress epoch=2 optimizer_steps=61177 raw_loss=0.914556 weighted_loss=1.435248 lr=0.0001 windows=98463/106562
progress epoch=2 optimizer_steps=61200 raw_loss=1.126979 weighted_loss=2.134582 lr=0.0001 windows=98587/106562
progress epoch=2 optimizer_steps=61228 raw_loss=0.858305 weighted_loss=1.260190 lr=0.0001 windows=98707/106562
progress epoch=2 optimizer_steps=61253 raw_loss=1.184705 weighted_loss=2.733232 lr=0.0001 windows=98851/106562
progress epoch=2 optimizer_steps=61277 raw_loss=0.828603 weighted_loss=1.426702 lr=0.0001 windows=98971/106562
progress epoch=2 optimizer_steps=61305 raw_loss=0.744797 weighted_loss=1.021281 lr=0.0001 windows=99091/106562
progress epoch=2 optimizer_steps=61327 raw_loss=0.845212 weighted_loss=1.388112 lr=0.0001 windows=99187/106562
progress epoch=2 optimizer_steps=61353 raw_loss=0.745894 weighted_loss=0.747216 lr=0.0001 windows=99283/106562
progress epoch=2 optimizer_steps=61377 raw_loss=1.105494 weighted_loss=2.020362 lr=0.0001 windows=99403/106562
progress epoch=2 optimizer_steps=61400 raw_loss=1.176542 weighted_loss=2.118890 lr=0.0001 windows=99523/106562
progress epoch=2 optimizer_steps=61431 raw_loss=0.947240 weighted_loss=1.517496 lr=0.0001 windows=99667/106562
progress epoch=2 optimizer_steps=61450 raw_loss=1.004238 weighted_loss=2.249383 lr=0.0001 windows=99787/106562
progress epoch=2 optimizer_steps=61480 raw_loss=1.137726 weighted_loss=2.006145 lr=0.0001 windows=99931/106562
progress epoch=2 optimizer_steps=61502 raw_loss=0.871503 weighted_loss=1.363881 lr=0.0001 windows=100027/106562
progress epoch=2 optimizer_steps=61528 raw_loss=0.960521 weighted_loss=0.972996 lr=0.0001 windows=100123/106562
progress epoch=2 optimizer_steps=61556 raw_loss=1.070273 weighted_loss=1.633077 lr=0.0001 windows=100243/106562
progress epoch=2 optimizer_steps=61575 raw_loss=1.399723 weighted_loss=3.577747 lr=0.0001 windows=100363/106562
progress epoch=2 optimizer_steps=61606 raw_loss=1.318906 weighted_loss=2.108331 lr=0.0001 windows=100507/106562
progress epoch=2 optimizer_steps=61629 raw_loss=1.131283 weighted_loss=2.402140 lr=0.0001 windows=100627/106562
progress epoch=2 optimizer_steps=61652 raw_loss=1.464796 weighted_loss=2.786425 lr=0.0001 windows=100747/106562
progress epoch=2 optimizer_steps=61681 raw_loss=1.521008 weighted_loss=2.707807 lr=0.0001 windows=100904/106562
progress epoch=2 optimizer_steps=61701 raw_loss=1.631844 weighted_loss=3.643433 lr=0.0001 windows=101024/106562
progress epoch=2 optimizer_steps=61726 raw_loss=1.112774 weighted_loss=2.128425 lr=0.0001 windows=101144/106562
progress epoch=2 optimizer_steps=61753 raw_loss=1.352391 weighted_loss=3.136363 lr=0.0001 windows=101288/106562
progress epoch=2 optimizer_steps=61780 raw_loss=1.346663 weighted_loss=2.972366 lr=0.0001 windows=101432/106562
progress epoch=2 optimizer_steps=61800 raw_loss=1.311252 weighted_loss=3.146441 lr=0.0001 windows=101552/106562
progress epoch=2 optimizer_steps=61825 raw_loss=1.003788 weighted_loss=1.981813 lr=0.0001 windows=101672/106562
progress epoch=2 optimizer_steps=61852 raw_loss=1.564900 weighted_loss=3.059592 lr=0.0001 windows=101816/106562
progress epoch=2 optimizer_steps=61879 raw_loss=1.453432 weighted_loss=2.995123 lr=0.0001 windows=101960/106562
progress epoch=2 optimizer_steps=61906 raw_loss=1.219636 weighted_loss=2.746165 lr=0.0001 windows=102104/106562
progress epoch=2 optimizer_steps=61926 raw_loss=1.353973 weighted_loss=3.317209 lr=0.0001 windows=102224/106562
progress epoch=2 optimizer_steps=61951 raw_loss=1.102183 weighted_loss=2.055748 lr=0.0001 windows=102344/106562
progress epoch=2 optimizer_steps=61978 raw_loss=1.248992 weighted_loss=2.889611 lr=0.0001 windows=102488/106562
progress epoch=2 optimizer_steps=62005 raw_loss=1.274813 weighted_loss=2.790852 lr=0.0001 windows=102632/106562
checkpoint optimizer_steps=62005 path=/home/yanzhou/cyh/cid-v17-retrain/runs/cid-v1-0.4b-v17-ncv4-needfix-74b9eed/stage-a/stage-a-latest.pt
progress epoch=2 optimizer_steps=62025 raw_loss=1.372370 weighted_loss=3.239622 lr=0.0001 windows=102752/106562
progress epoch=2 optimizer_steps=62050 raw_loss=1.092902 weighted_loss=1.945024 lr=0.0001 windows=102872/106562
progress epoch=2 optimizer_steps=62077 raw_loss=1.180777 weighted_loss=2.541441 lr=0.0001 windows=103016/106562
progress epoch=2 optimizer_steps=62104 raw_loss=1.233337 weighted_loss=2.446110 lr=0.0001 windows=103160/106562
progress epoch=2 optimizer_steps=62131 raw_loss=1.252122 weighted_loss=2.615946 lr=0.0001 windows=103304/106562
progress epoch=2 optimizer_steps=62151 raw_loss=1.602452 weighted_loss=3.837241 lr=0.0001 windows=103424/106562
progress epoch=2 optimizer_steps=62176 raw_loss=1.188983 weighted_loss=2.133478 lr=0.0001 windows=103544/106562
progress epoch=2 optimizer_steps=62203 raw_loss=1.362027 weighted_loss=2.925866 lr=0.0001 windows=103688/106562
progress epoch=2 optimizer_steps=62230 raw_loss=1.290497 weighted_loss=2.787653 lr=0.0001 windows=103832/106562
progress epoch=2 optimizer_steps=62250 raw_loss=1.329845 weighted_loss=3.246135 lr=0.0001 windows=103952/106562
progress epoch=2 optimizer_steps=62275 raw_loss=1.096544 weighted_loss=2.104121 lr=0.0001 windows=104072/106562
progress epoch=2 optimizer_steps=62302 raw_loss=1.298068 weighted_loss=2.654227 lr=0.0001 windows=104216/106562
progress epoch=2 optimizer_steps=62329 raw_loss=1.311045 weighted_loss=3.020447 lr=0.0001 windows=104360/106562
progress epoch=2 optimizer_steps=62356 raw_loss=1.097384 weighted_loss=2.513832 lr=0.0001 windows=104504/106562
progress epoch=2 optimizer_steps=62376 raw_loss=1.108096 weighted_loss=2.573292 lr=0.0001 windows=104624/106562
progress epoch=2 optimizer_steps=62401 raw_loss=0.811378 weighted_loss=1.550825 lr=0.0001 windows=104744/106562
progress epoch=2 optimizer_steps=62428 raw_loss=0.852476 weighted_loss=1.702758 lr=0.0001 windows=104888/106562
progress epoch=2 optimizer_steps=62455 raw_loss=1.141196 weighted_loss=1.972354 lr=0.0001 windows=105032/106562
progress epoch=2 optimizer_steps=62475 raw_loss=1.130789 weighted_loss=2.230728 lr=0.0001 windows=105152/106562
progress epoch=2 optimizer_steps=62500 raw_loss=0.943098 weighted_loss=1.349180 lr=0.0001 windows=105272/106562
progress epoch=2 optimizer_steps=62527 raw_loss=0.955028 weighted_loss=1.620469 lr=0.0001 windows=105416/106562
progress epoch=2 optimizer_steps=62554 raw_loss=0.916199 weighted_loss=1.502438 lr=0.0001 windows=105560/106562
progress epoch=2 optimizer_steps=62575 raw_loss=1.157217 weighted_loss=2.512703 lr=0.0001 windows=105725/106562
progress epoch=2 optimizer_steps=62601 raw_loss=1.461720 weighted_loss=4.799434 lr=0.0001 windows=106037/106562
progress epoch=2 optimizer_steps=62625 raw_loss=1.221591 weighted_loss=4.010992 lr=0.0001 windows=106325/106562
epoch=2 transitions=804154 optimizer_steps=62645 raw_loss=1.902403 weighted_loss=2.083624 validation_loss=2.885153 rollout_probability=0.500 checkpoint=/home/yanzhou/cyh/cid-v17-retrain/runs/cid-v1-0.4b-v17-ncv4-needfix-74b9eed/stage-a/stage-a-epoch-0002.pt
progress epoch=3 optimizer_steps=62650 raw_loss=8.814114 weighted_loss=9.268884 lr=0.0001 windows=29/106562
progress epoch=3 optimizer_steps=62691 raw_loss=3.644209 weighted_loss=1.472722 lr=0.0001 windows=92/106562
progress epoch=3 optimizer_steps=62707 raw_loss=2.847724 weighted_loss=3.489901 lr=0.0001 windows=136/106562
progress epoch=3 optimizer_steps=62726 raw_loss=2.588393 weighted_loss=1.110026 lr=0.0001 windows=164/106562
progress epoch=3 optimizer_steps=62750 raw_loss=2.477334 weighted_loss=1.614680 lr=0.0001 windows=214/106562
progress epoch=3 optimizer_steps=62775 raw_loss=2.274316 weighted_loss=1.251458 lr=0.0001 windows=261/106562
progress epoch=3 optimizer_steps=62805 raw_loss=3.376806 weighted_loss=1.542231 lr=0.0001 windows=309/106562
progress epoch=3 optimizer_steps=62827 raw_loss=1.709075 weighted_loss=0.762942 lr=0.0001 windows=341/106562
progress epoch=3 optimizer_steps=62855 raw_loss=2.423179 weighted_loss=0.930244 lr=0.0001 windows=382/106562
progress epoch=3 optimizer_steps=62876 raw_loss=3.085248 weighted_loss=2.348765 lr=0.0001 windows=437/106562
progress epoch=3 optimizer_steps=62905 raw_loss=2.078643 weighted_loss=1.973202 lr=0.0001 windows=497/106562
progress epoch=3 optimizer_steps=62930 raw_loss=2.468036 weighted_loss=0.958983 lr=0.0001 windows=529/106562
progress epoch=3 optimizer_steps=62955 raw_loss=2.111826 weighted_loss=1.364976 lr=0.0001 windows=596/106562
progress epoch=3 optimizer_steps=62989 raw_loss=2.238104 weighted_loss=1.052071 lr=0.0001 windows=658/106562
progress epoch=3 optimizer_steps=63005 raw_loss=1.892936 weighted_loss=1.543537 lr=0.0001 windows=691/106562
checkpoint optimizer_steps=63005 path=/home/yanzhou/cyh/cid-v17-retrain/runs/cid-v1-0.4b-v17-ncv4-needfix-74b9eed/stage-a/stage-a-latest.pt
progress epoch=3 optimizer_steps=63030 raw_loss=2.589313 weighted_loss=1.671035 lr=0.0001 windows=755/106562
progress epoch=3 optimizer_steps=63052 raw_loss=2.588820 weighted_loss=2.313713 lr=0.0001 windows=814/106562
progress epoch=3 optimizer_steps=63078 raw_loss=2.247390 weighted_loss=2.020096 lr=0.0001 windows=866/106562
progress epoch=3 optimizer_steps=63106 raw_loss=2.204090 weighted_loss=1.672132 lr=0.0001 windows=934/106562
progress epoch=3 optimizer_steps=63127 raw_loss=3.474258 weighted_loss=2.837786 lr=0.0001 windows=1010/106562
progress epoch=3 optimizer_steps=63151 raw_loss=2.417559 weighted_loss=0.770269 lr=0.0001 windows=1038/106562
progress epoch=3 optimizer_steps=63177 raw_loss=2.468760 weighted_loss=2.617276 lr=0.0001 windows=1102/106562
progress epoch=3 optimizer_steps=63207 raw_loss=3.634123 weighted_loss=2.006258 lr=0.0001 windows=1191/106562
progress epoch=3 optimizer_steps=63227 raw_loss=1.443337 weighted_loss=0.618318 lr=0.0001 windows=1227/106562
progress epoch=3 optimizer_steps=63254 raw_loss=2.499746 weighted_loss=2.344049 lr=0.0001 windows=1299/106562
progress epoch=3 optimizer_steps=63282 raw_loss=2.316165 weighted_loss=1.231687 lr=0.0001 windows=1361/106562
progress epoch=3 optimizer_steps=63301 raw_loss=2.020556 weighted_loss=0.992087 lr=0.0001 windows=1396/106562
progress epoch=3 optimizer_steps=63335 raw_loss=1.866084 weighted_loss=0.774496 lr=0.0001 windows=1443/106562
progress epoch=3 optimizer_steps=63354 raw_loss=2.011384 weighted_loss=1.062130 lr=0.0001 windows=1481/106562
progress epoch=3 optimizer_steps=63380 raw_loss=2.115076 weighted_loss=1.545564 lr=0.0001 windows=1541/106562
progress epoch=3 optimizer_steps=63403 raw_loss=2.020164 weighted_loss=1.608191 lr=0.0001 windows=1596/106562
progress epoch=3 optimizer_steps=63431 raw_loss=2.263065 weighted_loss=1.385356 lr=0.0001 windows=1645/106562
progress epoch=3 optimizer_steps=63455 raw_loss=1.919369 weighted_loss=0.741944 lr=0.0001 windows=1681/106562
progress epoch=3 optimizer_steps=63481 raw_loss=2.268155 weighted_loss=1.246369 lr=0.0001 windows=1744/106562
progress epoch=3 optimizer_steps=63505 raw_loss=1.857607 weighted_loss=0.894826 lr=0.0001 windows=1793/106562
progress epoch=3 optimizer_steps=63532 raw_loss=2.647032 weighted_loss=2.383908 lr=0.0001 windows=1867/106562
progress epoch=3 optimizer_steps=63551 raw_loss=1.902456 weighted_loss=0.831470 lr=0.0001 windows=1897/106562
progress epoch=3 optimizer_steps=63579 raw_loss=2.857527 weighted_loss=1.547147 lr=0.0001 windows=1975/106562
progress epoch=3 optimizer_steps=63600 raw_loss=2.291047 weighted_loss=0.992593 lr=0.0001 windows=2015/106562
progress epoch=3 optimizer_steps=63631 raw_loss=1.943363 weighted_loss=2.054270 lr=0.0001 windows=2075/106562
progress epoch=3 optimizer_steps=63655 raw_loss=2.261632 weighted_loss=1.672891 lr=0.0001 windows=2165/106562
progress epoch=3 optimizer_steps=63677 raw_loss=2.225136 weighted_loss=5.496717 lr=0.0001 windows=2228/106562
progress epoch=3 optimizer_steps=63707 raw_loss=2.212359 weighted_loss=1.009300 lr=0.0001 windows=2281/106562
progress epoch=3 optimizer_steps=63736 raw_loss=2.122833 weighted_loss=1.969894 lr=0.0001 windows=2340/106562
progress epoch=3 optimizer_steps=63751 raw_loss=1.924950 weighted_loss=2.187354 lr=0.0001 windows=2370/106562
progress epoch=3 optimizer_steps=63781 raw_loss=1.593057 weighted_loss=0.826685 lr=0.0001 windows=2430/106562
progress epoch=3 optimizer_steps=63805 raw_loss=2.238242 weighted_loss=0.768943 lr=0.0001 windows=2464/106562
progress epoch=3 optimizer_steps=63830 raw_loss=2.826653 weighted_loss=1.773742 lr=0.0001 windows=2513/106562
progress epoch=3 optimizer_steps=63852 raw_loss=2.207616 weighted_loss=1.418594 lr=0.0001 windows=2561/106562
progress epoch=3 optimizer_steps=63882 raw_loss=2.167201 weighted_loss=1.441974 lr=0.0001 windows=2649/106562
progress epoch=3 optimizer_steps=63910 raw_loss=2.056935 weighted_loss=1.607101 lr=0.0001 windows=2710/106562
progress epoch=3 optimizer_steps=63925 raw_loss=2.112184 weighted_loss=0.992176 lr=0.0001 windows=2749/106562
progress epoch=3 optimizer_steps=63950 raw_loss=1.935764 weighted_loss=0.564971 lr=0.0001 windows=2773/106562
progress epoch=3 optimizer_steps=63975 raw_loss=1.985069 weighted_loss=1.183091 lr=0.0001 windows=2824/106562
progress epoch=3 optimizer_steps=64000 raw_loss=2.512311 weighted_loss=1.574280 lr=0.0001 windows=2902/106562
checkpoint optimizer_steps=64000 path=/home/yanzhou/cyh/cid-v17-retrain/runs/cid-v1-0.4b-v17-ncv4-needfix-74b9eed/stage-a/stage-a-latest.pt
progress epoch=3 optimizer_steps=64029 raw_loss=2.403711 weighted_loss=2.033919 lr=0.0001 windows=2986/106562
progress epoch=3 optimizer_steps=64058 raw_loss=1.788937 weighted_loss=0.543259 lr=0.0001 windows=3026/106562
progress epoch=3 optimizer_steps=64078 raw_loss=2.497926 weighted_loss=2.088021 lr=0.0001 windows=3083/106562
progress epoch=3 optimizer_steps=64100 raw_loss=2.092568 weighted_loss=1.655018 lr=0.0001 windows=3137/106562
progress epoch=3 optimizer_steps=64125 raw_loss=2.114225 weighted_loss=1.569805 lr=0.0001 windows=3262/106562
progress epoch=3 optimizer_steps=64158 raw_loss=2.519597 weighted_loss=2.872803 lr=0.0001 windows=3364/106562
progress epoch=3 optimizer_steps=64186 raw_loss=1.908235 weighted_loss=1.434443 lr=0.0001 windows=3422/106562
progress epoch=3 optimizer_steps=64200 raw_loss=1.998724 weighted_loss=1.306682 lr=0.0001 windows=3453/106562
progress epoch=3 optimizer_steps=64225 raw_loss=1.997067 weighted_loss=1.271465 lr=0.0001 windows=3525/106562
progress epoch=3 optimizer_steps=64256 raw_loss=2.045590 weighted_loss=1.136245 lr=0.0001 windows=3595/106562
progress epoch=3 optimizer_steps=64277 raw_loss=2.003514 weighted_loss=1.479000 lr=0.0001 windows=3648/106562
progress epoch=3 optimizer_steps=64301 raw_loss=1.912505 weighted_loss=1.173397 lr=0.0001 windows=3704/106562
progress epoch=3 optimizer_steps=64334 raw_loss=1.950158 weighted_loss=0.907774 lr=0.0001 windows=3771/106562
progress epoch=3 optimizer_steps=64350 raw_loss=2.182353 weighted_loss=3.214150 lr=0.0001 windows=3816/106562
progress epoch=3 optimizer_steps=64375 raw_loss=2.006948 weighted_loss=0.582160 lr=0.0001 windows=3841/106562
progress epoch=3 optimizer_steps=64408 raw_loss=1.891223 weighted_loss=0.958202 lr=0.0001 windows=3899/106562
progress epoch=3 optimizer_steps=64425 raw_loss=1.871050 weighted_loss=0.781968 lr=0.0001 windows=3925/106562
progress epoch=3 optimizer_steps=64454 raw_loss=1.817855 weighted_loss=1.163913 lr=0.0001 windows=3996/106562
progress epoch=3 optimizer_steps=64477 raw_loss=1.673481 weighted_loss=1.361208 lr=0.0001 windows=4043/106562
progress epoch=3 optimizer_steps=64512 raw_loss=1.891852 weighted_loss=0.905639 lr=0.0001 windows=4092/106562
progress epoch=3 optimizer_steps=64528 raw_loss=2.616680 weighted_loss=1.247255 lr=0.0001 windows=4141/106562
progress epoch=3 optimizer_steps=64550 raw_loss=2.504073 weighted_loss=1.347426 lr=0.0001 windows=4218/106562
progress epoch=3 optimizer_steps=64584 raw_loss=2.050802 weighted_loss=0.760542 lr=0.0001 windows=4279/106562
progress epoch=3 optimizer_steps=64603 raw_loss=2.379785 weighted_loss=2.767240 lr=0.0001 windows=4327/106562
progress epoch=3 optimizer_steps=64629 raw_loss=2.392355 weighted_loss=1.285586 lr=0.0001 windows=4381/106562
progress epoch=3 optimizer_steps=64657 raw_loss=1.965017 weighted_loss=1.125047 lr=0.0001 windows=4438/106562
progress epoch=3 optimizer_steps=64675 raw_loss=1.769554 weighted_loss=0.766522 lr=0.0001 windows=4470/106562
progress epoch=3 optimizer_steps=64700 raw_loss=2.113634 weighted_loss=1.637576 lr=0.0001 windows=4516/106562
progress epoch=3 optimizer_steps=64730 raw_loss=1.937404 weighted_loss=1.315360 lr=0.0001 windows=4574/106562
progress epoch=3 optimizer_steps=64751 raw_loss=1.530625 weighted_loss=0.854051 lr=0.0001 windows=4613/106562
progress epoch=3 optimizer_steps=64789 raw_loss=2.009378 weighted_loss=0.961406 lr=0.0001 windows=4678/106562
progress epoch=3 optimizer_steps=64805 raw_loss=2.305815 weighted_loss=1.508314 lr=0.0001 windows=4729/106562
progress epoch=3 optimizer_steps=64826 raw_loss=1.911881 weighted_loss=1.185030 lr=0.0001 windows=4786/106562
progress epoch=3 optimizer_steps=64856 raw_loss=2.234931 weighted_loss=1.023699 lr=0.0001 windows=4836/106562
progress epoch=3 optimizer_steps=64876 raw_loss=2.273808 weighted_loss=1.422582 lr=0.0001 windows=4884/106562
progress epoch=3 optimizer_steps=64900 raw_loss=2.171480 weighted_loss=1.249922 lr=0.0001 windows=4940/106562
progress epoch=3 optimizer_steps=64928 raw_loss=1.937893 weighted_loss=0.634625 lr=0.0001 windows=4985/106562
progress epoch=3 optimizer_steps=64951 raw_loss=1.884700 weighted_loss=0.679977 lr=0.0001 windows=5023/106562
progress epoch=3 optimizer_steps=64978 raw_loss=2.338455 weighted_loss=1.706246 lr=0.0001 windows=5116/106562
progress epoch=3 optimizer_steps=65009 raw_loss=2.287988 weighted_loss=1.391205 lr=0.0001 windows=5167/106562
checkpoint optimizer_steps=65009 path=/home/yanzhou/cyh/cid-v17-retrain/runs/cid-v1-0.4b-v17-ncv4-needfix-74b9eed/stage-a/stage-a-latest.pt
progress epoch=3 optimizer_steps=65026 raw_loss=2.074140 weighted_loss=1.486552 lr=0.0001 windows=5214/106562
progress epoch=3 optimizer_steps=65054 raw_loss=1.853676 weighted_loss=0.848307 lr=0.0001 windows=5259/106562
progress epoch=3 optimizer_steps=65085 raw_loss=2.019205 weighted_loss=1.418151 lr=0.0001 windows=5328/106562
progress epoch=3 optimizer_steps=65104 raw_loss=1.659334 weighted_loss=1.085220 lr=0.0001 windows=5367/106562
progress epoch=3 optimizer_steps=65125 raw_loss=2.372271 weighted_loss=2.284373 lr=0.0001 windows=5437/106562
progress epoch=3 optimizer_steps=65160 raw_loss=2.242473 weighted_loss=1.455210 lr=0.0001 windows=5531/106562
progress epoch=3 optimizer_steps=65185 raw_loss=1.407549 weighted_loss=0.741242 lr=0.0001 windows=5582/106562
progress epoch=3 optimizer_steps=65202 raw_loss=2.140208 weighted_loss=1.035607 lr=0.0001 windows=5618/106562
progress epoch=3 optimizer_steps=65234 raw_loss=1.883784 weighted_loss=0.660492 lr=0.0001 windows=5664/106562
progress epoch=3 optimizer_steps=65257 raw_loss=1.890074 weighted_loss=0.702567 lr=0.0001 windows=5700/106562
progress epoch=3 optimizer_steps=65285 raw_loss=2.367747 weighted_loss=1.393300 lr=0.0001 windows=5771/106562
progress epoch=3 optimizer_steps=65303 raw_loss=1.680009 weighted_loss=1.358024 lr=0.0001 windows=5815/106562
progress epoch=3 optimizer_steps=65337 raw_loss=2.126701 weighted_loss=0.820883 lr=0.0001 windows=5871/106562
progress epoch=3 optimizer_steps=65358 raw_loss=2.243275 weighted_loss=1.316262 lr=0.0001 windows=5920/106562
progress epoch=3 optimizer_steps=65376 raw_loss=2.163544 weighted_loss=0.861069 lr=0.0001 windows=5944/106562
progress epoch=3 optimizer_steps=65403 raw_loss=1.985200 weighted_loss=2.260205 lr=0.0001 windows=6016/106562
progress epoch=3 optimizer_steps=65425 raw_loss=1.452944 weighted_loss=3.325446 lr=0.0001 windows=6069/106562
progress epoch=3 optimizer_steps=65450 raw_loss=2.247396 weighted_loss=4.653389 lr=0.0001 windows=6154/106562
progress epoch=3 optimizer_steps=65475 raw_loss=1.881855 weighted_loss=1.386410 lr=0.0001 windows=6191/106562
progress epoch=3 optimizer_steps=65504 raw_loss=2.212027 weighted_loss=1.549524 lr=0.0001 windows=6257/106562
progress epoch=3 optimizer_steps=65528 raw_loss=1.803650 weighted_loss=0.949293 lr=0.0001 windows=6304/106562
progress epoch=3 optimizer_steps=65551 raw_loss=1.535025 weighted_loss=0.808312 lr=0.0001 windows=6347/106562
progress epoch=3 optimizer_steps=65575 raw_loss=2.013241 weighted_loss=1.178876 lr=0.0001 windows=6396/106562
progress epoch=3 optimizer_steps=65601 raw_loss=1.787737 weighted_loss=0.711556 lr=0.0001 windows=6448/106562
progress epoch=3 optimizer_steps=65633 raw_loss=1.986289 weighted_loss=0.973521 lr=0.0001 windows=6515/106562
progress epoch=3 optimizer_steps=65652 raw_loss=2.374966 weighted_loss=3.191828 lr=0.0001 windows=6580/106562
progress epoch=3 optimizer_steps=65691 raw_loss=2.176728 weighted_loss=0.786380 lr=0.0001 windows=6632/106562
progress epoch=3 optimizer_steps=65700 raw_loss=1.738844 weighted_loss=0.745825 lr=0.0001 windows=6652/106562
progress epoch=3 optimizer_steps=65732 raw_loss=2.096681 weighted_loss=1.417918 lr=0.0001 windows=6737/106562
progress epoch=3 optimizer_steps=65767 raw_loss=2.118043 weighted_loss=0.993076 lr=0.0001 windows=6811/106562
progress epoch=3 optimizer_steps=65789 raw_loss=1.785021 weighted_loss=0.915893 lr=0.0001 windows=6850/106562
progress epoch=3 optimizer_steps=65804 raw_loss=2.181450 weighted_loss=0.958657 lr=0.0001 windows=6875/106562
progress epoch=3 optimizer_steps=65827 raw_loss=1.824722 weighted_loss=0.982446 lr=0.0001 windows=6928/106562
progress epoch=3 optimizer_steps=65850 raw_loss=2.618888 weighted_loss=1.477631 lr=0.0001 windows=6978/106562
progress epoch=3 optimizer_steps=65876 raw_loss=2.074467 weighted_loss=1.657401 lr=0.0001 windows=7037/106562
progress epoch=3 optimizer_steps=65904 raw_loss=1.895489 weighted_loss=1.044880 lr=0.0001 windows=7097/106562
progress epoch=3 optimizer_steps=65934 raw_loss=2.376684 weighted_loss=2.011644 lr=0.0001 windows=7173/106562
progress epoch=3 optimizer_steps=65951 raw_loss=1.541976 weighted_loss=0.748056 lr=0.0001 windows=7231/106562
progress epoch=3 optimizer_steps=65983 raw_loss=2.184891 weighted_loss=1.291915 lr=0.0001 windows=7294/106562
progress epoch=3 optimizer_steps=66007 raw_loss=2.067972 weighted_loss=5.769326 lr=0.0001 windows=7361/106562
checkpoint optimizer_steps=66007 path=/home/yanzhou/cyh/cid-v17-retrain/runs/cid-v1-0.4b-v17-ncv4-needfix-74b9eed/stage-a/stage-a-latest.pt
progress epoch=3 optimizer_steps=66032 raw_loss=2.240065 weighted_loss=0.920514 lr=0.0001 windows=7411/106562
progress epoch=3 optimizer_steps=66051 raw_loss=2.248287 weighted_loss=2.888333 lr=0.0001 windows=7465/106562
progress epoch=3 optimizer_steps=66081 raw_loss=1.491728 weighted_loss=0.870510 lr=0.0001 windows=7517/106562
progress epoch=3 optimizer_steps=66111 raw_loss=2.101585 weighted_loss=1.346489 lr=0.0001 windows=7573/106562
progress epoch=3 optimizer_steps=66137 raw_loss=1.882413 weighted_loss=1.128702 lr=0.0001 windows=7621/106562
progress epoch=3 optimizer_steps=66160 raw_loss=1.995599 weighted_loss=1.019481 lr=0.0001 windows=7663/106562
progress epoch=3 optimizer_steps=66182 raw_loss=2.280563 weighted_loss=0.737164 lr=0.0001 windows=7690/106562
progress epoch=3 optimizer_steps=66214 raw_loss=2.328815 weighted_loss=1.012429 lr=0.0001 windows=7739/106562
progress epoch=3 optimizer_steps=66225 raw_loss=1.789183 weighted_loss=0.633577 lr=0.0001 windows=7756/106562
progress epoch=3 optimizer_steps=66260 raw_loss=1.946401 weighted_loss=0.773556 lr=0.0001 windows=7806/106562
progress epoch=3 optimizer_steps=66279 raw_loss=1.890020 weighted_loss=1.252648 lr=0.0001 windows=7841/106562
progress epoch=3 optimizer_steps=66303 raw_loss=2.344660 weighted_loss=1.722334 lr=0.0001 windows=7924/106562
progress epoch=3 optimizer_steps=66332 raw_loss=1.884078 weighted_loss=1.421459 lr=0.0001 windows=7982/106562
progress epoch=3 optimizer_steps=66350 raw_loss=2.099422 weighted_loss=1.045528 lr=0.0001 windows=8024/106562
progress epoch=3 optimizer_steps=66381 raw_loss=1.991014 weighted_loss=1.039515 lr=0.0001 windows=8105/106562
progress epoch=3 optimizer_steps=66406 raw_loss=1.825611 weighted_loss=1.141048 lr=0.0001 windows=8152/106562
progress epoch=3 optimizer_steps=66434 raw_loss=1.816684 weighted_loss=0.634070 lr=0.0001 windows=8189/106562
progress epoch=3 optimizer_steps=66453 raw_loss=2.064962 weighted_loss=1.036224 lr=0.0001 windows=8227/106562
progress epoch=3 optimizer_steps=66475 raw_loss=2.132157 weighted_loss=1.139705 lr=0.0001 windows=8278/106562
progress epoch=3 optimizer_steps=66503 raw_loss=1.884695 weighted_loss=1.361897 lr=0.0001 windows=8334/106562
progress epoch=3 optimizer_steps=66526 raw_loss=2.168896 weighted_loss=2.444645 lr=0.0001 windows=8390/106562
progress epoch=3 optimizer_steps=66553 raw_loss=2.045503 weighted_loss=2.169795 lr=0.0001 windows=8447/106562
progress epoch=3 optimizer_steps=66578 raw_loss=2.087005 weighted_loss=1.374073 lr=0.0001 windows=8515/106562
progress epoch=3 optimizer_steps=66604 raw_loss=2.200715 weighted_loss=1.583391 lr=0.0001 windows=8588/106562
progress epoch=3 optimizer_steps=66627 raw_loss=1.844117 weighted_loss=0.558455 lr=0.0001 windows=8615/106562
progress epoch=3 optimizer_steps=66656 raw_loss=2.039227 weighted_loss=1.223391 lr=0.0001 windows=8679/106562
progress epoch=3 optimizer_steps=66678 raw_loss=1.996873 weighted_loss=1.186804 lr=0.0001 windows=8725/106562
progress epoch=3 optimizer_steps=66706 raw_loss=2.061179 weighted_loss=2.203851 lr=0.0001 windows=8791/106562
progress epoch=3 optimizer_steps=66745 raw_loss=1.827403 weighted_loss=0.759634 lr=0.0001 windows=8861/106562
progress epoch=3 optimizer_steps=66752 raw_loss=1.553091 weighted_loss=0.845594 lr=0.0001 windows=8880/106562
progress epoch=3 optimizer_steps=66775 raw_loss=2.806793 weighted_loss=11.979214 lr=0.0001 windows=8938/106562
progress epoch=3 optimizer_steps=66801 raw_loss=2.195776 weighted_loss=1.475566 lr=0.0001 windows=9012/106562
progress epoch=3 optimizer_steps=66826 raw_loss=2.345183 weighted_loss=2.680177 lr=0.0001 windows=9062/106562
progress epoch=3 optimizer_steps=66853 raw_loss=1.707154 weighted_loss=0.624473 lr=0.0001 windows=9102/106562
progress epoch=3 optimizer_steps=66878 raw_loss=2.218559 weighted_loss=1.375996 lr=0.0001 windows=9170/106562
progress epoch=3 optimizer_steps=66900 raw_loss=1.940356 weighted_loss=0.667316 lr=0.0001 windows=9201/106562
progress epoch=3 optimizer_steps=66934 raw_loss=1.911978 weighted_loss=1.085243 lr=0.0001 windows=9274/106562
progress epoch=3 optimizer_steps=66960 raw_loss=1.723851 weighted_loss=0.838628 lr=0.0001 windows=9314/106562
progress epoch=3 optimizer_steps=66995 raw_loss=1.899130 weighted_loss=0.927445 lr=0.0001 windows=9367/106562
progress epoch=3 optimizer_steps=67022 raw_loss=1.831272 weighted_loss=0.547602 lr=0.0001 windows=9396/106562
checkpoint optimizer_steps=67022 path=/home/yanzhou/cyh/cid-v17-retrain/runs/cid-v1-0.4b-v17-ncv4-needfix-74b9eed/stage-a/stage-a-latest.pt
progress epoch=3 optimizer_steps=67041 raw_loss=1.990434 weighted_loss=0.764946 lr=0.0001 windows=9421/106562
progress epoch=3 optimizer_steps=67051 raw_loss=1.984877 weighted_loss=1.199842 lr=0.0001 windows=9455/106562
progress epoch=3 optimizer_steps=67084 raw_loss=2.212046 weighted_loss=2.082710 lr=0.0001 windows=9535/106562
progress epoch=3 optimizer_steps=67108 raw_loss=2.332040 weighted_loss=2.261011 lr=0.0001 windows=9595/106562
progress epoch=3 optimizer_steps=67136 raw_loss=1.904192 weighted_loss=0.632902 lr=0.0001 windows=9630/106562
progress epoch=3 optimizer_steps=67150 raw_loss=1.393813 weighted_loss=0.651456 lr=0.0001 windows=9653/106562
progress epoch=3 optimizer_steps=67175 raw_loss=2.077309 weighted_loss=1.032619 lr=0.0001 windows=9719/106562
progress epoch=3 optimizer_steps=67203 raw_loss=2.001110 weighted_loss=1.498574 lr=0.0001 windows=9788/106562
progress epoch=3 optimizer_steps=67228 raw_loss=1.844067 weighted_loss=1.515855 lr=0.0001 windows=9843/106562
progress epoch=3 optimizer_steps=67264 raw_loss=2.106745 weighted_loss=0.850070 lr=0.0001 windows=9904/106562
progress epoch=3 optimizer_steps=67284 raw_loss=1.896936 weighted_loss=1.015604 lr=0.0001 windows=9946/106562
progress epoch=3 optimizer_steps=67301 raw_loss=1.758198 weighted_loss=1.326629 lr=0.0001 windows=9985/106562
progress epoch=3 optimizer_steps=67327 raw_loss=1.766874 weighted_loss=1.153293 lr=0.0001 windows=10041/106562
progress epoch=3 optimizer_steps=67354 raw_loss=1.923414 weighted_loss=0.640088 lr=0.0001 windows=10070/106562
progress epoch=3 optimizer_steps=67383 raw_loss=1.601948 weighted_loss=0.610000 lr=0.0001 windows=10113/106562
progress epoch=3 optimizer_steps=67400 raw_loss=2.038760 weighted_loss=1.357824 lr=0.0001 windows=10145/106562
progress epoch=3 optimizer_steps=67426 raw_loss=2.236618 weighted_loss=1.290157 lr=0.0001 windows=10225/106562
progress epoch=3 optimizer_steps=67453 raw_loss=1.819424 weighted_loss=1.064674 lr=0.0001 windows=10290/106562
progress epoch=3 optimizer_steps=67475 raw_loss=1.957982 weighted_loss=1.099518 lr=0.0001 windows=10336/106562
progress epoch=3 optimizer_steps=67500 raw_loss=1.769367 weighted_loss=0.986535 lr=0.0001 windows=10387/106562
progress epoch=3 optimizer_steps=67526 raw_loss=2.208755 weighted_loss=1.273208 lr=0.0001 windows=10448/106562
progress epoch=3 optimizer_steps=67565 raw_loss=2.001599 weighted_loss=0.693759 lr=0.0001 windows=10499/106562
progress epoch=3 optimizer_steps=67583 raw_loss=2.181979 weighted_loss=0.818782 lr=0.0001 windows=10523/106562
progress epoch=3 optimizer_steps=67613 raw_loss=2.245976 weighted_loss=1.619180 lr=0.0001 windows=10590/106562
progress epoch=3 optimizer_steps=67625 raw_loss=1.793751 weighted_loss=1.014392 lr=0.0001 windows=10621/106562
progress epoch=3 optimizer_steps=67652 raw_loss=1.660291 weighted_loss=0.548053 lr=0.0001 windows=10658/106562
progress epoch=3 optimizer_steps=67679 raw_loss=1.833973 weighted_loss=0.928612 lr=0.0001 windows=10719/106562
progress epoch=3 optimizer_steps=67700 raw_loss=2.024317 weighted_loss=0.761514 lr=0.0001 windows=10746/106562
progress epoch=3 optimizer_steps=67737 raw_loss=1.835418 weighted_loss=1.300531 lr=0.0001 windows=10842/106562
progress epoch=3 optimizer_steps=67750 raw_loss=2.063435 weighted_loss=1.255818 lr=0.0001 windows=10868/106562
progress epoch=3 optimizer_steps=67777 raw_loss=1.847472 weighted_loss=1.338013 lr=0.0001 windows=10940/106562
progress epoch=3 optimizer_steps=67813 raw_loss=2.086833 weighted_loss=1.550627 lr=0.0001 windows=11005/106562
progress epoch=3 optimizer_steps=67828 raw_loss=2.068785 weighted_loss=0.885252 lr=0.0001 windows=11031/106562
progress epoch=3 optimizer_steps=67850 raw_loss=2.138836 weighted_loss=0.836699 lr=0.0001 windows=11061/106562
progress epoch=3 optimizer_steps=67875 raw_loss=1.578399 weighted_loss=0.880802 lr=0.0001 windows=11103/106562
progress epoch=3 optimizer_steps=67905 raw_loss=2.133439 weighted_loss=1.024846 lr=0.0001 windows=11197/106562
progress epoch=3 optimizer_steps=67925 raw_loss=2.169605 weighted_loss=2.165851 lr=0.0001 windows=11255/106562
progress epoch=3 optimizer_steps=67951 raw_loss=1.889827 weighted_loss=1.703087 lr=0.0001 windows=11338/106562
progress epoch=3 optimizer_steps=67977 raw_loss=1.715372 weighted_loss=1.379477 lr=0.0001 windows=11403/106562
progress epoch=3 optimizer_steps=68007 raw_loss=2.128325 weighted_loss=1.593282 lr=0.0001 windows=11507/106562
checkpoint optimizer_steps=68007 path=/home/yanzhou/cyh/cid-v17-retrain/runs/cid-v1-0.4b-v17-ncv4-needfix-74b9eed/stage-a/stage-a-latest.pt
progress epoch=3 optimizer_steps=68029 raw_loss=1.795355 weighted_loss=0.977925 lr=0.0001 windows=11547/106562
progress epoch=3 optimizer_steps=68053 raw_loss=1.902553 weighted_loss=0.952162 lr=0.0001 windows=11596/106562
progress epoch=3 optimizer_steps=68075 raw_loss=2.058361 weighted_loss=0.711416 lr=0.0001 windows=11620/106562
progress epoch=3 optimizer_steps=68105 raw_loss=2.387044 weighted_loss=0.760703 lr=0.0001 windows=11669/106562
progress epoch=3 optimizer_steps=68135 raw_loss=2.096541 weighted_loss=0.796135 lr=0.0001 windows=11715/106562
progress epoch=3 optimizer_steps=68153 raw_loss=2.616539 weighted_loss=0.974957 lr=0.0001 windows=11754/106562
progress epoch=3 optimizer_steps=68180 raw_loss=2.237358 weighted_loss=1.185360 lr=0.0001 windows=11809/106562
progress epoch=3 optimizer_steps=68202 raw_loss=1.639746 weighted_loss=0.771459 lr=0.0001 windows=11847/106562
progress epoch=3 optimizer_steps=68225 raw_loss=1.990012 weighted_loss=1.208474 lr=0.0001 windows=11899/106562
progress epoch=3 optimizer_steps=68255 raw_loss=2.102524 weighted_loss=1.310945 lr=0.0001 windows=11987/106562
progress epoch=3 optimizer_steps=68283 raw_loss=1.942628 weighted_loss=1.980222 lr=0.0001 windows=12054/106562
progress epoch=3 optimizer_steps=68306 raw_loss=2.051283 weighted_loss=0.626532 lr=0.0001 windows=12078/106562
progress epoch=3 optimizer_steps=68325 raw_loss=1.702039 weighted_loss=0.600871 lr=0.0001 windows=12109/106562
progress epoch=3 optimizer_steps=68351 raw_loss=1.854666 weighted_loss=1.603595 lr=0.0001 windows=12164/106562
progress epoch=3 optimizer_steps=68378 raw_loss=2.329178 weighted_loss=1.398643 lr=0.0001 windows=12236/106562
progress epoch=3 optimizer_steps=68416 raw_loss=2.181993 weighted_loss=1.700567 lr=0.0001 windows=12334/106562
progress epoch=3 optimizer_steps=68426 raw_loss=2.233075 weighted_loss=2.509165 lr=0.0001 windows=12366/106562
progress epoch=3 optimizer_steps=68457 raw_loss=2.157692 weighted_loss=1.341139 lr=0.0001 windows=12478/106562
progress epoch=3 optimizer_steps=68478 raw_loss=1.944727 weighted_loss=2.140534 lr=0.0001 windows=12534/106562
progress epoch=3 optimizer_steps=68502 raw_loss=2.004352 weighted_loss=1.203810 lr=0.0001 windows=12583/106562
progress epoch=3 optimizer_steps=68527 raw_loss=1.964251 weighted_loss=0.649063 lr=0.0001 windows=12627/106562
progress epoch=3 optimizer_steps=68555 raw_loss=1.959796 weighted_loss=1.800338 lr=0.0001 windows=12693/106562
progress epoch=3 optimizer_steps=68576 raw_loss=2.700449 weighted_loss=2.902128 lr=0.0001 windows=12767/106562
progress epoch=3 optimizer_steps=68600 raw_loss=1.967047 weighted_loss=1.546991 lr=0.0001 windows=12838/106562
progress epoch=3 optimizer_steps=68634 raw_loss=2.170857 weighted_loss=1.618210 lr=0.0001 windows=12905/106562
progress epoch=3 optimizer_steps=68650 raw_loss=1.544305 weighted_loss=0.470608 lr=0.0001 windows=12921/106562
progress epoch=3 optimizer_steps=68676 raw_loss=2.171305 weighted_loss=2.872860 lr=0.0001 windows=12988/106562
progress epoch=3 optimizer_steps=68719 raw_loss=1.925867 weighted_loss=0.942592 lr=0.0001 windows=13065/106562
progress epoch=3 optimizer_steps=68727 raw_loss=2.480506 weighted_loss=2.490822 lr=0.0001 windows=13084/106562
progress epoch=3 optimizer_steps=68759 raw_loss=2.263375 weighted_loss=0.929135 lr=0.0001 windows=13132/106562
progress epoch=3 optimizer_steps=68776 raw_loss=1.675996 weighted_loss=0.744242 lr=0.0001 windows=13164/106562
progress epoch=3 optimizer_steps=68803 raw_loss=1.831094 weighted_loss=1.801217 lr=0.0001 windows=13230/106562
progress epoch=3 optimizer_steps=68825 raw_loss=1.925155 weighted_loss=1.758857 lr=0.0001 windows=13311/106562
progress epoch=3 optimizer_steps=68857 raw_loss=1.827076 weighted_loss=0.978650 lr=0.0001 windows=13388/106562
progress epoch=3 optimizer_steps=68879 raw_loss=2.038377 weighted_loss=0.691467 lr=0.0001 windows=13430/106562
progress epoch=3 optimizer_steps=68913 raw_loss=2.176551 weighted_loss=0.863234 lr=0.0001 windows=13479/106562
progress epoch=3 optimizer_steps=68926 raw_loss=2.152207 weighted_loss=0.879516 lr=0.0001 windows=13503/106562
progress epoch=3 optimizer_steps=68956 raw_loss=2.004365 weighted_loss=1.015983 lr=0.0001 windows=13574/106562
progress epoch=3 optimizer_steps=68982 raw_loss=2.307851 weighted_loss=1.193701 lr=0.0001 windows=13648/106562
progress epoch=3 optimizer_steps=69000 raw_loss=1.958030 weighted_loss=1.148253 lr=0.0001 windows=13684/106562
checkpoint optimizer_steps=69000 path=/home/yanzhou/cyh/cid-v17-retrain/runs/cid-v1-0.4b-v17-ncv4-needfix-74b9eed/stage-a/stage-a-latest.pt
progress epoch=3 optimizer_steps=69025 raw_loss=1.930004 weighted_loss=0.986478 lr=0.0001 windows=13740/106562
progress epoch=3 optimizer_steps=69050 raw_loss=1.772531 weighted_loss=1.216034 lr=0.0001 windows=13795/106562
progress epoch=3 optimizer_steps=69075 raw_loss=1.796412 weighted_loss=0.870060 lr=0.0001 windows=13853/106562
progress epoch=3 optimizer_steps=69103 raw_loss=1.974784 weighted_loss=2.120661 lr=0.0001 windows=13928/106562
progress epoch=3 optimizer_steps=69132 raw_loss=2.473849 weighted_loss=10.647518 lr=0.0001 windows=13982/106562
progress epoch=3 optimizer_steps=69157 raw_loss=2.137427 weighted_loss=1.036583 lr=0.0001 windows=14035/106562
progress epoch=3 optimizer_steps=69177 raw_loss=1.334439 weighted_loss=0.575006 lr=0.0001 windows=14065/106562
progress epoch=3 optimizer_steps=69200 raw_loss=2.043172 weighted_loss=1.387885 lr=0.0001 windows=14125/106562
progress epoch=3 optimizer_steps=69228 raw_loss=2.180838 weighted_loss=1.339369 lr=0.0001 windows=14192/106562
progress epoch=3 optimizer_steps=69253 raw_loss=1.601469 weighted_loss=0.608922 lr=0.0001 windows=14239/106562
progress epoch=3 optimizer_steps=69276 raw_loss=1.915508 weighted_loss=0.770737 lr=0.0001 windows=14272/106562
progress epoch=3 optimizer_steps=69306 raw_loss=1.969709 weighted_loss=1.056901 lr=0.0001 windows=14343/106562
progress epoch=3 optimizer_steps=69328 raw_loss=2.234755 weighted_loss=1.846714 lr=0.0001 windows=14402/106562
progress epoch=3 optimizer_steps=69352 raw_loss=2.124750 weighted_loss=1.122955 lr=0.0001 windows=14459/106562
progress epoch=3 optimizer_steps=69384 raw_loss=2.097484 weighted_loss=0.712666 lr=0.0001 windows=14511/106562
progress epoch=3 optimizer_steps=69400 raw_loss=1.609947 weighted_loss=1.443090 lr=0.0001 windows=14548/106562
progress epoch=3 optimizer_steps=69437 raw_loss=1.978376 weighted_loss=0.902105 lr=0.0001 windows=14608/106562
progress epoch=3 optimizer_steps=69451 raw_loss=1.295261 weighted_loss=0.681374 lr=0.0001 windows=14627/106562
progress epoch=3 optimizer_steps=69492 raw_loss=2.043191 weighted_loss=0.860593 lr=0.0001 windows=14695/106562
progress epoch=3 optimizer_steps=69502 raw_loss=2.110381 weighted_loss=1.084253 lr=0.0001 windows=14720/106562
progress epoch=3 optimizer_steps=69525 raw_loss=1.974150 weighted_loss=1.952388 lr=0.0001 windows=14778/106562
progress epoch=3 optimizer_steps=69568 raw_loss=1.874333 weighted_loss=0.777980 lr=0.0001 windows=14843/106562
progress epoch=3 optimizer_steps=69578 raw_loss=1.955338 weighted_loss=1.050250 lr=0.0001 windows=14861/106562
progress epoch=3 optimizer_steps=69607 raw_loss=1.840222 weighted_loss=1.291349 lr=0.0001 windows=14936/106562
progress epoch=3 optimizer_steps=69625 raw_loss=2.031417 weighted_loss=0.921131 lr=0.0001 windows=14975/106562
progress epoch=3 optimizer_steps=69655 raw_loss=2.158972 weighted_loss=0.724107 lr=0.0001 windows=15015/106562
progress epoch=3 optimizer_steps=69675 raw_loss=2.387060 weighted_loss=3.353983 lr=0.0001 windows=15071/106562
progress epoch=3 optimizer_steps=69710 raw_loss=2.221310 weighted_loss=1.162872 lr=0.0001 windows=15187/106562
progress epoch=3 optimizer_steps=69731 raw_loss=1.874634 weighted_loss=1.635506 lr=0.0001 windows=15236/106562
progress epoch=3 optimizer_steps=69760 raw_loss=1.763703 weighted_loss=0.610678 lr=0.0001 windows=15273/106562
progress epoch=3 optimizer_steps=69781 raw_loss=1.720375 weighted_loss=0.554625 lr=0.0001 windows=15305/106562
progress epoch=3 optimizer_steps=69806 raw_loss=1.857560 weighted_loss=1.892532 lr=0.0001 windows=15369/106562
progress epoch=3 optimizer_steps=69825 raw_loss=2.227284 weighted_loss=2.298673 lr=0.0001 windows=15419/106562
progress epoch=3 optimizer_steps=69853 raw_loss=1.738230 weighted_loss=0.811572 lr=0.0001 windows=15467/106562
progress epoch=3 optimizer_steps=69878 raw_loss=1.959842 weighted_loss=1.015996 lr=0.0001 windows=15531/106562
progress epoch=3 optimizer_steps=69911 raw_loss=2.005721 weighted_loss=2.352828 lr=0.0001 windows=15614/106562
progress epoch=3 optimizer_steps=69928 raw_loss=1.860441 weighted_loss=1.129764 lr=0.0001 windows=15655/106562
progress epoch=3 optimizer_steps=69951 raw_loss=2.123856 weighted_loss=1.970936 lr=0.0001 windows=15719/106562
progress epoch=3 optimizer_steps=69976 raw_loss=2.055054 weighted_loss=2.078325 lr=0.0001 windows=15772/106562
progress epoch=3 optimizer_steps=70016 raw_loss=2.294949 weighted_loss=1.844040 lr=0.0001 windows=15869/106562
checkpoint optimizer_steps=70016 path=/home/yanzhou/cyh/cid-v17-retrain/runs/cid-v1-0.4b-v17-ncv4-needfix-74b9eed/stage-a/stage-a-latest.pt
progress epoch=3 optimizer_steps=70033 raw_loss=2.024928 weighted_loss=1.353969 lr=0.0001 windows=15906/106562
progress epoch=3 optimizer_steps=70052 raw_loss=1.740643 weighted_loss=0.778997 lr=0.0001 windows=15936/106562
progress epoch=3 optimizer_steps=70078 raw_loss=1.925091 weighted_loss=1.857250 lr=0.0001 windows=15988/106562
progress epoch=3 optimizer_steps=70115 raw_loss=1.938957 weighted_loss=1.263113 lr=0.0001 windows=16050/106562
progress epoch=3 optimizer_steps=70130 raw_loss=2.558289 weighted_loss=2.729698 lr=0.0001 windows=16096/106562
progress epoch=3 optimizer_steps=70152 raw_loss=1.935237 weighted_loss=1.013544 lr=0.0001 windows=16153/106562
progress epoch=3 optimizer_steps=70178 raw_loss=1.949705 weighted_loss=0.946177 lr=0.0001 windows=16209/106562
progress epoch=3 optimizer_steps=70201 raw_loss=1.950853 weighted_loss=2.022913 lr=0.0001 windows=16288/106562
progress epoch=3 optimizer_steps=70227 raw_loss=2.918645 weighted_loss=11.196900 lr=0.0001 windows=16372/106562
progress epoch=3 optimizer_steps=70253 raw_loss=2.007310 weighted_loss=0.882285 lr=0.0001 windows=16420/106562
progress epoch=3 optimizer_steps=70282 raw_loss=1.988682 weighted_loss=0.897612 lr=0.0001 windows=16492/106562
progress epoch=3 optimizer_steps=70302 raw_loss=2.206347 weighted_loss=1.395810 lr=0.0001 windows=16553/106562
progress epoch=3 optimizer_steps=70334 raw_loss=1.853517 weighted_loss=1.084545 lr=0.0001 windows=16618/106562
progress epoch=3 optimizer_steps=70350 raw_loss=2.366565 weighted_loss=2.973041 lr=0.0001 windows=16680/106562
progress epoch=3 optimizer_steps=70380 raw_loss=2.158266 weighted_loss=1.648226 lr=0.0001 windows=16753/106562
progress epoch=3 optimizer_steps=70406 raw_loss=2.089098 weighted_loss=1.027487 lr=0.0001 windows=16792/106562
progress epoch=3 optimizer_steps=70425 raw_loss=2.165659 weighted_loss=1.332457 lr=0.0001 windows=16840/106562
progress epoch=3 optimizer_steps=70450 raw_loss=1.920453 weighted_loss=1.692977 lr=0.0001 windows=16908/106562
progress epoch=3 optimizer_steps=70476 raw_loss=2.321701 weighted_loss=2.083375 lr=0.0001 windows=16970/106562
progress epoch=3 optimizer_steps=70501 raw_loss=2.086378 weighted_loss=1.350124 lr=0.0001 windows=17027/106562
progress epoch=3 optimizer_steps=70526 raw_loss=2.118149 weighted_loss=1.360113 lr=0.0001 windows=17093/106562
progress epoch=3 optimizer_steps=70559 raw_loss=1.960834 weighted_loss=0.712405 lr=0.0001 windows=17156/106562
progress epoch=3 optimizer_steps=70577 raw_loss=1.771728 weighted_loss=1.217260 lr=0.0001 windows=17204/106562
progress epoch=3 optimizer_steps=70602 raw_loss=2.060691 weighted_loss=1.113151 lr=0.0001 windows=17272/106562
progress epoch=3 optimizer_steps=70625 raw_loss=2.290497 weighted_loss=2.801178 lr=0.0001 windows=17330/106562
progress epoch=3 optimizer_steps=70654 raw_loss=2.340634 weighted_loss=1.884076 lr=0.0001 windows=17420/106562
progress epoch=3 optimizer_steps=70677 raw_loss=1.948782 weighted_loss=1.706659 lr=0.0001 windows=17478/106562
progress epoch=3 optimizer_steps=70705 raw_loss=1.698493 weighted_loss=1.184352 lr=0.0001 windows=17545/106562
progress epoch=3 optimizer_steps=70729 raw_loss=1.899730 weighted_loss=0.623994 lr=0.0001 windows=17572/106562
progress epoch=3 optimizer_steps=70753 raw_loss=2.055025 weighted_loss=1.512973 lr=0.0001 windows=17625/106562
progress epoch=3 optimizer_steps=70781 raw_loss=1.839276 weighted_loss=1.396266 lr=0.0001 windows=17686/106562
progress epoch=3 optimizer_steps=70800 raw_loss=1.514459 weighted_loss=0.783104 lr=0.0001 windows=17717/106562
progress epoch=3 optimizer_steps=70827 raw_loss=2.529347 weighted_loss=4.959632 lr=0.0001 windows=17775/106562
progress epoch=3 optimizer_steps=70853 raw_loss=2.424886 weighted_loss=1.981215 lr=0.0001 windows=17850/106562
progress epoch=3 optimizer_steps=70882 raw_loss=1.852213 weighted_loss=1.622025 lr=0.0001 windows=17908/106562
progress epoch=3 optimizer_steps=70903 raw_loss=1.929335 weighted_loss=1.537304 lr=0.0001 windows=17965/106562
progress epoch=3 optimizer_steps=70934 raw_loss=1.873729 weighted_loss=0.852140 lr=0.0001 windows=18022/106562
progress epoch=3 optimizer_steps=70952 raw_loss=2.274477 weighted_loss=1.605018 lr=0.0001 windows=18068/106562
progress epoch=3 optimizer_steps=70976 raw_loss=2.640400 weighted_loss=3.337528 lr=0.0001 windows=18131/106562
progress epoch=3 optimizer_steps=71010 raw_loss=2.060109 weighted_loss=1.571258 lr=0.0001 windows=18234/106562
checkpoint optimizer_steps=71010 path=/home/yanzhou/cyh/cid-v17-retrain/runs/cid-v1-0.4b-v17-ncv4-needfix-74b9eed/stage-a/stage-a-latest.pt
progress epoch=3 optimizer_steps=71030 raw_loss=2.220933 weighted_loss=1.633957 lr=0.0001 windows=18278/106562
progress epoch=3 optimizer_steps=71053 raw_loss=2.060859 weighted_loss=1.335659 lr=0.0001 windows=18337/106562
progress epoch=3 optimizer_steps=71086 raw_loss=1.864208 weighted_loss=0.703795 lr=0.0001 windows=18385/106562
progress epoch=3 optimizer_steps=71103 raw_loss=2.503312 weighted_loss=2.885774 lr=0.0001 windows=18472/106562
progress epoch=3 optimizer_steps=71129 raw_loss=2.076876 weighted_loss=0.895201 lr=0.0001 windows=18534/106562
progress epoch=3 optimizer_steps=71153 raw_loss=1.538220 weighted_loss=0.737342 lr=0.0001 windows=18576/106562
progress epoch=3 optimizer_steps=71175 raw_loss=1.848824 weighted_loss=1.239887 lr=0.0001 windows=18629/106562
progress epoch=3 optimizer_steps=71207 raw_loss=2.129000 weighted_loss=1.250746 lr=0.0001 windows=18708/106562
progress epoch=3 optimizer_steps=71234 raw_loss=2.000064 weighted_loss=1.366386 lr=0.0001 windows=18782/106562
progress epoch=3 optimizer_steps=71251 raw_loss=2.059835 weighted_loss=2.541802 lr=0.0001 windows=18826/106562
progress epoch=3 optimizer_steps=71276 raw_loss=1.687469 weighted_loss=0.936679 lr=0.0001 windows=18876/106562
progress epoch=3 optimizer_steps=71309 raw_loss=1.801549 weighted_loss=1.391230 lr=0.0001 windows=18942/106562
progress epoch=3 optimizer_steps=71328 raw_loss=1.889215 weighted_loss=1.367957 lr=0.0001 windows=18999/106562
progress epoch=3 optimizer_steps=71358 raw_loss=2.011013 weighted_loss=0.820747 lr=0.0001 windows=19050/106562
progress epoch=3 optimizer_steps=71377 raw_loss=1.878401 weighted_loss=1.349349 lr=0.0001 windows=19094/106562
progress epoch=3 optimizer_steps=71407 raw_loss=2.109138 weighted_loss=1.897171 lr=0.0001 windows=19171/106562
progress epoch=3 optimizer_steps=71434 raw_loss=2.452730 weighted_loss=1.699267 lr=0.0001 windows=19261/106562
progress epoch=3 optimizer_steps=71450 raw_loss=2.383767 weighted_loss=1.653975 lr=0.0001 windows=19332/106562
progress epoch=3 optimizer_steps=71480 raw_loss=2.268281 weighted_loss=2.505420 lr=0.0001 windows=19412/106562
progress epoch=3 optimizer_steps=71508 raw_loss=2.277196 weighted_loss=2.670590 lr=0.0001 windows=19489/106562
progress epoch=3 optimizer_steps=71527 raw_loss=2.356679 weighted_loss=1.349245 lr=0.0001 windows=19529/106562
progress epoch=3 optimizer_steps=71551 raw_loss=2.169153 weighted_loss=1.293757 lr=0.0001 windows=19602/106562
progress epoch=3 optimizer_steps=71585 raw_loss=1.842587 weighted_loss=1.500812 lr=0.0001 windows=19687/106562
progress epoch=3 optimizer_steps=71608 raw_loss=2.495817 weighted_loss=5.952715 lr=0.0001 windows=19765/106562
progress epoch=3 optimizer_steps=71635 raw_loss=2.031204 weighted_loss=0.954614 lr=0.0001 windows=19833/106562
progress epoch=3 optimizer_steps=71661 raw_loss=2.282993 weighted_loss=1.091311 lr=0.0001 windows=19887/106562
progress epoch=3 optimizer_steps=71675 raw_loss=2.651100 weighted_loss=2.692236 lr=0.0001 windows=19935/106562
progress epoch=3 optimizer_steps=71700 raw_loss=2.167397 weighted_loss=1.996175 lr=0.0001 windows=20017/106562
progress epoch=3 optimizer_steps=71725 raw_loss=2.009956 weighted_loss=1.238597 lr=0.0001 windows=20093/106562
progress epoch=3 optimizer_steps=71751 raw_loss=2.610424 weighted_loss=3.533569 lr=0.0001 windows=20184/106562
progress epoch=3 optimizer_steps=71776 raw_loss=1.644390 weighted_loss=0.976408 lr=0.0001 windows=20234/106562
progress epoch=3 optimizer_steps=71807 raw_loss=1.840471 weighted_loss=1.345427 lr=0.0001 windows=20301/106562
progress epoch=3 optimizer_steps=71826 raw_loss=2.150864 weighted_loss=0.672132 lr=0.0001 windows=20333/106562
progress epoch=3 optimizer_steps=71852 raw_loss=1.922073 weighted_loss=1.353112 lr=0.0001 windows=20394/106562
progress epoch=3 optimizer_steps=71886 raw_loss=2.187585 weighted_loss=1.336730 lr=0.0001 windows=20471/106562
progress epoch=3 optimizer_steps=71900 raw_loss=2.025893 weighted_loss=3.081533 lr=0.0001 windows=20514/106562
progress epoch=3 optimizer_steps=71925 raw_loss=2.084032 weighted_loss=0.838944 lr=0.0001 windows=20558/106562
progress epoch=3 optimizer_steps=71955 raw_loss=1.847589 weighted_loss=0.789408 lr=0.0001 windows=20612/106562
progress epoch=3 optimizer_steps=71990 raw_loss=2.091808 weighted_loss=0.806335 lr=0.0001 windows=20684/106562
progress epoch=3 optimizer_steps=72007 raw_loss=1.823204 weighted_loss=1.095699 lr=0.0001 windows=20719/106562
checkpoint optimizer_steps=72007 path=/home/yanzhou/cyh/cid-v17-retrain/runs/cid-v1-0.4b-v17-ncv4-needfix-74b9eed/stage-a/stage-a-latest.pt
progress epoch=3 optimizer_steps=72036 raw_loss=1.852672 weighted_loss=1.019367 lr=0.0001 windows=20791/106562
progress epoch=3 optimizer_steps=72057 raw_loss=2.246229 weighted_loss=0.951652 lr=0.0001 windows=20834/106562
progress epoch=3 optimizer_steps=72080 raw_loss=1.705737 weighted_loss=0.829408 lr=0.0001 windows=20872/106562
progress epoch=3 optimizer_steps=72101 raw_loss=2.277867 weighted_loss=1.340868 lr=0.0001 windows=20937/106562
progress epoch=3 optimizer_steps=72127 raw_loss=2.026951 weighted_loss=1.211847 lr=0.0001 windows=21003/106562
progress epoch=3 optimizer_steps=72151 raw_loss=1.896979 weighted_loss=1.341643 lr=0.0001 windows=21074/106562
progress epoch=3 optimizer_steps=72176 raw_loss=1.866489 weighted_loss=0.869054 lr=0.0001 windows=21118/106562
progress epoch=3 optimizer_steps=72212 raw_loss=2.176866 weighted_loss=0.943599 lr=0.0001 windows=21175/106562
progress epoch=3 optimizer_steps=72235 raw_loss=2.173963 weighted_loss=1.886719 lr=0.0001 windows=21238/106562
progress epoch=3 optimizer_steps=72252 raw_loss=2.014304 weighted_loss=0.951822 lr=0.0001 windows=21294/106562
progress epoch=3 optimizer_steps=72276 raw_loss=1.640741 weighted_loss=0.689718 lr=0.0001 windows=21339/106562
progress epoch=3 optimizer_steps=72307 raw_loss=1.997367 weighted_loss=1.458592 lr=0.0001 windows=21415/106562
progress epoch=3 optimizer_steps=72334 raw_loss=2.018093 weighted_loss=1.147336 lr=0.0001 windows=21477/106562
progress epoch=3 optimizer_steps=72356 raw_loss=1.882471 weighted_loss=1.624773 lr=0.0001 windows=21526/106562
progress epoch=3 optimizer_steps=72375 raw_loss=2.120666 weighted_loss=2.063938 lr=0.0001 windows=21574/106562
progress epoch=3 optimizer_steps=72402 raw_loss=2.085684 weighted_loss=1.389475 lr=0.0001 windows=21634/106562
progress epoch=3 optimizer_steps=72432 raw_loss=2.246005 weighted_loss=1.993803 lr=0.0001 windows=21719/106562
progress epoch=3 optimizer_steps=72453 raw_loss=2.368168 weighted_loss=2.550834 lr=0.0001 windows=21808/106562
progress epoch=3 optimizer_steps=72477 raw_loss=2.238931 weighted_loss=2.713649 lr=0.0001 windows=21891/106562
progress epoch=3 optimizer_steps=72511 raw_loss=2.139799 weighted_loss=0.761093 lr=0.0001 windows=21952/106562
progress epoch=3 optimizer_steps=72538 raw_loss=1.927344 weighted_loss=0.867909 lr=0.0001 windows=21999/106562
progress epoch=3 optimizer_steps=72556 raw_loss=2.429211 weighted_loss=3.144349 lr=0.0001 windows=22054/106562
progress epoch=3 optimizer_steps=72577 raw_loss=1.851860 weighted_loss=0.897789 lr=0.0001 windows=22084/106562
progress epoch=3 optimizer_steps=72602 raw_loss=1.944244 weighted_loss=1.168257 lr=0.0001 windows=22150/106562
progress epoch=3 optimizer_steps=72625 raw_loss=1.872035 weighted_loss=1.879189 lr=0.0001 windows=22220/106562
progress epoch=3 optimizer_steps=72650 raw_loss=2.366583 weighted_loss=4.040204 lr=0.0001 windows=22303/106562
progress epoch=3 optimizer_steps=72678 raw_loss=2.279770 weighted_loss=2.954155 lr=0.0001 windows=22431/106562
progress epoch=3 optimizer_steps=72709 raw_loss=2.156715 weighted_loss=1.912830 lr=0.0001 windows=22521/106562
progress epoch=3 optimizer_steps=72739 raw_loss=2.147447 weighted_loss=1.038722 lr=0.0001 windows=22593/106562
progress epoch=3 optimizer_steps=72764 raw_loss=2.030872 weighted_loss=0.797133 lr=0.0001 windows=22627/106562
progress epoch=3 optimizer_steps=72779 raw_loss=1.904357 weighted_loss=0.676540 lr=0.0001 windows=22654/106562
progress epoch=3 optimizer_steps=72805 raw_loss=2.129048 weighted_loss=0.708457 lr=0.0001 windows=22684/106562
progress epoch=3 optimizer_steps=72825 raw_loss=2.154234 weighted_loss=1.866273 lr=0.0001 windows=22737/106562
progress epoch=3 optimizer_steps=72860 raw_loss=1.991497 weighted_loss=0.893760 lr=0.0001 windows=22805/106562
progress epoch=3 optimizer_steps=72877 raw_loss=2.254068 weighted_loss=3.101849 lr=0.0001 windows=22852/106562
progress epoch=3 optimizer_steps=72916 raw_loss=2.119791 weighted_loss=1.618666 lr=0.0001 windows=22945/106562
progress epoch=3 optimizer_steps=72934 raw_loss=1.729823 weighted_loss=0.813270 lr=0.0001 windows=22975/106562
progress epoch=3 optimizer_steps=72951 raw_loss=1.881354 weighted_loss=1.597521 lr=0.0001 windows=23014/106562
progress epoch=3 optimizer_steps=72976 raw_loss=1.961520 weighted_loss=1.423720 lr=0.0001 windows=23083/106562
progress epoch=3 optimizer_steps=73000 raw_loss=1.939207 weighted_loss=1.341522 lr=0.0001 windows=23144/106562
checkpoint optimizer_steps=73000 path=/home/yanzhou/cyh/cid-v17-retrain/runs/cid-v1-0.4b-v17-ncv4-needfix-74b9eed/stage-a/stage-a-latest.pt
progress epoch=3 optimizer_steps=73025 raw_loss=1.701645 weighted_loss=1.441749 lr=0.0001 windows=23194/106562
progress epoch=3 optimizer_steps=73051 raw_loss=2.400556 weighted_loss=2.223048 lr=0.0001 windows=23266/106562
progress epoch=3 optimizer_steps=73083 raw_loss=1.945123 weighted_loss=0.668624 lr=0.0001 windows=23308/106562
progress epoch=3 optimizer_steps=73102 raw_loss=2.019673 weighted_loss=1.913650 lr=0.0001 windows=23368/106562
progress epoch=3 optimizer_steps=73126 raw_loss=1.860088 weighted_loss=0.936228 lr=0.0001 windows=23422/106562
progress epoch=3 optimizer_steps=73152 raw_loss=2.383429 weighted_loss=1.896978 lr=0.0001 windows=23529/106562
progress epoch=3 optimizer_steps=73186 raw_loss=2.101339 weighted_loss=0.707085 lr=0.0001 windows=23575/106562
progress epoch=3 optimizer_steps=73200 raw_loss=2.192193 weighted_loss=2.630054 lr=0.0001 windows=23632/106562
progress epoch=3 optimizer_steps=73228 raw_loss=2.415858 weighted_loss=1.764497 lr=0.0001 windows=23709/106562
progress epoch=3 optimizer_steps=73252 raw_loss=2.177908 weighted_loss=1.712556 lr=0.0001 windows=23756/106562
progress epoch=3 optimizer_steps=73276 raw_loss=1.968818 weighted_loss=1.857634 lr=0.0001 windows=23822/106562
progress epoch=3 optimizer_steps=73302 raw_loss=2.050555 weighted_loss=1.117009 lr=0.0001 windows=23870/106562
progress epoch=3 optimizer_steps=73340 raw_loss=2.351229 weighted_loss=2.323062 lr=0.0001 windows=23974/106562
progress epoch=3 optimizer_steps=73352 raw_loss=1.851940 weighted_loss=1.109853 lr=0.0001 windows=24016/106562
progress epoch=3 optimizer_steps=73381 raw_loss=2.056951 weighted_loss=1.808064 lr=0.0001 windows=24094/106562
progress epoch=3 optimizer_steps=73406 raw_loss=2.533286 weighted_loss=1.174112 lr=0.0001 windows=24157/106562
progress epoch=3 optimizer_steps=73425 raw_loss=1.891829 weighted_loss=1.341799 lr=0.0001 windows=24202/106562
progress epoch=3 optimizer_steps=73451 raw_loss=1.975871 weighted_loss=2.022869 lr=0.0001 windows=24300/106562
progress epoch=3 optimizer_steps=73479 raw_loss=1.499176 weighted_loss=0.871391 lr=0.0001 windows=24358/106562
progress epoch=3 optimizer_steps=73502 raw_loss=1.940025 weighted_loss=0.630943 lr=0.0001 windows=24384/106562
progress epoch=3 optimizer_steps=73530 raw_loss=2.238755 weighted_loss=4.882289 lr=0.0001 windows=24519/106562
progress epoch=3 optimizer_steps=73552 raw_loss=1.807048 weighted_loss=1.216542 lr=0.0001 windows=24569/106562
progress epoch=3 optimizer_steps=73578 raw_loss=2.287707 weighted_loss=2.226881 lr=0.0001 windows=24650/106562
progress epoch=3 optimizer_steps=73602 raw_loss=2.493398 weighted_loss=5.654989 lr=0.0001 windows=24709/106562
progress epoch=3 optimizer_steps=73630 raw_loss=1.868770 weighted_loss=0.920636 lr=0.0001 windows=24792/106562
progress epoch=3 optimizer_steps=73651 raw_loss=1.822953 weighted_loss=1.731640 lr=0.0001 windows=24855/106562
progress epoch=3 optimizer_steps=73675 raw_loss=1.967078 weighted_loss=1.505570 lr=0.0001 windows=24920/106562
progress epoch=3 optimizer_steps=73709 raw_loss=2.712640 weighted_loss=3.670546 lr=0.0001 windows=25044/106562
progress epoch=3 optimizer_steps=73729 raw_loss=2.133373 weighted_loss=1.086602 lr=0.0001 windows=25110/106562
progress epoch=3 optimizer_steps=73750 raw_loss=2.795260 weighted_loss=3.778743 lr=0.0001 windows=25193/106562
progress epoch=3 optimizer_steps=73777 raw_loss=1.861021 weighted_loss=1.465330 lr=0.0001 windows=25272/106562
progress epoch=3 optimizer_steps=73805 raw_loss=2.172416 weighted_loss=2.294790 lr=0.0001 windows=25373/106562
progress epoch=3 optimizer_steps=73830 raw_loss=2.050465 weighted_loss=1.880722 lr=0.0001 windows=25432/106562
progress epoch=3 optimizer_steps=73854 raw_loss=2.506513 weighted_loss=2.959477 lr=0.0001 windows=25490/106562
progress epoch=3 optimizer_steps=73879 raw_loss=2.143721 weighted_loss=1.289265 lr=0.0001 windows=25556/106562
progress epoch=3 optimizer_steps=73903 raw_loss=1.950597 weighted_loss=2.155741 lr=0.0001 windows=25626/106562
progress epoch=3 optimizer_steps=73933 raw_loss=1.985012 weighted_loss=1.699300 lr=0.0001 windows=25721/106562
progress epoch=3 optimizer_steps=73952 raw_loss=2.426316 weighted_loss=1.873380 lr=0.0001 windows=25792/106562
progress epoch=3 optimizer_steps=73977 raw_loss=1.841968 weighted_loss=1.171368 lr=0.0001 windows=25856/106562
progress epoch=3 optimizer_steps=74020 raw_loss=2.115868 weighted_loss=1.803636 lr=0.0001 windows=25946/106562
checkpoint optimizer_steps=74020 path=/home/yanzhou/cyh/cid-v17-retrain/runs/cid-v1-0.4b-v17-ncv4-needfix-74b9eed/stage-a/stage-a-latest.pt
progress epoch=3 optimizer_steps=74025 raw_loss=1.696213 weighted_loss=1.485166 lr=0.0001 windows=25956/106562
progress epoch=3 optimizer_steps=74055 raw_loss=2.394107 weighted_loss=3.352798 lr=0.0001 windows=26060/106562
progress epoch=3 optimizer_steps=74094 raw_loss=1.934106 weighted_loss=1.322458 lr=0.0001 windows=26133/106562
progress epoch=3 optimizer_steps=74100 raw_loss=2.090824 weighted_loss=1.901006 lr=0.0001 windows=26163/106562
progress epoch=3 optimizer_steps=74129 raw_loss=2.085787 weighted_loss=1.660986 lr=0.0001 windows=26244/106562
progress epoch=3 optimizer_steps=74157 raw_loss=1.937930 weighted_loss=1.077229 lr=0.0001 windows=26296/106562
progress epoch=3 optimizer_steps=74185 raw_loss=2.030565 weighted_loss=1.466021 lr=0.0001 windows=26379/106562
progress epoch=3 optimizer_steps=74205 raw_loss=1.988230 weighted_loss=1.021074 lr=0.0001 windows=26415/106562
progress epoch=3 optimizer_steps=74226 raw_loss=2.059950 weighted_loss=2.057701 lr=0.0001 windows=26476/106562
progress epoch=3 optimizer_steps=74257 raw_loss=1.675599 weighted_loss=1.079463 lr=0.0001 windows=26554/106562
progress epoch=3 optimizer_steps=74282 raw_loss=2.222934 weighted_loss=1.875825 lr=0.0001 windows=26628/106562
progress epoch=3 optimizer_steps=74314 raw_loss=1.917929 weighted_loss=0.966469 lr=0.0001 windows=26677/106562
progress epoch=3 optimizer_steps=74325 raw_loss=2.523828 weighted_loss=2.018988 lr=0.0001 windows=26716/106562
progress epoch=3 optimizer_steps=74359 raw_loss=2.051528 weighted_loss=1.363592 lr=0.0001 windows=26798/106562
progress epoch=3 optimizer_steps=74377 raw_loss=2.007391 weighted_loss=1.613347 lr=0.0001 windows=26846/106562
progress epoch=3 optimizer_steps=74400 raw_loss=1.924532 weighted_loss=1.339975 lr=0.0001 windows=26909/106562
progress epoch=3 optimizer_steps=74428 raw_loss=2.177256 weighted_loss=1.787618 lr=0.0001 windows=26991/106562
progress epoch=3 optimizer_steps=74450 raw_loss=2.077214 weighted_loss=2.958483 lr=0.0001 windows=27052/106562
progress epoch=3 optimizer_steps=74478 raw_loss=1.985130 weighted_loss=0.971533 lr=0.0001 windows=27134/106562
progress epoch=3 optimizer_steps=74507 raw_loss=2.017448 weighted_loss=1.950808 lr=0.0001 windows=27207/106562
progress epoch=3 optimizer_steps=74525 raw_loss=2.917442 weighted_loss=9.276356 lr=0.0001 windows=27305/106562
progress epoch=3 optimizer_steps=74556 raw_loss=1.995858 weighted_loss=1.384322 lr=0.0001 windows=27397/106562
progress epoch=3 optimizer_steps=74575 raw_loss=2.068088 weighted_loss=1.012013 lr=0.0001 windows=27442/106562
progress epoch=3 optimizer_steps=74601 raw_loss=1.784333 weighted_loss=0.957661 lr=0.0001 windows=27493/106562
progress epoch=3 optimizer_steps=74630 raw_loss=2.206812 weighted_loss=1.042545 lr=0.0001 windows=27561/106562
progress epoch=3 optimizer_steps=74651 raw_loss=3.007982 weighted_loss=12.035808 lr=0.0001 windows=27685/106562
progress epoch=3 optimizer_steps=74675 raw_loss=2.522661 weighted_loss=3.759076 lr=0.0001 windows=27781/106562
progress epoch=3 optimizer_steps=74701 raw_loss=2.210524 weighted_loss=2.426578 lr=0.0001 windows=27867/106562
progress epoch=3 optimizer_steps=74731 raw_loss=2.054850 weighted_loss=0.988040 lr=0.0001 windows=27939/106562
progress epoch=3 optimizer_steps=74753 raw_loss=2.232134 weighted_loss=1.709943 lr=0.0001 windows=28021/106562
progress epoch=3 optimizer_steps=74780 raw_loss=1.828002 weighted_loss=2.239243 lr=0.0001 windows=28108/106562
progress epoch=3 optimizer_steps=74804 raw_loss=1.992586 weighted_loss=0.840339 lr=0.0001 windows=28171/106562
progress epoch=3 optimizer_steps=74833 raw_loss=1.869596 weighted_loss=0.982645 lr=0.0001 windows=28243/106562
progress epoch=3 optimizer_steps=74861 raw_loss=1.815118 weighted_loss=0.696817 lr=0.0001 windows=28307/106562
progress epoch=3 optimizer_steps=74884 raw_loss=2.064323 weighted_loss=0.661271 lr=0.0001 windows=28331/106562
progress epoch=3 optimizer_steps=74906 raw_loss=2.747386 weighted_loss=2.217430 lr=0.0001 windows=28410/106562
progress epoch=3 optimizer_steps=74930 raw_loss=2.121444 weighted_loss=1.431037 lr=0.0001 windows=28453/106562
progress epoch=3 optimizer_steps=74958 raw_loss=2.062651 weighted_loss=1.702068 lr=0.0001 windows=28529/106562
progress epoch=3 optimizer_steps=74987 raw_loss=1.784767 weighted_loss=0.613702 lr=0.0001 windows=28568/106562
progress epoch=3 optimizer_steps=75001 raw_loss=2.116995 weighted_loss=2.490398 lr=0.0001 windows=28616/106562
checkpoint optimizer_steps=75001 path=/home/yanzhou/cyh/cid-v17-retrain/runs/cid-v1-0.4b-v17-ncv4-needfix-74b9eed/stage-a/stage-a-latest.pt
progress epoch=3 optimizer_steps=75031 raw_loss=2.251752 weighted_loss=0.834210 lr=0.0001 windows=28674/106562
progress epoch=3 optimizer_steps=75061 raw_loss=2.013320 weighted_loss=1.412449 lr=0.0001 windows=28728/106562
progress epoch=3 optimizer_steps=75076 raw_loss=2.410388 weighted_loss=1.527149 lr=0.0001 windows=28770/106562
progress epoch=3 optimizer_steps=75103 raw_loss=2.258070 weighted_loss=2.146157 lr=0.0001 windows=28842/106562
progress epoch=3 optimizer_steps=75130 raw_loss=2.362952 weighted_loss=1.350227 lr=0.0001 windows=28901/106562
progress epoch=3 optimizer_steps=75150 raw_loss=2.100103 weighted_loss=0.656715 lr=0.0001 windows=28925/106562
progress epoch=3 optimizer_steps=75182 raw_loss=2.389507 weighted_loss=3.127563 lr=0.0001 windows=29056/106562
progress epoch=3 optimizer_steps=75202 raw_loss=2.153654 weighted_loss=1.167383 lr=0.0001 windows=29100/106562
progress epoch=3 optimizer_steps=75229 raw_loss=2.292330 weighted_loss=3.332377 lr=0.0001 windows=29186/106562
progress epoch=3 optimizer_steps=75250 raw_loss=2.326724 weighted_loss=2.184315 lr=0.0001 windows=29261/106562
progress epoch=3 optimizer_steps=75275 raw_loss=2.413490 weighted_loss=2.934589 lr=0.0001 windows=29347/106562
progress epoch=3 optimizer_steps=75300 raw_loss=2.064749 weighted_loss=1.731066 lr=0.0001 windows=29422/106562
progress epoch=3 optimizer_steps=75331 raw_loss=2.141643 weighted_loss=1.085188 lr=0.0001 windows=29492/106562
progress epoch=3 optimizer_steps=75357 raw_loss=2.076832 weighted_loss=1.422444 lr=0.0001 windows=29564/106562
progress epoch=3 optimizer_steps=75379 raw_loss=1.947208 weighted_loss=0.607836 lr=0.0001 windows=29589/106562
progress epoch=3 optimizer_steps=75402 raw_loss=2.044147 weighted_loss=2.024002 lr=0.0001 windows=29666/106562
progress epoch=3 optimizer_steps=75426 raw_loss=2.263394 weighted_loss=1.840649 lr=0.0001 windows=29761/106562
progress epoch=3 optimizer_steps=75450 raw_loss=2.104868 weighted_loss=1.508741 lr=0.0001 windows=29850/106562
progress epoch=3 optimizer_steps=75482 raw_loss=2.078955 weighted_loss=1.206278 lr=0.0001 windows=29913/106562
progress epoch=3 optimizer_steps=75506 raw_loss=2.302934 weighted_loss=1.411783 lr=0.0001 windows=29970/106562
progress epoch=3 optimizer_steps=75531 raw_loss=1.889688 weighted_loss=1.236958 lr=0.0001 windows=30056/106562
progress epoch=3 optimizer_steps=75557 raw_loss=2.328774 weighted_loss=1.498256 lr=0.0001 windows=30108/106562
progress epoch=3 optimizer_steps=75578 raw_loss=2.057637 weighted_loss=1.913836 lr=0.0001 windows=30151/106562
progress epoch=3 optimizer_steps=75609 raw_loss=2.164537 weighted_loss=1.095477 lr=0.0001 windows=30225/106562
progress epoch=3 optimizer_steps=75635 raw_loss=2.623117 weighted_loss=6.020738 lr=0.0001 windows=30319/106562
progress epoch=3 optimizer_steps=75650 raw_loss=2.439456 weighted_loss=1.153744 lr=0.0001 windows=30369/106562
progress epoch=3 optimizer_steps=75679 raw_loss=2.583037 weighted_loss=1.553690 lr=0.0001 windows=30465/106562
progress epoch=3 optimizer_steps=75700 raw_loss=2.441290 weighted_loss=2.868222 lr=0.0001 windows=30547/106562
progress epoch=3 optimizer_steps=75725 raw_loss=2.350194 weighted_loss=2.210526 lr=0.0001 windows=30608/106562
progress epoch=3 optimizer_steps=75750 raw_loss=2.303940 weighted_loss=1.904722 lr=0.0001 windows=30673/106562
progress epoch=3 optimizer_steps=75777 raw_loss=2.203772 weighted_loss=1.773813 lr=0.0001 windows=30747/106562
progress epoch=3 optimizer_steps=75803 raw_loss=2.008804 weighted_loss=1.483582 lr=0.0001 windows=30815/106562
progress epoch=3 optimizer_steps=75828 raw_loss=1.872637 weighted_loss=1.256263 lr=0.0001 windows=30871/106562
progress epoch=3 optimizer_steps=75852 raw_loss=2.144213 weighted_loss=1.853565 lr=0.0001 windows=30932/106562
progress epoch=3 optimizer_steps=75878 raw_loss=2.094678 weighted_loss=1.209057 lr=0.0001 windows=31000/106562
progress epoch=3 optimizer_steps=75903 raw_loss=1.894340 weighted_loss=1.032261 lr=0.0001 windows=31050/106562
progress epoch=3 optimizer_steps=75934 raw_loss=2.020768 weighted_loss=2.291035 lr=0.0001 windows=31146/106562
progress epoch=3 optimizer_steps=75950 raw_loss=2.529012 weighted_loss=2.360079 lr=0.0001 windows=31222/106562
progress epoch=3 optimizer_steps=75977 raw_loss=2.088194 weighted_loss=2.938542 lr=0.0001 windows=31305/106562
progress epoch=3 optimizer_steps=76003 raw_loss=2.262293 weighted_loss=2.692388 lr=0.0001 windows=31403/106562
checkpoint optimizer_steps=76003 path=/home/yanzhou/cyh/cid-v17-retrain/runs/cid-v1-0.4b-v17-ncv4-needfix-74b9eed/stage-a/stage-a-latest.pt
progress epoch=3 optimizer_steps=76025 raw_loss=1.860695 weighted_loss=1.347375 lr=0.0001 windows=31465/106562
progress epoch=3 optimizer_steps=76052 raw_loss=1.830564 weighted_loss=1.202965 lr=0.0001 windows=31537/106562
progress epoch=3 optimizer_steps=76077 raw_loss=1.724945 weighted_loss=0.938860 lr=0.0001 windows=31616/106562
progress epoch=3 optimizer_steps=76108 raw_loss=1.962699 weighted_loss=1.339069 lr=0.0001 windows=31707/106562
progress epoch=3 optimizer_steps=76136 raw_loss=1.927358 weighted_loss=0.850606 lr=0.0001 windows=31760/106562
progress epoch=3 optimizer_steps=76154 raw_loss=2.651017 weighted_loss=3.467031 lr=0.0001 windows=31832/106562
progress epoch=3 optimizer_steps=76176 raw_loss=1.786421 weighted_loss=2.342790 lr=0.0001 windows=31888/106562
progress epoch=3 optimizer_steps=76207 raw_loss=2.025216 weighted_loss=1.204846 lr=0.0001 windows=31998/106562
progress epoch=3 optimizer_steps=76228 raw_loss=1.828964 weighted_loss=1.685079 lr=0.0001 windows=32055/106562
progress epoch=3 optimizer_steps=76261 raw_loss=1.936815 weighted_loss=1.479742 lr=0.0001 windows=32152/106562
progress epoch=3 optimizer_steps=76276 raw_loss=2.256409 weighted_loss=1.317958 lr=0.0001 windows=32182/106562
progress epoch=3 optimizer_steps=76302 raw_loss=2.226441 weighted_loss=2.070794 lr=0.0001 windows=32285/106562
progress epoch=3 optimizer_steps=76325 raw_loss=2.118725 weighted_loss=2.569455 lr=0.0001 windows=32357/106562
progress epoch=3 optimizer_steps=76350 raw_loss=1.849523 weighted_loss=1.169201 lr=0.0001 windows=32427/106562
progress epoch=3 optimizer_steps=76380 raw_loss=1.772930 weighted_loss=0.942405 lr=0.0001 windows=32501/106562
progress epoch=3 optimizer_steps=76407 raw_loss=1.978857 weighted_loss=1.393123 lr=0.0001 windows=32599/106562
progress epoch=3 optimizer_steps=76428 raw_loss=2.333809 weighted_loss=3.179446 lr=0.0001 windows=32672/106562
progress epoch=3 optimizer_steps=76455 raw_loss=2.200460 weighted_loss=1.738238 lr=0.0001 windows=32729/106562
progress epoch=3 optimizer_steps=76475 raw_loss=1.641698 weighted_loss=1.233625 lr=0.0001 windows=32780/106562
progress epoch=3 optimizer_steps=76502 raw_loss=2.403702 weighted_loss=2.791982 lr=0.0001 windows=32865/106562
progress epoch=3 optimizer_steps=76526 raw_loss=2.607442 weighted_loss=5.177849 lr=0.0001 windows=32965/106562
progress epoch=3 optimizer_steps=76554 raw_loss=2.070954 weighted_loss=2.359713 lr=0.0001 windows=33037/106562
progress epoch=3 optimizer_steps=76580 raw_loss=2.319317 weighted_loss=3.614815 lr=0.0001 windows=33137/106562
progress epoch=3 optimizer_steps=76616 raw_loss=2.057249 weighted_loss=0.805345 lr=0.0001 windows=33209/106562
progress epoch=3 optimizer_steps=76630 raw_loss=2.082317 weighted_loss=2.068831 lr=0.0001 windows=33260/106562
progress epoch=3 optimizer_steps=76651 raw_loss=2.641292 weighted_loss=6.003633 lr=0.0001 windows=33360/106562
progress epoch=3 optimizer_steps=76678 raw_loss=2.333287 weighted_loss=1.880625 lr=0.0001 windows=33456/106562
progress epoch=3 optimizer_steps=76716 raw_loss=1.891100 weighted_loss=0.883271 lr=0.0001 windows=33532/106562
progress epoch=3 optimizer_steps=76726 raw_loss=2.503543 weighted_loss=0.967079 lr=0.0001 windows=33554/106562
progress epoch=3 optimizer_steps=76754 raw_loss=2.240093 weighted_loss=2.456276 lr=0.0001 windows=33686/106562
progress epoch=3 optimizer_steps=76779 raw_loss=2.255251 weighted_loss=2.491449 lr=0.0001 windows=33768/106562
progress epoch=3 optimizer_steps=76804 raw_loss=2.333757 weighted_loss=2.895600 lr=0.0001 windows=33866/106562
progress epoch=3 optimizer_steps=76827 raw_loss=2.303394 weighted_loss=3.246820 lr=0.0001 windows=33941/106562
progress epoch=3 optimizer_steps=76854 raw_loss=2.182497 weighted_loss=2.592978 lr=0.0001 windows=34020/106562
progress epoch=3 optimizer_steps=76875 raw_loss=1.743053 weighted_loss=1.188034 lr=0.0001 windows=34071/106562
progress epoch=3 optimizer_steps=76913 raw_loss=1.973882 weighted_loss=1.076277 lr=0.0001 windows=34180/106562
progress epoch=3 optimizer_steps=76926 raw_loss=2.209035 weighted_loss=1.793078 lr=0.0001 windows=34231/106562
progress epoch=3 optimizer_steps=76953 raw_loss=1.972022 weighted_loss=0.704668 lr=0.0001 windows=34271/106562
progress epoch=3 optimizer_steps=76975 raw_loss=1.997753 weighted_loss=1.137079 lr=0.0001 windows=34339/106562
progress epoch=3 optimizer_steps=77001 raw_loss=2.021393 weighted_loss=1.316394 lr=0.0001 windows=34457/106562
checkpoint optimizer_steps=77001 path=/home/yanzhou/cyh/cid-v17-retrain/runs/cid-v1-0.4b-v17-ncv4-needfix-74b9eed/stage-a/stage-a-latest.pt
progress epoch=3 optimizer_steps=77035 raw_loss=1.823170 weighted_loss=0.994710 lr=0.0001 windows=34515/106562
progress epoch=3 optimizer_steps=77056 raw_loss=2.325028 weighted_loss=1.633068 lr=0.0001 windows=34588/106562
progress epoch=3 optimizer_steps=77090 raw_loss=2.284222 weighted_loss=2.362109 lr=0.0001 windows=34667/106562
progress epoch=3 optimizer_steps=77101 raw_loss=2.767350 weighted_loss=4.236452 lr=0.0001 windows=34715/106562
progress epoch=3 optimizer_steps=77126 raw_loss=1.861932 weighted_loss=1.824618 lr=0.0001 windows=34786/106562
progress epoch=3 optimizer_steps=77150 raw_loss=2.443934 weighted_loss=2.949466 lr=0.0001 windows=34928/106562
progress epoch=3 optimizer_steps=77175 raw_loss=1.818556 weighted_loss=1.466033 lr=0.0001 windows=35001/106562
progress epoch=3 optimizer_steps=77200 raw_loss=2.010478 weighted_loss=0.703506 lr=0.0001 windows=35037/106562
progress epoch=3 optimizer_steps=77236 raw_loss=1.960832 weighted_loss=1.413708 lr=0.0001 windows=35120/106562
progress epoch=3 optimizer_steps=77257 raw_loss=2.465953 weighted_loss=2.651808 lr=0.0001 windows=35197/106562
progress epoch=3 optimizer_steps=77278 raw_loss=1.746912 weighted_loss=1.886021 lr=0.0001 windows=35247/106562
progress epoch=3 optimizer_steps=77301 raw_loss=2.134851 weighted_loss=2.317854 lr=0.0001 windows=35319/106562
progress epoch=3 optimizer_steps=77333 raw_loss=2.666414 weighted_loss=3.618933 lr=0.0001 windows=35439/106562
progress epoch=3 optimizer_steps=77358 raw_loss=2.130038 weighted_loss=1.917407 lr=0.0001 windows=35537/106562
progress epoch=3 optimizer_steps=77377 raw_loss=2.031280 weighted_loss=3.000253 lr=0.0001 windows=35585/106562
progress epoch=3 optimizer_steps=77411 raw_loss=2.338640 weighted_loss=2.677663 lr=0.0001 windows=35681/106562
progress epoch=3 optimizer_steps=77429 raw_loss=2.258998 weighted_loss=1.185663 lr=0.0001 windows=35747/106562
progress epoch=3 optimizer_steps=77452 raw_loss=2.356365 weighted_loss=1.927916 lr=0.0001 windows=35834/106562
progress epoch=3 optimizer_steps=77480 raw_loss=2.202491 weighted_loss=2.285006 lr=0.0001 windows=35908/106562
progress epoch=3 optimizer_steps=77500 raw_loss=1.936950 weighted_loss=1.701692 lr=0.0001 windows=35958/106562
progress epoch=3 optimizer_steps=77531 raw_loss=1.799382 weighted_loss=1.165458 lr=0.0001 windows=36040/106562
progress epoch=3 optimizer_steps=77552 raw_loss=2.454919 weighted_loss=3.323316 lr=0.0001 windows=36137/106562
progress epoch=3 optimizer_steps=77577 raw_loss=2.250344 weighted_loss=1.899406 lr=0.0001 windows=36198/106562
progress epoch=3 optimizer_steps=77602 raw_loss=1.896372 weighted_loss=1.663500 lr=0.0001 windows=36273/106562
progress epoch=3 optimizer_steps=77625 raw_loss=2.291833 weighted_loss=1.899509 lr=0.0001 windows=36357/106562
progress epoch=3 optimizer_steps=77654 raw_loss=2.266052 weighted_loss=2.380647 lr=0.0001 windows=36460/106562
progress epoch=3 optimizer_steps=77697 raw_loss=2.079867 weighted_loss=1.255788 lr=0.0001 windows=36556/106562
progress epoch=3 optimizer_steps=77708 raw_loss=1.650163 weighted_loss=0.903028 lr=0.0001 windows=36580/106562
progress epoch=3 optimizer_steps=77729 raw_loss=2.449448 weighted_loss=2.788805 lr=0.0001 windows=36677/106562
progress epoch=3 optimizer_steps=77750 raw_loss=2.487999 weighted_loss=3.676872 lr=0.0001 windows=36795/106562
progress epoch=3 optimizer_steps=77776 raw_loss=2.109879 weighted_loss=2.221523 lr=0.0001 windows=36890/106562
progress epoch=3 optimizer_steps=77801 raw_loss=2.412933 weighted_loss=2.727992 lr=0.0001 windows=36994/106562
progress epoch=3 optimizer_steps=77832 raw_loss=1.898349 weighted_loss=1.570248 lr=0.0001 windows=37066/106562
progress epoch=3 optimizer_steps=77854 raw_loss=1.948964 weighted_loss=0.794888 lr=0.0001 windows=37114/106562
progress epoch=3 optimizer_steps=77879 raw_loss=1.868386 weighted_loss=1.976104 lr=0.0001 windows=37194/106562
progress epoch=3 optimizer_steps=77910 raw_loss=2.099087 weighted_loss=2.126837 lr=0.0001 windows=37290/106562
progress epoch=3 optimizer_steps=77928 raw_loss=2.106141 weighted_loss=2.713551 lr=0.0001 windows=37338/106562
progress epoch=3 optimizer_steps=77968 raw_loss=1.974896 weighted_loss=1.670015 lr=0.0001 windows=37434/106562
progress epoch=3 optimizer_steps=77975 raw_loss=2.162000 weighted_loss=1.090951 lr=0.0001 windows=37461/106562
progress epoch=3 optimizer_steps=78004 raw_loss=2.327052 weighted_loss=3.729091 lr=0.0001 windows=37581/106562
checkpoint optimizer_steps=78004 path=/home/yanzhou/cyh/cid-v17-retrain/runs/cid-v1-0.4b-v17-ncv4-needfix-74b9eed/stage-a/stage-a-latest.pt
progress epoch=3 optimizer_steps=78039 raw_loss=2.047254 weighted_loss=1.620680 lr=0.0001 windows=37675/106562
progress epoch=3 optimizer_steps=78053 raw_loss=2.514633 weighted_loss=2.921519 lr=0.0001 windows=37745/106562
progress epoch=3 optimizer_steps=78085 raw_loss=1.946379 weighted_loss=1.176020 lr=0.0001 windows=37829/106562
progress epoch=3 optimizer_steps=78105 raw_loss=1.861502 weighted_loss=1.041095 lr=0.0001 windows=37869/106562
progress epoch=3 optimizer_steps=78127 raw_loss=2.188390 weighted_loss=1.247650 lr=0.0001 windows=37919/106562
progress epoch=3 optimizer_steps=78150 raw_loss=1.953748 weighted_loss=1.802994 lr=0.0001 windows=37993/106562
progress epoch=3 optimizer_steps=78180 raw_loss=2.563433 weighted_loss=3.157501 lr=0.0001 windows=38099/106562
progress epoch=3 optimizer_steps=78205 raw_loss=2.411313 weighted_loss=4.011088 lr=0.0001 windows=38211/106562
progress epoch=3 optimizer_steps=78225 raw_loss=1.995854 weighted_loss=0.978796 lr=0.0001 windows=38259/106562
progress epoch=3 optimizer_steps=78250 raw_loss=1.802504 weighted_loss=1.443758 lr=0.0001 windows=38353/106562
progress epoch=3 optimizer_steps=78284 raw_loss=1.911229 weighted_loss=1.657490 lr=0.0001 windows=38449/106562
progress epoch=3 optimizer_steps=78302 raw_loss=2.187565 weighted_loss=3.686870 lr=0.0001 windows=38528/106562
progress epoch=3 optimizer_steps=78329 raw_loss=2.295402 weighted_loss=2.883695 lr=0.0001 windows=38636/106562
progress epoch=3 optimizer_steps=78353 raw_loss=2.044310 weighted_loss=1.890240 lr=0.0001 windows=38733/106562
progress epoch=3 optimizer_steps=78379 raw_loss=1.640803 weighted_loss=1.079088 lr=0.0001 windows=38804/106562
progress epoch=3 optimizer_steps=78401 raw_loss=1.987935 weighted_loss=1.014949 lr=0.0001 windows=38861/106562
progress epoch=3 optimizer_steps=78426 raw_loss=2.207614 weighted_loss=1.329698 lr=0.0001 windows=38939/106562
progress epoch=3 optimizer_steps=78457 raw_loss=1.941495 weighted_loss=2.232159 lr=0.0001 windows=39035/106562
progress epoch=3 optimizer_steps=78479 raw_loss=2.137534 weighted_loss=1.461423 lr=0.0001 windows=39107/106562
progress epoch=3 optimizer_steps=78507 raw_loss=1.982455 weighted_loss=1.493501 lr=0.0001 windows=39203/106562
progress epoch=3 optimizer_steps=78528 raw_loss=2.180988 weighted_loss=2.615171 lr=0.0001 windows=39275/106562
progress epoch=3 optimizer_steps=78555 raw_loss=1.975256 weighted_loss=0.703150 lr=0.0001 windows=39323/106562
progress epoch=3 optimizer_steps=78579 raw_loss=2.711471 weighted_loss=4.238045 lr=0.0001 windows=39419/106562
progress epoch=3 optimizer_steps=78600 raw_loss=2.120102 weighted_loss=3.188571 lr=0.0001 windows=39497/106562
progress epoch=3 optimizer_steps=78627 raw_loss=2.385204 weighted_loss=3.270692 lr=0.0001 windows=39601/106562
progress epoch=3 optimizer_steps=78653 raw_loss=2.187194 weighted_loss=2.996112 lr=0.0001 windows=39697/106562
progress epoch=3 optimizer_steps=78675 raw_loss=2.268841 weighted_loss=3.659126 lr=0.0001 windows=39793/106562
progress epoch=3 optimizer_steps=78702 raw_loss=2.444009 weighted_loss=2.896527 lr=0.0001 windows=39905/106562
progress epoch=3 optimizer_steps=78730 raw_loss=1.797951 weighted_loss=1.008612 lr=0.0001 windows=39977/106562
progress epoch=3 optimizer_steps=78753 raw_loss=2.108373 weighted_loss=2.409074 lr=0.0001 windows=40049/106562
progress epoch=3 optimizer_steps=78775 raw_loss=2.130875 weighted_loss=3.061155 lr=0.0001 windows=40146/106562
progress epoch=3 optimizer_steps=78801 raw_loss=1.918621 weighted_loss=0.890683 lr=0.0001 windows=40213/106562
progress epoch=3 optimizer_steps=78828 raw_loss=2.236616 weighted_loss=2.807422 lr=0.0001 windows=40317/106562
progress epoch=3 optimizer_steps=78851 raw_loss=2.140355 weighted_loss=1.941210 lr=0.0001 windows=40389/106562
progress epoch=3 optimizer_steps=78883 raw_loss=2.159530 weighted_loss=2.372013 lr=0.0001 windows=40461/106562
progress epoch=3 optimizer_steps=78903 raw_loss=2.464253 weighted_loss=3.429622 lr=0.0001 windows=40553/106562
progress epoch=3 optimizer_steps=78926 raw_loss=1.797523 weighted_loss=1.183390 lr=0.0001 windows=40618/106562
progress epoch=3 optimizer_steps=78957 raw_loss=2.024413 weighted_loss=2.121699 lr=0.0001 windows=40714/106562
progress epoch=3 optimizer_steps=78979 raw_loss=2.052680 weighted_loss=2.046709 lr=0.0001 windows=40786/106562
progress epoch=3 optimizer_steps=79001 raw_loss=2.144509 weighted_loss=2.256002 lr=0.0001 windows=40867/106562
checkpoint optimizer_steps=79001 path=/home/yanzhou/cyh/cid-v17-retrain/runs/cid-v1-0.4b-v17-ncv4-needfix-74b9eed/stage-a/stage-a-latest.pt
progress epoch=3 optimizer_steps=79032 raw_loss=1.808407 weighted_loss=1.617289 lr=0.0001 windows=40947/106562
progress epoch=3 optimizer_steps=79051 raw_loss=2.129766 weighted_loss=1.772290 lr=0.0001 windows=41010/106562
progress epoch=3 optimizer_steps=79081 raw_loss=2.209538 weighted_loss=2.656494 lr=0.0001 windows=41100/106562
progress epoch=3 optimizer_steps=79104 raw_loss=2.438842 weighted_loss=3.202415 lr=0.0001 windows=41181/106562
progress epoch=3 optimizer_steps=79131 raw_loss=2.084056 weighted_loss=1.877152 lr=0.0001 windows=41276/106562
progress epoch=3 optimizer_steps=79151 raw_loss=2.646276 weighted_loss=4.432268 lr=0.0001 windows=41354/106562
progress epoch=3 optimizer_steps=79176 raw_loss=2.044944 weighted_loss=2.083133 lr=0.0001 windows=41433/106562
progress epoch=3 optimizer_steps=79203 raw_loss=2.231752 weighted_loss=2.144057 lr=0.0001 windows=41526/106562
progress epoch=3 optimizer_steps=79225 raw_loss=1.796714 weighted_loss=1.099569 lr=0.0001 windows=41574/106562
progress epoch=3 optimizer_steps=79254 raw_loss=2.271417 weighted_loss=4.070498 lr=0.0001 windows=41694/106562
progress epoch=3 optimizer_steps=79277 raw_loss=2.576042 weighted_loss=3.092086 lr=0.0001 windows=41790/106562
progress epoch=3 optimizer_steps=79300 raw_loss=2.665048 weighted_loss=4.240924 lr=0.0001 windows=41910/106562
progress epoch=3 optimizer_steps=79327 raw_loss=1.897037 weighted_loss=1.126369 lr=0.0001 windows=41979/106562
progress epoch=3 optimizer_steps=79351 raw_loss=2.088095 weighted_loss=1.293762 lr=0.0001 windows=42076/106562
progress epoch=3 optimizer_steps=79379 raw_loss=2.039056 weighted_loss=1.898761 lr=0.0001 windows=42173/106562
progress epoch=3 optimizer_steps=79405 raw_loss=2.238617 weighted_loss=3.316064 lr=0.0001 windows=42270/106562
progress epoch=3 optimizer_steps=79428 raw_loss=2.286050 weighted_loss=2.325248 lr=0.0001 windows=42342/106562
progress epoch=3 optimizer_steps=79454 raw_loss=2.206971 weighted_loss=2.077423 lr=0.0001 windows=42436/106562
progress epoch=3 optimizer_steps=79480 raw_loss=2.297041 weighted_loss=2.702750 lr=0.0001 windows=42532/106562
progress epoch=3 optimizer_steps=79503 raw_loss=2.407779 weighted_loss=2.887871 lr=0.0001 windows=42629/106562
progress epoch=3 optimizer_steps=79528 raw_loss=1.661883 weighted_loss=2.009882 lr=0.0001 windows=42701/106562
progress epoch=3 optimizer_steps=79551 raw_loss=2.298166 weighted_loss=6.535362 lr=0.0001 windows=42799/106562
progress epoch=3 optimizer_steps=79579 raw_loss=2.133043 weighted_loss=1.830499 lr=0.0001 windows=42897/106562
progress epoch=3 optimizer_steps=79600 raw_loss=2.433307 weighted_loss=3.556893 lr=0.0001 windows=42993/106562
progress epoch=3 optimizer_steps=79627 raw_loss=1.821145 weighted_loss=1.661967 lr=0.0001 windows=43089/106562
progress epoch=3 optimizer_steps=79655 raw_loss=2.065655 weighted_loss=3.132792 lr=0.0001 windows=43214/106562
progress epoch=3 optimizer_steps=79675 raw_loss=1.926618 weighted_loss=2.236839 lr=0.0001 windows=43292/106562
progress epoch=3 optimizer_steps=79701 raw_loss=1.866237 weighted_loss=2.523341 lr=0.0001 windows=43388/106562
progress epoch=3 optimizer_steps=79730 raw_loss=2.032872 weighted_loss=2.167169 lr=0.0001 windows=43498/106562
progress epoch=3 optimizer_steps=79752 raw_loss=1.750198 weighted_loss=1.474270 lr=0.0001 windows=43570/106562
progress epoch=3 optimizer_steps=79784 raw_loss=1.931974 weighted_loss=1.752300 lr=0.0001 windows=43666/106562
progress epoch=3 optimizer_steps=79800 raw_loss=1.768260 weighted_loss=2.281416 lr=0.0001 windows=43714/106562
progress epoch=3 optimizer_steps=79828 raw_loss=2.153925 weighted_loss=2.536143 lr=0.0001 windows=43786/106562
progress epoch=3 optimizer_steps=79852 raw_loss=2.305792 weighted_loss=2.972257 lr=0.0001 windows=43858/106562
progress epoch=3 optimizer_steps=79884 raw_loss=1.837001 weighted_loss=1.668387 lr=0.0001 windows=43947/106562
progress epoch=3 optimizer_steps=79903 raw_loss=2.539477 weighted_loss=3.589709 lr=0.0001 windows=44030/106562
progress epoch=3 optimizer_steps=79929 raw_loss=2.316405 weighted_loss=4.520461 lr=0.0001 windows=44138/106562
progress epoch=3 optimizer_steps=79952 raw_loss=2.618405 weighted_loss=6.408258 lr=0.0001 windows=44258/106562
progress epoch=3 optimizer_steps=79978 raw_loss=2.032328 weighted_loss=1.338474 lr=0.0001 windows=44330/106562
progress epoch=3 optimizer_steps=80002 raw_loss=1.925295 weighted_loss=1.945008 lr=0.0001 windows=44402/106562
checkpoint optimizer_steps=80002 path=/home/yanzhou/cyh/cid-v17-retrain/runs/cid-v1-0.4b-v17-ncv4-needfix-74b9eed/stage-a/stage-a-latest.pt
progress epoch=3 optimizer_steps=80025 raw_loss=2.350780 weighted_loss=2.694178 lr=0.0001 windows=44498/106562
progress epoch=3 optimizer_steps=80057 raw_loss=1.979896 weighted_loss=2.123548 lr=0.0001 windows=44618/106562
progress epoch=3 optimizer_steps=80077 raw_loss=2.145758 weighted_loss=3.519304 lr=0.0001 windows=44690/106562
progress epoch=3 optimizer_steps=80102 raw_loss=2.063271 weighted_loss=1.350922 lr=0.0001 windows=44759/106562
progress epoch=3 optimizer_steps=80126 raw_loss=2.038676 weighted_loss=2.026072 lr=0.0001 windows=44855/106562
progress epoch=3 optimizer_steps=80152 raw_loss=1.725209 weighted_loss=2.281595 lr=0.0001 windows=44955/106562
progress epoch=3 optimizer_steps=80178 raw_loss=1.686335 weighted_loss=1.111515 lr=0.0001 windows=45027/106562
progress epoch=3 optimizer_steps=80206 raw_loss=2.118938 weighted_loss=2.247881 lr=0.0001 windows=45147/106562
progress epoch=3 optimizer_steps=80229 raw_loss=1.704644 weighted_loss=1.200580 lr=0.0001 windows=45219/106562
progress epoch=3 optimizer_steps=80252 raw_loss=1.963327 weighted_loss=2.200732 lr=0.0001 windows=45300/106562
progress epoch=3 optimizer_steps=80282 raw_loss=1.639573 weighted_loss=1.732796 lr=0.0001 windows=45404/106562
progress epoch=3 optimizer_steps=80300 raw_loss=2.412477 weighted_loss=2.766866 lr=0.0001 windows=45482/106562
progress epoch=3 optimizer_steps=80325 raw_loss=2.289993 weighted_loss=5.459365 lr=0.0001 windows=45565/106562
progress epoch=3 optimizer_steps=80351 raw_loss=2.008725 weighted_loss=1.785696 lr=0.0001 windows=45661/106562
progress epoch=3 optimizer_steps=80378 raw_loss=1.678780 weighted_loss=1.070196 lr=0.0001 windows=45733/106562
progress epoch=3 optimizer_steps=80400 raw_loss=2.170826 weighted_loss=1.043101 lr=0.0001 windows=45792/106562
progress epoch=3 optimizer_steps=80425 raw_loss=1.921936 weighted_loss=1.205478 lr=0.0001 windows=45864/106562
progress epoch=3 optimizer_steps=80451 raw_loss=2.079605 weighted_loss=2.426239 lr=0.0001 windows=45978/106562
progress epoch=3 optimizer_steps=80484 raw_loss=1.812739 weighted_loss=1.521020 lr=0.0001 windows=46075/106562
progress epoch=3 optimizer_steps=80504 raw_loss=1.715583 weighted_loss=1.306993 lr=0.0001 windows=46123/106562
progress epoch=3 optimizer_steps=80528 raw_loss=2.001379 weighted_loss=2.685013 lr=0.0001 windows=46195/106562
progress epoch=3 optimizer_steps=80550 raw_loss=2.723467 weighted_loss=3.412756 lr=0.0001 windows=46315/106562
progress epoch=3 optimizer_steps=80579 raw_loss=1.548656 weighted_loss=1.038481 lr=0.0001 windows=46388/106562
progress epoch=3 optimizer_steps=80602 raw_loss=2.267863 weighted_loss=2.561664 lr=0.0001 windows=46481/106562
progress epoch=3 optimizer_steps=80631 raw_loss=2.465997 weighted_loss=3.374305 lr=0.0001 windows=46625/106562
progress epoch=3 optimizer_steps=80653 raw_loss=2.002274 weighted_loss=1.919021 lr=0.0001 windows=46697/106562
progress epoch=3 optimizer_steps=80681 raw_loss=1.754788 weighted_loss=2.649092 lr=0.0001 windows=46799/106562
progress epoch=3 optimizer_steps=80700 raw_loss=2.179303 weighted_loss=6.759094 lr=0.0001 windows=46871/106562
progress epoch=3 optimizer_steps=80725 raw_loss=2.058469 weighted_loss=1.831558 lr=0.0001 windows=46941/106562
progress epoch=3 optimizer_steps=80752 raw_loss=2.221108 weighted_loss=2.623072 lr=0.0001 windows=47072/106562
progress epoch=3 optimizer_steps=80775 raw_loss=2.548096 weighted_loss=3.418600 lr=0.0001 windows=47168/106562
progress epoch=3 optimizer_steps=80806 raw_loss=1.727792 weighted_loss=1.275234 lr=0.0001 windows=47240/106562
progress epoch=3 optimizer_steps=80829 raw_loss=1.939130 weighted_loss=2.718540 lr=0.0001 windows=47327/106562
progress epoch=3 optimizer_steps=80855 raw_loss=2.087539 weighted_loss=1.829529 lr=0.0001 windows=47378/106562
progress epoch=3 optimizer_steps=80875 raw_loss=2.613596 weighted_loss=3.539433 lr=0.0001 windows=47474/106562
progress epoch=3 optimizer_steps=80904 raw_loss=1.878060 weighted_loss=1.098207 lr=0.0001 windows=47532/106562
progress epoch=3 optimizer_steps=80930 raw_loss=1.725029 weighted_loss=1.305866 lr=0.0001 windows=47604/106562
progress epoch=3 optimizer_steps=80951 raw_loss=1.817930 weighted_loss=1.667306 lr=0.0001 windows=47676/106562
progress epoch=3 optimizer_steps=80975 raw_loss=2.040696 weighted_loss=1.730643 lr=0.0001 windows=47757/106562
progress epoch=3 optimizer_steps=81006 raw_loss=2.113630 weighted_loss=2.811422 lr=0.0001 windows=47901/106562
checkpoint optimizer_steps=81006 path=/home/yanzhou/cyh/cid-v17-retrain/runs/cid-v1-0.4b-v17-ncv4-needfix-74b9eed/stage-a/stage-a-latest.pt
progress epoch=3 optimizer_steps=81025 raw_loss=2.506492 weighted_loss=4.220485 lr=0.0001 windows=47997/106562
progress epoch=3 optimizer_steps=81053 raw_loss=1.757407 weighted_loss=1.801576 lr=0.0001 windows=48095/106562
progress epoch=3 optimizer_steps=81075 raw_loss=1.870579 weighted_loss=1.905711 lr=0.0001 windows=48174/106562
progress epoch=3 optimizer_steps=81106 raw_loss=2.099903 weighted_loss=6.578965 lr=0.0001 windows=48318/106562
progress epoch=3 optimizer_steps=81126 raw_loss=2.026282 weighted_loss=1.788746 lr=0.0001 windows=48390/106562
progress epoch=3 optimizer_steps=81151 raw_loss=2.198671 weighted_loss=3.960435 lr=0.0001 windows=48486/106562
progress epoch=3 optimizer_steps=81181 raw_loss=1.748115 weighted_loss=1.248826 lr=0.0001 windows=48558/106562
progress epoch=3 optimizer_steps=81203 raw_loss=2.051865 weighted_loss=2.290108 lr=0.0001 windows=48655/106562
progress epoch=3 optimizer_steps=81226 raw_loss=2.023943 weighted_loss=5.867509 lr=0.0001 windows=48751/106562
progress epoch=3 optimizer_steps=81253 raw_loss=1.604155 weighted_loss=2.096374 lr=0.0001 windows=48867/106562
progress epoch=3 optimizer_steps=81277 raw_loss=1.601108 weighted_loss=2.281976 lr=0.0001 windows=48939/106562
progress epoch=3 optimizer_steps=81307 raw_loss=1.904297 weighted_loss=1.891535 lr=0.0001 windows=49035/106562
progress epoch=3 optimizer_steps=81329 raw_loss=2.164388 weighted_loss=2.477472 lr=0.0001 windows=49131/106562
progress epoch=3 optimizer_steps=81351 raw_loss=1.778538 weighted_loss=2.094483 lr=0.0001 windows=49228/106562
progress epoch=3 optimizer_steps=81376 raw_loss=2.565470 weighted_loss=4.927672 lr=0.0001 windows=49348/106562
progress epoch=3 optimizer_steps=81405 raw_loss=1.840795 weighted_loss=1.385965 lr=0.0001 windows=49444/106562
progress epoch=3 optimizer_steps=81427 raw_loss=1.652006 weighted_loss=1.671171 lr=0.0001 windows=49516/106562
progress epoch=3 optimizer_steps=81453 raw_loss=1.909922 weighted_loss=1.769333 lr=0.0001 windows=49577/106562
progress epoch=3 optimizer_steps=81480 raw_loss=1.717117 weighted_loss=1.356901 lr=0.0001 windows=49650/106562
progress epoch=3 optimizer_steps=81501 raw_loss=2.070844 weighted_loss=2.375587 lr=0.0001 windows=49730/106562
progress epoch=3 optimizer_steps=81527 raw_loss=2.103413 weighted_loss=2.600705 lr=0.0001 windows=49826/106562
progress epoch=3 optimizer_steps=81554 raw_loss=2.119011 weighted_loss=2.854052 lr=0.0001 windows=49922/106562
progress epoch=3 optimizer_steps=81575 raw_loss=2.226513 weighted_loss=6.075397 lr=0.0001 windows=50013/106562
progress epoch=3 optimizer_steps=81602 raw_loss=1.819469 weighted_loss=2.414250 lr=0.0001 windows=50113/106562
progress epoch=3 optimizer_steps=81625 raw_loss=2.920809 weighted_loss=7.984514 lr=0.0001 windows=50233/106562
progress epoch=3 optimizer_steps=81654 raw_loss=2.177569 weighted_loss=1.824283 lr=0.0001 windows=50327/106562
progress epoch=3 optimizer_steps=81676 raw_loss=1.911883 weighted_loss=1.680358 lr=0.0001 windows=50399/106562
progress epoch=3 optimizer_steps=81700 raw_loss=2.653328 weighted_loss=4.689762 lr=0.0001 windows=50519/106562
progress epoch=3 optimizer_steps=81726 raw_loss=2.127070 weighted_loss=2.330741 lr=0.0001 windows=50639/106562
progress epoch=3 optimizer_steps=81753 raw_loss=1.943647 weighted_loss=1.767642 lr=0.0001 windows=50735/106562
progress epoch=3 optimizer_steps=81777 raw_loss=2.120943 weighted_loss=2.403368 lr=0.0001 windows=50855/106562
progress epoch=3 optimizer_steps=81803 raw_loss=1.913842 weighted_loss=2.035923 lr=0.0001 windows=50970/106562
progress epoch=3 optimizer_steps=81830 raw_loss=2.444560 weighted_loss=4.069878 lr=0.0001 windows=51090/106562
progress epoch=3 optimizer_steps=81853 raw_loss=2.158812 weighted_loss=2.111258 lr=0.0001 windows=51186/106562
progress epoch=3 optimizer_steps=81880 raw_loss=2.293611 weighted_loss=3.321135 lr=0.0001 windows=51285/106562
progress epoch=3 optimizer_steps=81904 raw_loss=2.055738 weighted_loss=2.762694 lr=0.0001 windows=51381/106562
progress epoch=3 optimizer_steps=81928 raw_loss=1.672812 weighted_loss=1.366160 lr=0.0001 windows=51453/106562
progress epoch=3 optimizer_steps=81950 raw_loss=2.058603 weighted_loss=2.367142 lr=0.0001 windows=51536/106562
progress epoch=3 optimizer_steps=81981 raw_loss=1.704235 weighted_loss=1.619359 lr=0.0001 windows=51650/106562
progress epoch=3 optimizer_steps=82006 raw_loss=2.011622 weighted_loss=2.484930 lr=0.0001 windows=51746/106562
checkpoint optimizer_steps=82006 path=/home/yanzhou/cyh/cid-v17-retrain/runs/cid-v1-0.4b-v17-ncv4-needfix-74b9eed/stage-a/stage-a-latest.pt
progress epoch=3 optimizer_steps=82029 raw_loss=1.956339 weighted_loss=2.696376 lr=0.0001 windows=51852/106562
progress epoch=3 optimizer_steps=82060 raw_loss=2.258463 weighted_loss=3.593315 lr=0.0001 windows=51972/106562
progress epoch=3 optimizer_steps=82080 raw_loss=2.042046 weighted_loss=2.445937 lr=0.0001 windows=52044/106562
progress epoch=3 optimizer_steps=82104 raw_loss=2.249482 weighted_loss=2.882586 lr=0.0001 windows=52147/106562
progress epoch=3 optimizer_steps=82127 raw_loss=2.327000 weighted_loss=3.747076 lr=0.0001 windows=52243/106562
progress epoch=3 optimizer_steps=82151 raw_loss=2.136894 weighted_loss=2.733250 lr=0.0001 windows=52326/106562
progress epoch=3 optimizer_steps=82177 raw_loss=2.102956 weighted_loss=2.776220 lr=0.0001 windows=52422/106562
progress epoch=3 optimizer_steps=82200 raw_loss=1.986297 weighted_loss=1.990243 lr=0.0001 windows=52494/106562
progress epoch=3 optimizer_steps=82226 raw_loss=2.061775 weighted_loss=2.881583 lr=0.0001 windows=52590/106562
progress epoch=3 optimizer_steps=82256 raw_loss=1.842283 weighted_loss=1.914135 lr=0.0001 windows=52690/106562
progress epoch=3 optimizer_steps=82278 raw_loss=2.674990 weighted_loss=8.212840 lr=0.0001 windows=52810/106562
progress epoch=3 optimizer_steps=82305 raw_loss=2.023081 weighted_loss=2.579891 lr=0.0001 windows=52956/106562
progress epoch=3 optimizer_steps=82331 raw_loss=2.040757 weighted_loss=2.273238 lr=0.0001 windows=53052/106562
progress epoch=3 optimizer_steps=82350 raw_loss=2.423964 weighted_loss=3.412545 lr=0.0001 windows=53130/106562
progress epoch=3 optimizer_steps=82381 raw_loss=1.833924 weighted_loss=1.933755 lr=0.0001 windows=53226/106562
progress epoch=3 optimizer_steps=82402 raw_loss=2.239683 weighted_loss=3.082436 lr=0.0001 windows=53322/106562
progress epoch=3 optimizer_steps=82432 raw_loss=1.917136 weighted_loss=2.010907 lr=0.0001 windows=53418/106562
progress epoch=3 optimizer_steps=82455 raw_loss=2.409924 weighted_loss=3.136671 lr=0.0001 windows=53514/106562
progress epoch=3 optimizer_steps=82479 raw_loss=1.995134 weighted_loss=2.625105 lr=0.0001 windows=53610/106562
progress epoch=3 optimizer_steps=82502 raw_loss=2.139179 weighted_loss=3.148964 lr=0.0001 windows=53706/106562
progress epoch=3 optimizer_steps=82527 raw_loss=3.162545 weighted_loss=8.313305 lr=0.0001 windows=53846/106562
progress epoch=3 optimizer_steps=82555 raw_loss=1.697102 weighted_loss=1.631811 lr=0.0001 windows=53935/106562
progress epoch=3 optimizer_steps=82579 raw_loss=2.276827 weighted_loss=3.491016 lr=0.0001 windows=54055/106562
progress epoch=3 optimizer_steps=82601 raw_loss=2.791453 weighted_loss=5.105465 lr=0.0001 windows=54175/106562
progress epoch=3 optimizer_steps=82628 raw_loss=1.881940 weighted_loss=1.376757 lr=0.0001 windows=54259/106562
progress epoch=3 optimizer_steps=82658 raw_loss=1.798662 weighted_loss=1.731110 lr=0.0001 windows=54362/106562
progress epoch=3 optimizer_steps=82676 raw_loss=2.573336 weighted_loss=8.071206 lr=0.0001 windows=54434/106562
progress epoch=3 optimizer_steps=82700 raw_loss=2.578008 weighted_loss=7.566884 lr=0.0001 windows=54554/106562
progress epoch=3 optimizer_steps=82725 raw_loss=2.065385 weighted_loss=5.807533 lr=0.0001 windows=54650/106562
progress epoch=3 optimizer_steps=82751 raw_loss=2.058412 weighted_loss=2.965758 lr=0.0001 windows=54758/106562
progress epoch=3 optimizer_steps=82776 raw_loss=1.988470 weighted_loss=2.834417 lr=0.0001 windows=54854/106562
progress epoch=3 optimizer_steps=82800 raw_loss=2.972614 weighted_loss=11.131245 lr=0.0001 windows=54995/106562
progress epoch=3 optimizer_steps=82828 raw_loss=3.307005 weighted_loss=10.529876 lr=0.0001 windows=55139/106562
progress epoch=3 optimizer_steps=82850 raw_loss=2.103839 weighted_loss=3.277732 lr=0.0001 windows=55235/106562
progress epoch=3 optimizer_steps=82878 raw_loss=2.339660 weighted_loss=4.036391 lr=0.0001 windows=55355/106562
progress epoch=3 optimizer_steps=82901 raw_loss=1.711992 weighted_loss=1.993471 lr=0.0001 windows=55438/106562
progress epoch=3 optimizer_steps=82930 raw_loss=1.865307 weighted_loss=1.756456 lr=0.0001 windows=55531/106562
progress epoch=3 optimizer_steps=82951 raw_loss=1.870130 weighted_loss=1.772812 lr=0.0001 windows=55603/106562
progress epoch=3 optimizer_steps=82976 raw_loss=1.888410 weighted_loss=1.934048 lr=0.0001 windows=55699/106562
progress epoch=3 optimizer_steps=83002 raw_loss=2.185523 weighted_loss=3.179255 lr=0.0001 windows=55795/106562
checkpoint optimizer_steps=83002 path=/home/yanzhou/cyh/cid-v17-retrain/runs/cid-v1-0.4b-v17-ncv4-needfix-74b9eed/stage-a/stage-a-latest.pt
progress epoch=3 optimizer_steps=83029 raw_loss=1.998148 weighted_loss=2.282403 lr=0.0001 windows=55891/106562
progress epoch=3 optimizer_steps=83051 raw_loss=3.089144 weighted_loss=6.118361 lr=0.0001 windows=56011/106562
progress epoch=3 optimizer_steps=83078 raw_loss=2.349935 weighted_loss=3.263352 lr=0.0001 windows=56131/106562
progress epoch=3 optimizer_steps=83103 raw_loss=2.192543 weighted_loss=3.629388 lr=0.0001 windows=56227/106562
progress epoch=3 optimizer_steps=83127 raw_loss=1.813954 weighted_loss=1.960152 lr=0.0001 windows=56323/106562
progress epoch=3 optimizer_steps=83152 raw_loss=1.676434 weighted_loss=2.148859 lr=0.0001 windows=56436/106562
progress epoch=3 optimizer_steps=83177 raw_loss=2.131691 weighted_loss=3.694390 lr=0.0001 windows=56540/106562
progress epoch=3 optimizer_steps=83203 raw_loss=2.528835 weighted_loss=7.279518 lr=0.0001 windows=56662/106562
progress epoch=3 optimizer_steps=83227 raw_loss=2.005113 weighted_loss=3.336142 lr=0.0001 windows=56758/106562
progress epoch=3 optimizer_steps=83255 raw_loss=2.485227 weighted_loss=3.912448 lr=0.0001 windows=56902/106562
progress epoch=3 optimizer_steps=83279 raw_loss=1.909856 weighted_loss=5.262659 lr=0.0001 windows=56998/106562
progress epoch=3 optimizer_steps=83301 raw_loss=1.976208 weighted_loss=2.089384 lr=0.0001 windows=57091/106562
progress epoch=3 optimizer_steps=83325 raw_loss=2.706445 weighted_loss=7.789209 lr=0.0001 windows=57211/106562
progress epoch=3 optimizer_steps=83350 raw_loss=2.273216 weighted_loss=5.661844 lr=0.0001 windows=57307/106562
progress epoch=3 optimizer_steps=83378 raw_loss=2.577143 weighted_loss=4.125946 lr=0.0001 windows=57469/106562
progress epoch=3 optimizer_steps=83405 raw_loss=2.076893 weighted_loss=3.949886 lr=0.0001 windows=57589/106562
progress epoch=3 optimizer_steps=83425 raw_loss=2.136699 weighted_loss=3.028774 lr=0.0001 windows=57685/106562
progress epoch=3 optimizer_steps=83450 raw_loss=2.141165 weighted_loss=3.173816 lr=0.0001 windows=57805/106562
progress epoch=3 optimizer_steps=83479 raw_loss=2.543751 weighted_loss=6.881681 lr=0.0001 windows=57949/106562
progress epoch=3 optimizer_steps=83505 raw_loss=2.052268 weighted_loss=2.481443 lr=0.0001 windows=58045/106562
progress epoch=3 optimizer_steps=83530 raw_loss=2.145404 weighted_loss=3.189325 lr=0.0001 windows=58151/106562
progress epoch=3 optimizer_steps=83551 raw_loss=1.585904 weighted_loss=1.543260 lr=0.0001 windows=58223/106562
progress epoch=3 optimizer_steps=83581 raw_loss=2.635381 weighted_loss=6.377885 lr=0.0001 windows=58379/106562
progress epoch=3 optimizer_steps=83606 raw_loss=1.708208 weighted_loss=1.850716 lr=0.0001 windows=58475/106562
progress epoch=3 optimizer_steps=83630 raw_loss=2.176165 weighted_loss=3.426305 lr=0.0001 windows=58595/106562
progress epoch=3 optimizer_steps=83651 raw_loss=2.365447 weighted_loss=3.810612 lr=0.0001 windows=58702/106562
progress epoch=3 optimizer_steps=83683 raw_loss=1.993958 weighted_loss=2.407978 lr=0.0001 windows=58822/106562
progress epoch=3 optimizer_steps=83700 raw_loss=2.644085 weighted_loss=4.752462 lr=0.0001 windows=58918/106562
progress epoch=3 optimizer_steps=83726 raw_loss=2.400560 weighted_loss=3.836331 lr=0.0001 windows=59038/106562
progress epoch=3 optimizer_steps=83754 raw_loss=2.008228 weighted_loss=2.164737 lr=0.0001 windows=59157/106562
progress epoch=3 optimizer_steps=83778 raw_loss=2.469079 weighted_loss=4.017949 lr=0.0001 windows=59277/106562
progress epoch=3 optimizer_steps=83808 raw_loss=1.899427 weighted_loss=1.827399 lr=0.0001 windows=59373/106562
progress epoch=3 optimizer_steps=83828 raw_loss=2.657439 weighted_loss=4.347240 lr=0.0001 windows=59474/106562
progress epoch=3 optimizer_steps=83850 raw_loss=3.302736 weighted_loss=13.036272 lr=0.0001 windows=59599/106562
progress epoch=3 optimizer_steps=83878 raw_loss=2.314764 weighted_loss=2.777534 lr=0.0001 windows=59719/106562
progress epoch=3 optimizer_steps=83905 raw_loss=2.297960 weighted_loss=4.040684 lr=0.0001 windows=59839/106562
progress epoch=3 optimizer_steps=83930 raw_loss=2.029977 weighted_loss=2.467761 lr=0.0001 windows=59935/106562
progress epoch=3 optimizer_steps=83952 raw_loss=2.096960 weighted_loss=2.576811 lr=0.0001 windows=60031/106562
progress epoch=3 optimizer_steps=83977 raw_loss=2.416578 weighted_loss=4.184540 lr=0.0001 windows=60151/106562
progress epoch=3 optimizer_steps=84000 raw_loss=1.530974 weighted_loss=1.385759 lr=0.0001 windows=60227/106562
checkpoint optimizer_steps=84000 path=/home/yanzhou/cyh/cid-v17-retrain/runs/cid-v1-0.4b-v17-ncv4-needfix-74b9eed/stage-a/stage-a-latest.pt
progress epoch=3 optimizer_steps=84026 raw_loss=2.423117 weighted_loss=4.460276 lr=0.0001 windows=60347/106562
progress epoch=3 optimizer_steps=84051 raw_loss=2.111846 weighted_loss=2.782727 lr=0.0001 windows=60443/106562
progress epoch=3 optimizer_steps=84081 raw_loss=2.175909 weighted_loss=5.659903 lr=0.0001 windows=60563/106562
progress epoch=3 optimizer_steps=84104 raw_loss=2.104049 weighted_loss=5.219855 lr=0.0001 windows=60659/106562
progress epoch=3 optimizer_steps=84129 raw_loss=1.991217 weighted_loss=2.536897 lr=0.0001 windows=60747/106562
progress epoch=3 optimizer_steps=84152 raw_loss=2.629754 weighted_loss=7.219581 lr=0.0001 windows=60867/106562
progress epoch=3 optimizer_steps=84175 raw_loss=2.446624 weighted_loss=3.286241 lr=0.0001 windows=60963/106562
progress epoch=3 optimizer_steps=84203 raw_loss=2.000432 weighted_loss=2.949751 lr=0.0001 windows=61059/106562
progress epoch=3 optimizer_steps=84227 raw_loss=2.234900 weighted_loss=3.872814 lr=0.0001 windows=61177/106562
progress epoch=3 optimizer_steps=84253 raw_loss=2.312285 weighted_loss=3.220761 lr=0.0001 windows=61297/106562
progress epoch=3 optimizer_steps=84278 raw_loss=2.264049 weighted_loss=2.852223 lr=0.0001 windows=61417/106562
progress epoch=3 optimizer_steps=84300 raw_loss=1.657057 weighted_loss=1.454707 lr=0.0001 windows=61489/106562
progress epoch=3 optimizer_steps=84330 raw_loss=1.756300 weighted_loss=1.971208 lr=0.0001 windows=61585/106562
progress epoch=3 optimizer_steps=84352 raw_loss=2.287567 weighted_loss=3.221989 lr=0.0001 windows=61704/106562
progress epoch=3 optimizer_steps=84380 raw_loss=2.137338 weighted_loss=3.297058 lr=0.0001 windows=61824/106562
progress epoch=3 optimizer_steps=84404 raw_loss=2.321613 weighted_loss=3.285053 lr=0.0001 windows=61920/106562
progress epoch=3 optimizer_steps=84427 raw_loss=2.224001 weighted_loss=3.074148 lr=0.0001 windows=62016/106562
progress epoch=3 optimizer_steps=84450 raw_loss=2.137260 weighted_loss=3.118445 lr=0.0001 windows=62112/106562
progress epoch=3 optimizer_steps=84476 raw_loss=2.181812 weighted_loss=2.767570 lr=0.0001 windows=62221/106562
progress epoch=3 optimizer_steps=84504 raw_loss=2.334103 weighted_loss=3.717894 lr=0.0001 windows=62341/106562
progress epoch=3 optimizer_steps=84528 raw_loss=2.036769 weighted_loss=3.440187 lr=0.0001 windows=62437/106562
progress epoch=3 optimizer_steps=84551 raw_loss=2.133911 weighted_loss=3.138142 lr=0.0001 windows=62533/106562
progress epoch=3 optimizer_steps=84576 raw_loss=1.975824 weighted_loss=2.700000 lr=0.0001 windows=62629/106562
progress epoch=3 optimizer_steps=84603 raw_loss=2.328485 weighted_loss=2.886532 lr=0.0001 windows=62749/106562
progress epoch=3 optimizer_steps=84626 raw_loss=2.547985 weighted_loss=5.348180 lr=0.0001 windows=62869/106562
progress epoch=3 optimizer_steps=84657 raw_loss=2.088015 weighted_loss=5.462545 lr=0.0001 windows=63011/106562
progress epoch=3 optimizer_steps=84676 raw_loss=3.166054 weighted_loss=6.939895 lr=0.0001 windows=63131/106562
progress epoch=3 optimizer_steps=84701 raw_loss=2.122648 weighted_loss=5.182094 lr=0.0001 windows=63243/106562
progress epoch=3 optimizer_steps=84726 raw_loss=2.570659 weighted_loss=9.751404 lr=0.0001 windows=63387/106562
progress epoch=3 optimizer_steps=84753 raw_loss=2.173505 weighted_loss=3.029758 lr=0.0001 windows=63510/106562
progress epoch=3 optimizer_steps=84775 raw_loss=2.040686 weighted_loss=2.762634 lr=0.0001 windows=63607/106562
progress epoch=3 optimizer_steps=84800 raw_loss=1.922045 weighted_loss=2.417006 lr=0.0001 windows=63703/106562
progress epoch=3 optimizer_steps=84825 raw_loss=2.086598 weighted_loss=2.809853 lr=0.0001 windows=63799/106562
progress epoch=3 optimizer_steps=84851 raw_loss=2.630717 weighted_loss=6.562258 lr=0.0001 windows=63943/106562
progress epoch=3 optimizer_steps=84878 raw_loss=2.251671 weighted_loss=3.358859 lr=0.0001 windows=64071/106562
progress epoch=3 optimizer_steps=84901 raw_loss=2.581635 weighted_loss=4.110761 lr=0.0001 windows=64191/106562
progress epoch=3 optimizer_steps=84925 raw_loss=2.147735 weighted_loss=2.876446 lr=0.0001 windows=64311/106562
progress epoch=3 optimizer_steps=84950 raw_loss=2.073946 weighted_loss=2.875266 lr=0.0001 windows=64407/106562
progress epoch=3 optimizer_steps=84978 raw_loss=2.313859 weighted_loss=3.752684 lr=0.0001 windows=64527/106562
progress epoch=3 optimizer_steps=85002 raw_loss=2.111000 weighted_loss=2.469609 lr=0.0001 windows=64623/106562
checkpoint optimizer_steps=85002 path=/home/yanzhou/cyh/cid-v17-retrain/runs/cid-v1-0.4b-v17-ncv4-needfix-74b9eed/stage-a/stage-a-latest.pt
progress epoch=3 optimizer_steps=85026 raw_loss=2.514708 weighted_loss=4.055599 lr=0.0001 windows=64743/106562
progress epoch=3 optimizer_steps=85052 raw_loss=1.764031 weighted_loss=4.886183 lr=0.0001 windows=64863/106562
progress epoch=3 optimizer_steps=85079 raw_loss=2.128606 weighted_loss=3.539281 lr=0.0001 windows=64983/106562
progress epoch=3 optimizer_steps=85102 raw_loss=2.754061 weighted_loss=7.187293 lr=0.0001 windows=65103/106562
progress epoch=3 optimizer_steps=85127 raw_loss=2.298137 weighted_loss=3.400624 lr=0.0001 windows=65234/106562
progress epoch=3 optimizer_steps=85155 raw_loss=2.570101 weighted_loss=9.709278 lr=0.0001 windows=65378/106562
progress epoch=3 optimizer_steps=85178 raw_loss=2.143208 weighted_loss=2.646874 lr=0.0001 windows=65474/106562
progress epoch=3 optimizer_steps=85202 raw_loss=1.663519 weighted_loss=1.865357 lr=0.0001 windows=65570/106562
progress epoch=3 optimizer_steps=85228 raw_loss=2.220304 weighted_loss=2.942458 lr=0.0001 windows=65692/106562
progress epoch=3 optimizer_steps=85254 raw_loss=2.044543 weighted_loss=5.163741 lr=0.0001 windows=65812/106562
progress epoch=3 optimizer_steps=85279 raw_loss=1.892839 weighted_loss=2.537186 lr=0.0001 windows=65932/106562
progress epoch=3 optimizer_steps=85301 raw_loss=2.362462 weighted_loss=4.451235 lr=0.0001 windows=66052/106562
progress epoch=3 optimizer_steps=85328 raw_loss=1.526390 weighted_loss=1.906868 lr=0.0001 windows=66148/106562
progress epoch=3 optimizer_steps=85354 raw_loss=2.274871 weighted_loss=5.257778 lr=0.0001 windows=66268/106562
progress epoch=3 optimizer_steps=85377 raw_loss=1.946442 weighted_loss=2.196884 lr=0.0001 windows=66355/106562
progress epoch=3 optimizer_steps=85406 raw_loss=1.980535 weighted_loss=2.529588 lr=0.0001 windows=66475/106562
progress epoch=3 optimizer_steps=85429 raw_loss=2.349291 weighted_loss=3.588104 lr=0.0001 windows=66595/106562
progress epoch=3 optimizer_steps=85450 raw_loss=2.355348 weighted_loss=3.191892 lr=0.0001 windows=66704/106562
progress epoch=3 optimizer_steps=85476 raw_loss=2.035338 weighted_loss=2.259282 lr=0.0001 windows=66800/106562
progress epoch=3 optimizer_steps=85500 raw_loss=2.193996 weighted_loss=5.880153 lr=0.0001 windows=66920/106562
progress epoch=3 optimizer_steps=85528 raw_loss=2.193535 weighted_loss=2.854587 lr=0.0001 windows=67057/106562
progress epoch=3 optimizer_steps=85551 raw_loss=2.379833 weighted_loss=3.002022 lr=0.0001 windows=67177/106562
progress epoch=3 optimizer_steps=85578 raw_loss=2.594714 weighted_loss=5.709230 lr=0.0001 windows=67352/106562
progress epoch=3 optimizer_steps=85601 raw_loss=2.725412 weighted_loss=7.435708 lr=0.0001 windows=67472/106562
progress epoch=3 optimizer_steps=85628 raw_loss=1.691327 weighted_loss=1.873745 lr=0.0001 windows=67568/106562
progress epoch=3 optimizer_steps=85653 raw_loss=2.393793 weighted_loss=4.157513 lr=0.0001 windows=67712/106562
progress epoch=3 optimizer_steps=85676 raw_loss=2.212985 weighted_loss=3.100741 lr=0.0001 windows=67808/106562
progress epoch=3 optimizer_steps=85705 raw_loss=2.095712 weighted_loss=2.765499 lr=0.0001 windows=67928/106562
progress epoch=3 optimizer_steps=85731 raw_loss=1.758228 weighted_loss=1.868424 lr=0.0001 windows=68015/106562
progress epoch=3 optimizer_steps=85751 raw_loss=1.580459 weighted_loss=1.713924 lr=0.0001 windows=68110/106562
progress epoch=3 optimizer_steps=85775 raw_loss=2.325960 weighted_loss=6.294554 lr=0.0001 windows=68211/106562
progress epoch=3 optimizer_steps=85806 raw_loss=2.510356 weighted_loss=5.947546 lr=0.0001 windows=68379/106562
progress epoch=3 optimizer_steps=85825 raw_loss=2.354827 weighted_loss=8.047376 lr=0.0001 windows=68475/106562
progress epoch=3 optimizer_steps=85850 raw_loss=2.376724 weighted_loss=3.626845 lr=0.0001 windows=68595/106562
progress epoch=3 optimizer_steps=85875 raw_loss=2.128223 weighted_loss=5.355901 lr=0.0001 windows=68715/106562
progress epoch=3 optimizer_steps=85905 raw_loss=2.032271 weighted_loss=2.305848 lr=0.0001 windows=68835/106562
progress epoch=3 optimizer_steps=85930 raw_loss=2.392828 weighted_loss=3.410522 lr=0.0001 windows=68955/106562
progress epoch=3 optimizer_steps=85950 raw_loss=2.452187 weighted_loss=3.538688 lr=0.0001 windows=69051/106562
progress epoch=3 optimizer_steps=85977 raw_loss=2.184625 weighted_loss=2.520343 lr=0.0001 windows=69171/106562
progress epoch=3 optimizer_steps=86005 raw_loss=2.306614 weighted_loss=3.358385 lr=0.0001 windows=69315/106562
checkpoint optimizer_steps=86005 path=/home/yanzhou/cyh/cid-v17-retrain/runs/cid-v1-0.4b-v17-ncv4-needfix-74b9eed/stage-a/stage-a-latest.pt
progress epoch=3 optimizer_steps=86028 raw_loss=2.205216 weighted_loss=6.380145 lr=0.0001 windows=69411/106562
progress epoch=3 optimizer_steps=86050 raw_loss=2.157971 weighted_loss=3.101387 lr=0.0001 windows=69507/106562
progress epoch=3 optimizer_steps=86077 raw_loss=2.153411 weighted_loss=5.613607 lr=0.0001 windows=69627/106562
progress epoch=3 optimizer_steps=86102 raw_loss=2.262675 weighted_loss=6.628515 lr=0.0001 windows=69747/106562
progress epoch=3 optimizer_steps=86128 raw_loss=3.000337 weighted_loss=10.246764 lr=0.0001 windows=69891/106562
progress epoch=3 optimizer_steps=86154 raw_loss=1.786862 weighted_loss=2.112930 lr=0.0001 windows=69987/106562
progress epoch=3 optimizer_steps=86178 raw_loss=1.644071 weighted_loss=1.760156 lr=0.0001 windows=70083/106562
progress epoch=3 optimizer_steps=86200 raw_loss=2.372037 weighted_loss=3.781502 lr=0.0001 windows=70203/106562
progress epoch=3 optimizer_steps=86229 raw_loss=1.989741 weighted_loss=2.466820 lr=0.0001 windows=70323/106562
progress epoch=3 optimizer_steps=86253 raw_loss=1.912206 weighted_loss=1.947992 lr=0.0001 windows=70419/106562
progress epoch=3 optimizer_steps=86277 raw_loss=2.212732 weighted_loss=2.585836 lr=0.0001 windows=70515/106562
progress epoch=3 optimizer_steps=86302 raw_loss=1.421608 weighted_loss=1.439096 lr=0.0001 windows=70611/106562
progress epoch=3 optimizer_steps=86327 raw_loss=2.392024 weighted_loss=3.080591 lr=0.0001 windows=70731/106562
progress epoch=3 optimizer_steps=86353 raw_loss=1.852907 weighted_loss=2.030833 lr=0.0001 windows=70827/106562
progress epoch=3 optimizer_steps=86376 raw_loss=3.343793 weighted_loss=12.645086 lr=0.0001 windows=70971/106562
progress epoch=3 optimizer_steps=86401 raw_loss=2.344122 weighted_loss=3.124911 lr=0.0001 windows=71091/106562
progress epoch=3 optimizer_steps=86430 raw_loss=1.962052 weighted_loss=4.703714 lr=0.0001 windows=71251/106562
progress epoch=3 optimizer_steps=86453 raw_loss=2.693854 weighted_loss=6.859406 lr=0.0001 windows=71371/106562
progress epoch=3 optimizer_steps=86479 raw_loss=1.857056 weighted_loss=1.968674 lr=0.0001 windows=71467/106562
progress epoch=3 optimizer_steps=86501 raw_loss=1.917357 weighted_loss=2.865933 lr=0.0001 windows=71563/106562
progress epoch=3 optimizer_steps=86531 raw_loss=2.368383 weighted_loss=5.676745 lr=0.0001 windows=71707/106562
progress epoch=3 optimizer_steps=86551 raw_loss=2.377465 weighted_loss=3.057528 lr=0.0001 windows=71803/106562
progress epoch=3 optimizer_steps=86578 raw_loss=2.105916 weighted_loss=3.205934 lr=0.0001 windows=71923/106562
progress epoch=3 optimizer_steps=86600 raw_loss=2.506176 weighted_loss=4.031134 lr=0.0001 windows=72043/106562
progress epoch=3 optimizer_steps=86626 raw_loss=2.165203 weighted_loss=3.620595 lr=0.0001 windows=72187/106562
progress epoch=3 optimizer_steps=86653 raw_loss=2.087491 weighted_loss=2.423802 lr=0.0001 windows=72307/106562
progress epoch=3 optimizer_steps=86679 raw_loss=2.425551 weighted_loss=6.410306 lr=0.0001 windows=72427/106562
progress epoch=3 optimizer_steps=86704 raw_loss=2.561366 weighted_loss=5.957310 lr=0.0001 windows=72570/106562
progress epoch=3 optimizer_steps=86729 raw_loss=2.247456 weighted_loss=2.741758 lr=0.0001 windows=72690/106562
progress epoch=3 optimizer_steps=86753 raw_loss=2.282421 weighted_loss=2.975246 lr=0.0001 windows=72810/106562
progress epoch=3 optimizer_steps=86779 raw_loss=1.797769 weighted_loss=2.216826 lr=0.0001 windows=72926/106562
progress epoch=3 optimizer_steps=86801 raw_loss=2.025103 weighted_loss=6.221311 lr=0.0001 windows=73022/106562
progress epoch=3 optimizer_steps=86826 raw_loss=2.236451 weighted_loss=5.661500 lr=0.0001 windows=73142/106562
progress epoch=3 optimizer_steps=86850 raw_loss=2.398774 weighted_loss=6.693650 lr=0.0001 windows=73262/106562
progress epoch=3 optimizer_steps=86875 raw_loss=2.103126 weighted_loss=3.523381 lr=0.0001 windows=73382/106562
progress epoch=3 optimizer_steps=86905 raw_loss=2.349898 weighted_loss=6.021133 lr=0.0001 windows=73550/106562
progress epoch=3 optimizer_steps=86928 raw_loss=1.705318 weighted_loss=2.012086 lr=0.0001 windows=73646/106562
progress epoch=3 optimizer_steps=86950 raw_loss=2.044856 weighted_loss=6.314290 lr=0.0001 windows=73742/106562
progress epoch=3 optimizer_steps=86975 raw_loss=1.764265 weighted_loss=5.201554 lr=0.0001 windows=73862/106562
progress epoch=3 optimizer_steps=87007 raw_loss=1.900538 weighted_loss=2.572927 lr=0.0001 windows=74006/106562
checkpoint optimizer_steps=87007 path=/home/yanzhou/cyh/cid-v17-retrain/runs/cid-v1-0.4b-v17-ncv4-needfix-74b9eed/stage-a/stage-a-latest.pt
progress epoch=3 optimizer_steps=87027 raw_loss=2.290636 weighted_loss=2.729155 lr=0.0001 windows=74102/106562
progress epoch=3 optimizer_steps=87055 raw_loss=2.548585 weighted_loss=8.875570 lr=0.0001 windows=74246/106562
progress epoch=3 optimizer_steps=87081 raw_loss=1.706851 weighted_loss=1.859725 lr=0.0001 windows=74342/106562
progress epoch=3 optimizer_steps=87100 raw_loss=2.406029 weighted_loss=3.201230 lr=0.0001 windows=74438/106562
progress epoch=3 optimizer_steps=87130 raw_loss=2.201862 weighted_loss=2.828262 lr=0.0001 windows=74582/106562
progress epoch=3 optimizer_steps=87154 raw_loss=2.767587 weighted_loss=6.849372 lr=0.0001 windows=74702/106562
progress epoch=3 optimizer_steps=87175 raw_loss=1.844384 weighted_loss=2.751727 lr=0.0001 windows=74798/106562
progress epoch=3 optimizer_steps=87204 raw_loss=2.523591 weighted_loss=9.483102 lr=0.0001 windows=74966/106562
progress epoch=3 optimizer_steps=87226 raw_loss=3.566005 weighted_loss=4.194588 lr=0.0001 windows=75062/106562
progress epoch=3 optimizer_steps=87256 raw_loss=1.951016 weighted_loss=2.792839 lr=0.0001 windows=75196/106562
progress epoch=3 optimizer_steps=87275 raw_loss=2.032471 weighted_loss=3.275644 lr=0.0001 windows=75292/106562
progress epoch=3 optimizer_steps=87303 raw_loss=2.287532 weighted_loss=3.286953 lr=0.0001 windows=75436/106562
progress epoch=3 optimizer_steps=87326 raw_loss=1.875680 weighted_loss=2.339831 lr=0.0001 windows=75532/106562
progress epoch=3 optimizer_steps=87350 raw_loss=2.339217 weighted_loss=6.120957 lr=0.0001 windows=75652/106562
progress epoch=3 optimizer_steps=87378 raw_loss=1.869835 weighted_loss=2.100594 lr=0.0001 windows=75772/106562
progress epoch=3 optimizer_steps=87401 raw_loss=1.742846 weighted_loss=2.042642 lr=0.0001 windows=75868/106562
progress epoch=3 optimizer_steps=87429 raw_loss=2.186191 weighted_loss=3.381841 lr=0.0001 windows=76012/106562
progress epoch=3 optimizer_steps=87453 raw_loss=1.751590 weighted_loss=2.033767 lr=0.0001 windows=76108/106562
progress epoch=3 optimizer_steps=87478 raw_loss=2.086095 weighted_loss=3.035769 lr=0.0001 windows=76228/106562
progress epoch=3 optimizer_steps=87505 raw_loss=1.558594 weighted_loss=2.226021 lr=0.0001 windows=76360/106562
progress epoch=3 optimizer_steps=87526 raw_loss=1.723135 weighted_loss=2.999103 lr=0.0001 windows=76480/106562
progress epoch=3 optimizer_steps=87554 raw_loss=1.751218 weighted_loss=2.145849 lr=0.0001 windows=76600/106562
progress epoch=3 optimizer_steps=87579 raw_loss=1.698755 weighted_loss=2.034333 lr=0.0001 windows=76720/106562
progress epoch=3 optimizer_steps=87600 raw_loss=1.985065 weighted_loss=2.436284 lr=0.0001 windows=76816/106562
progress epoch=3 optimizer_steps=87627 raw_loss=1.938593 weighted_loss=7.455434 lr=0.0001 windows=76960/106562
progress epoch=3 optimizer_steps=87653 raw_loss=1.599516 weighted_loss=4.879676 lr=0.0001 windows=77080/106562
progress epoch=3 optimizer_steps=87679 raw_loss=2.135577 weighted_loss=5.874680 lr=0.0001 windows=77200/106562
progress epoch=3 optimizer_steps=87700 raw_loss=2.038067 weighted_loss=7.300429 lr=0.0001 windows=77320/106562
progress epoch=3 optimizer_steps=87726 raw_loss=2.516760 weighted_loss=9.612757 lr=0.0001 windows=77464/106562
progress epoch=3 optimizer_steps=87755 raw_loss=2.300258 weighted_loss=5.601399 lr=0.0001 windows=77608/106562
progress epoch=3 optimizer_steps=87776 raw_loss=1.484691 weighted_loss=1.737421 lr=0.0001 windows=77704/106562
progress epoch=3 optimizer_steps=87800 raw_loss=1.577842 weighted_loss=1.693479 lr=0.0001 windows=77800/106562
progress epoch=3 optimizer_steps=87829 raw_loss=1.364199 weighted_loss=1.587924 lr=0.0001 windows=77920/106562
progress epoch=3 optimizer_steps=87854 raw_loss=1.930730 weighted_loss=3.041277 lr=0.0001 windows=78040/106562
progress epoch=3 optimizer_steps=87881 raw_loss=1.769078 weighted_loss=1.816449 lr=0.0001 windows=78136/106562
progress epoch=3 optimizer_steps=87901 raw_loss=2.203326 weighted_loss=9.891585 lr=0.0001 windows=78232/106562
progress epoch=3 optimizer_steps=87928 raw_loss=1.654759 weighted_loss=2.049223 lr=0.0001 windows=78352/106562
progress epoch=3 optimizer_steps=87954 raw_loss=2.538443 weighted_loss=7.516418 lr=0.0001 windows=78496/106562
progress epoch=3 optimizer_steps=87978 raw_loss=1.389131 weighted_loss=1.805322 lr=0.0001 windows=78616/106562
progress epoch=3 optimizer_steps=88002 raw_loss=2.235985 weighted_loss=6.211496 lr=0.0001 windows=78736/106562
checkpoint optimizer_steps=88002 path=/home/yanzhou/cyh/cid-v17-retrain/runs/cid-v1-0.4b-v17-ncv4-needfix-74b9eed/stage-a/stage-a-latest.pt
progress epoch=3 optimizer_steps=88028 raw_loss=1.168161 weighted_loss=1.192165 lr=0.0001 windows=78832/106562
progress epoch=3 optimizer_steps=88054 raw_loss=1.965628 weighted_loss=2.152280 lr=0.0001 windows=78928/106562
progress epoch=3 optimizer_steps=88079 raw_loss=1.692592 weighted_loss=2.881632 lr=0.0001 windows=79048/106562
progress epoch=3 optimizer_steps=88102 raw_loss=1.391819 weighted_loss=2.496824 lr=0.0001 windows=79168/106562
progress epoch=3 optimizer_steps=88125 raw_loss=2.244386 weighted_loss=6.523859 lr=0.0001 windows=79288/106562
progress epoch=3 optimizer_steps=88153 raw_loss=1.807418 weighted_loss=2.080519 lr=0.0001 windows=79408/106562
progress epoch=3 optimizer_steps=88180 raw_loss=1.161839 weighted_loss=1.225520 lr=0.0001 windows=79528/106562
progress epoch=3 optimizer_steps=88203 raw_loss=1.976515 weighted_loss=6.949566 lr=0.0001 windows=79672/106562
progress epoch=3 optimizer_steps=88226 raw_loss=2.094654 weighted_loss=6.205982 lr=0.0001 windows=79792/106562
progress epoch=3 optimizer_steps=88254 raw_loss=1.812895 weighted_loss=7.943808 lr=0.0001 windows=79936/106562
progress epoch=3 optimizer_steps=88278 raw_loss=1.408827 weighted_loss=1.573048 lr=0.0001 windows=80032/106562
progress epoch=3 optimizer_steps=88303 raw_loss=2.122481 weighted_loss=8.609735 lr=0.0001 windows=80173/106562
progress epoch=3 optimizer_steps=88325 raw_loss=1.847629 weighted_loss=2.163485 lr=0.0001 windows=80269/106562
progress epoch=3 optimizer_steps=88354 raw_loss=1.398831 weighted_loss=1.629754 lr=0.0001 windows=80389/106562
progress epoch=3 optimizer_steps=88376 raw_loss=1.023348 weighted_loss=1.178845 lr=0.0001 windows=80485/106562
progress epoch=3 optimizer_steps=88405 raw_loss=1.655813 weighted_loss=1.894876 lr=0.0001 windows=80605/106562
progress epoch=3 optimizer_steps=88430 raw_loss=1.749057 weighted_loss=2.201766 lr=0.0001 windows=80725/106562
progress epoch=3 optimizer_steps=88451 raw_loss=1.965390 weighted_loss=3.412529 lr=0.0001 windows=80845/106562
progress epoch=3 optimizer_steps=88478 raw_loss=1.173382 weighted_loss=1.176522 lr=0.0001 windows=80941/106562
progress epoch=3 optimizer_steps=88503 raw_loss=1.135997 weighted_loss=1.215940 lr=0.0001 windows=81037/106562
progress epoch=3 optimizer_steps=88526 raw_loss=1.530555 weighted_loss=1.449312 lr=0.0001 windows=81133/106562
progress epoch=3 optimizer_steps=88554 raw_loss=1.158970 weighted_loss=1.282212 lr=0.0001 windows=81253/106562
progress epoch=3 optimizer_steps=88581 raw_loss=1.512680 weighted_loss=1.573680 lr=0.0001 windows=81349/106562
progress epoch=3 optimizer_steps=88601 raw_loss=1.806392 weighted_loss=2.895678 lr=0.0001 windows=81460/106562
progress epoch=3 optimizer_steps=88628 raw_loss=1.316211 weighted_loss=1.714561 lr=0.0001 windows=81580/106562
progress epoch=3 optimizer_steps=88652 raw_loss=1.815247 weighted_loss=2.690819 lr=0.0001 windows=81700/106562
progress epoch=3 optimizer_steps=88677 raw_loss=1.845615 weighted_loss=5.912549 lr=0.0001 windows=81820/106562
progress epoch=3 optimizer_steps=88700 raw_loss=1.113574 weighted_loss=1.364631 lr=0.0001 windows=81916/106562
progress epoch=3 optimizer_steps=88729 raw_loss=1.756176 weighted_loss=5.135748 lr=0.0001 windows=82084/106562
progress epoch=3 optimizer_steps=88753 raw_loss=1.412353 weighted_loss=2.192895 lr=0.0001 windows=82204/106562
progress epoch=3 optimizer_steps=88780 raw_loss=1.893698 weighted_loss=3.311859 lr=0.0001 windows=82348/106562
progress epoch=3 optimizer_steps=88802 raw_loss=1.051141 weighted_loss=1.166840 lr=0.0001 windows=82428/106562
progress epoch=3 optimizer_steps=88829 raw_loss=1.333395 weighted_loss=1.657131 lr=0.0001 windows=82548/106562
progress epoch=3 optimizer_steps=88851 raw_loss=1.570078 weighted_loss=5.227793 lr=0.0001 windows=82668/106562
progress epoch=3 optimizer_steps=88876 raw_loss=1.285704 weighted_loss=1.988896 lr=0.0001 windows=82788/106562
progress epoch=3 optimizer_steps=88902 raw_loss=1.471905 weighted_loss=3.811899 lr=0.0001 windows=82908/106562
progress epoch=3 optimizer_steps=88926 raw_loss=1.624268 weighted_loss=4.183054 lr=0.0001 windows=83017/106562
progress epoch=3 optimizer_steps=88951 raw_loss=1.619678 weighted_loss=2.620447 lr=0.0001 windows=83137/106562
progress epoch=3 optimizer_steps=88980 raw_loss=1.495563 weighted_loss=3.702376 lr=0.0001 windows=83257/106562
progress epoch=3 optimizer_steps=89001 raw_loss=1.303025 weighted_loss=3.339396 lr=0.0001 windows=83350/106562
checkpoint optimizer_steps=89001 path=/home/yanzhou/cyh/cid-v17-retrain/runs/cid-v1-0.4b-v17-ncv4-needfix-74b9eed/stage-a/stage-a-latest.pt
progress epoch=3 optimizer_steps=89025 raw_loss=1.516790 weighted_loss=1.465096 lr=0.0001 windows=83446/106562
progress epoch=3 optimizer_steps=89051 raw_loss=1.525849 weighted_loss=2.615901 lr=0.0001 windows=83581/106562
progress epoch=3 optimizer_steps=89075 raw_loss=1.792961 weighted_loss=2.652262 lr=0.0001 windows=83701/106562
progress epoch=3 optimizer_steps=89100 raw_loss=1.385363 weighted_loss=1.641775 lr=0.0001 windows=83821/106562
progress epoch=3 optimizer_steps=89129 raw_loss=1.815284 weighted_loss=4.433707 lr=0.0001 windows=83988/106562
progress epoch=3 optimizer_steps=89154 raw_loss=1.620759 weighted_loss=2.044911 lr=0.0001 windows=84108/106562
progress epoch=3 optimizer_steps=89179 raw_loss=1.573312 weighted_loss=3.846988 lr=0.0001 windows=84228/106562
progress epoch=3 optimizer_steps=89201 raw_loss=1.711810 weighted_loss=4.802148 lr=0.0001 windows=84324/106562
progress epoch=3 optimizer_steps=89228 raw_loss=1.166496 weighted_loss=3.054418 lr=0.0001 windows=84444/106562
progress epoch=3 optimizer_steps=89252 raw_loss=0.970433 weighted_loss=0.955195 lr=0.0001 windows=84540/106562
progress epoch=3 optimizer_steps=89280 raw_loss=1.650416 weighted_loss=4.914832 lr=0.0001 windows=84708/106562
progress epoch=3 optimizer_steps=89303 raw_loss=1.149168 weighted_loss=3.430150 lr=0.0001 windows=84804/106562
progress epoch=3 optimizer_steps=89332 raw_loss=1.284653 weighted_loss=1.999240 lr=0.0001 windows=84943/106562
progress epoch=3 optimizer_steps=89351 raw_loss=1.440591 weighted_loss=2.647252 lr=0.0001 windows=85039/106562
progress epoch=3 optimizer_steps=89379 raw_loss=1.689877 weighted_loss=5.782838 lr=0.0001 windows=85200/106562
progress epoch=3 optimizer_steps=89401 raw_loss=1.123277 weighted_loss=1.380562 lr=0.0001 windows=85296/106562
progress epoch=3 optimizer_steps=89425 raw_loss=1.366673 weighted_loss=1.839931 lr=0.0001 windows=85416/106562
progress epoch=3 optimizer_steps=89454 raw_loss=1.131081 weighted_loss=1.799048 lr=0.0001 windows=85543/106562
progress epoch=3 optimizer_steps=89477 raw_loss=1.075343 weighted_loss=1.351771 lr=0.0001 windows=85639/106562
progress epoch=3 optimizer_steps=89503 raw_loss=1.239725 weighted_loss=1.220732 lr=0.0001 windows=85735/106562
progress epoch=3 optimizer_steps=89529 raw_loss=1.196574 weighted_loss=1.299713 lr=0.0001 windows=85831/106562
progress epoch=3 optimizer_steps=89552 raw_loss=1.230260 weighted_loss=1.481466 lr=0.0001 windows=85927/106562
progress epoch=3 optimizer_steps=89576 raw_loss=1.372499 weighted_loss=2.878505 lr=0.0001 windows=86047/106562
progress epoch=3 optimizer_steps=89600 raw_loss=1.688533 weighted_loss=2.739918 lr=0.0001 windows=86175/106562
progress epoch=3 optimizer_steps=89626 raw_loss=1.338844 weighted_loss=1.973650 lr=0.0001 windows=86295/106562
progress epoch=3 optimizer_steps=89654 raw_loss=1.224152 weighted_loss=1.869609 lr=0.0001 windows=86415/106562
progress epoch=3 optimizer_steps=89676 raw_loss=1.452074 weighted_loss=2.956024 lr=0.0001 windows=86535/106562
progress epoch=3 optimizer_steps=89704 raw_loss=1.151076 weighted_loss=1.166380 lr=0.0001 windows=86631/106562
progress epoch=3 optimizer_steps=89731 raw_loss=1.036650 weighted_loss=1.008347 lr=0.0001 windows=86727/106562
progress epoch=3 optimizer_steps=89755 raw_loss=1.574181 weighted_loss=1.803543 lr=0.0001 windows=86823/106562
progress epoch=3 optimizer_steps=89775 raw_loss=1.219109 weighted_loss=1.930506 lr=0.0001 windows=86908/106562
progress epoch=3 optimizer_steps=89805 raw_loss=1.093514 weighted_loss=1.664042 lr=0.0001 windows=87028/106562
progress epoch=3 optimizer_steps=89831 raw_loss=0.968858 weighted_loss=1.007861 lr=0.0001 windows=87124/106562
progress epoch=3 optimizer_steps=89857 raw_loss=1.160698 weighted_loss=1.131038 lr=0.0001 windows=87220/106562
progress epoch=3 optimizer_steps=89876 raw_loss=1.404526 weighted_loss=3.182679 lr=0.0001 windows=87340/106562
progress epoch=3 optimizer_steps=89902 raw_loss=1.103675 weighted_loss=1.643135 lr=0.0001 windows=87460/106562
progress epoch=3 optimizer_steps=89929 raw_loss=1.317948 weighted_loss=1.874102 lr=0.0001 windows=87580/106562
progress epoch=3 optimizer_steps=89950 raw_loss=1.352013 weighted_loss=2.195132 lr=0.0001 windows=87676/106562
progress epoch=3 optimizer_steps=89976 raw_loss=1.731691 weighted_loss=3.722016 lr=0.0001 windows=87844/106562
progress epoch=3 optimizer_steps=90001 raw_loss=1.057596 weighted_loss=1.044143 lr=0.0001 windows=87940/106562
checkpoint optimizer_steps=90001 path=/home/yanzhou/cyh/cid-v17-retrain/runs/cid-v1-0.4b-v17-ncv4-needfix-74b9eed/stage-a/stage-a-latest.pt
progress epoch=3 optimizer_steps=90027 raw_loss=1.242201 weighted_loss=1.886517 lr=0.0001 windows=88060/106562
progress epoch=3 optimizer_steps=90053 raw_loss=1.248382 weighted_loss=1.881276 lr=0.0001 windows=88180/106562
progress epoch=3 optimizer_steps=90078 raw_loss=1.128963 weighted_loss=1.118548 lr=0.0001 windows=88276/106562
progress epoch=3 optimizer_steps=90101 raw_loss=1.403177 weighted_loss=2.673928 lr=0.0001 windows=88396/106562
progress epoch=3 optimizer_steps=90129 raw_loss=1.264133 weighted_loss=1.674123 lr=0.0001 windows=88516/106562
progress epoch=3 optimizer_steps=90153 raw_loss=1.449368 weighted_loss=1.822250 lr=0.0001 windows=88612/106562
progress epoch=3 optimizer_steps=90181 raw_loss=0.926424 weighted_loss=0.971336 lr=0.0001 windows=88732/106562
progress epoch=3 optimizer_steps=90201 raw_loss=1.454863 weighted_loss=2.975075 lr=0.0001 windows=88852/106562
progress epoch=3 optimizer_steps=90225 raw_loss=0.913976 weighted_loss=1.295459 lr=0.0001 windows=88948/106562
progress epoch=3 optimizer_steps=90254 raw_loss=1.295425 weighted_loss=1.791904 lr=0.0001 windows=89068/106562
progress epoch=3 optimizer_steps=90278 raw_loss=1.062528 weighted_loss=1.092267 lr=0.0001 windows=89164/106562
progress epoch=3 optimizer_steps=90306 raw_loss=1.124362 weighted_loss=1.070346 lr=0.0001 windows=89260/106562
progress epoch=3 optimizer_steps=90329 raw_loss=1.102123 weighted_loss=1.156991 lr=0.0001 windows=89356/106562
progress epoch=3 optimizer_steps=90351 raw_loss=1.196095 weighted_loss=1.870835 lr=0.0001 windows=89452/106562
progress epoch=3 optimizer_steps=90376 raw_loss=1.015342 weighted_loss=2.072403 lr=0.0001 windows=89572/106562
progress epoch=3 optimizer_steps=90403 raw_loss=1.163672 weighted_loss=1.611704 lr=0.0001 windows=89692/106562
progress epoch=3 optimizer_steps=90430 raw_loss=1.283581 weighted_loss=1.856759 lr=0.0001 windows=89812/106562
progress epoch=3 optimizer_steps=90450 raw_loss=1.470201 weighted_loss=3.122548 lr=0.0001 windows=89932/106562
progress epoch=3 optimizer_steps=90476 raw_loss=1.179375 weighted_loss=1.860762 lr=0.0001 windows=90052/106562
progress epoch=3 optimizer_steps=90504 raw_loss=1.015046 weighted_loss=0.915068 lr=0.0001 windows=90148/106562
progress epoch=3 optimizer_steps=90529 raw_loss=1.190413 weighted_loss=1.889927 lr=0.0001 windows=90268/106562
progress epoch=3 optimizer_steps=90553 raw_loss=0.887843 weighted_loss=0.994124 lr=0.0001 windows=90364/106562
progress epoch=3 optimizer_steps=90576 raw_loss=1.199124 weighted_loss=2.467948 lr=0.0001 windows=90484/106562
progress epoch=3 optimizer_steps=90604 raw_loss=1.416149 weighted_loss=2.437274 lr=0.0001 windows=90628/106562
progress epoch=3 optimizer_steps=90626 raw_loss=1.080019 weighted_loss=1.672164 lr=0.0001 windows=90724/106562
progress epoch=3 optimizer_steps=90655 raw_loss=0.983774 weighted_loss=1.338687 lr=0.0001 windows=90844/106562
progress epoch=3 optimizer_steps=90677 raw_loss=1.247659 weighted_loss=2.442423 lr=0.0001 windows=90964/106562
progress epoch=3 optimizer_steps=90700 raw_loss=1.036026 weighted_loss=2.020142 lr=0.0001 windows=91084/106562
progress epoch=3 optimizer_steps=90727 raw_loss=0.975139 weighted_loss=1.483189 lr=0.0001 windows=91204/106562
progress epoch=3 optimizer_steps=90752 raw_loss=1.257099 weighted_loss=1.996185 lr=0.0001 windows=91324/106562
progress epoch=3 optimizer_steps=90780 raw_loss=1.126292 weighted_loss=1.720367 lr=0.0001 windows=91444/106562
progress epoch=3 optimizer_steps=90801 raw_loss=0.884391 weighted_loss=0.836104 lr=0.0001 windows=91516/106562
progress epoch=3 optimizer_steps=90828 raw_loss=1.112628 weighted_loss=1.606025 lr=0.0001 windows=91636/106562
progress epoch=3 optimizer_steps=90850 raw_loss=1.255090 weighted_loss=2.562212 lr=0.0001 windows=91756/106562
progress epoch=3 optimizer_steps=90879 raw_loss=1.107905 weighted_loss=1.630859 lr=0.0001 windows=91876/106562
progress epoch=3 optimizer_steps=90904 raw_loss=1.200285 weighted_loss=1.837441 lr=0.0001 windows=91996/106562
progress epoch=3 optimizer_steps=90928 raw_loss=0.956961 weighted_loss=1.084030 lr=0.0001 windows=92092/106562
progress epoch=3 optimizer_steps=90952 raw_loss=1.228647 weighted_loss=1.750603 lr=0.0001 windows=92188/106562
progress epoch=3 optimizer_steps=90980 raw_loss=1.262983 weighted_loss=1.713277 lr=0.0001 windows=92308/106562
progress epoch=3 optimizer_steps=91003 raw_loss=1.203748 weighted_loss=1.365445 lr=0.0001 windows=92404/106562
checkpoint optimizer_steps=91003 path=/home/yanzhou/cyh/cid-v17-retrain/runs/cid-v1-0.4b-v17-ncv4-needfix-74b9eed/stage-a/stage-a-latest.pt
progress epoch=3 optimizer_steps=91029 raw_loss=1.041140 weighted_loss=1.051434 lr=0.0001 windows=92500/106562
progress epoch=3 optimizer_steps=91055 raw_loss=1.479696 weighted_loss=3.176159 lr=0.0001 windows=92644/106562
progress epoch=3 optimizer_steps=91079 raw_loss=1.231070 weighted_loss=2.444153 lr=0.0001 windows=92764/106562
progress epoch=3 optimizer_steps=91102 raw_loss=1.580672 weighted_loss=3.435983 lr=0.0001 windows=92908/106562
progress epoch=3 optimizer_steps=91126 raw_loss=0.989563 weighted_loss=1.417506 lr=0.0001 windows=93004/106562
progress epoch=3 optimizer_steps=91151 raw_loss=1.497842 weighted_loss=3.036182 lr=0.0001 windows=93148/106562
progress epoch=3 optimizer_steps=91180 raw_loss=0.894458 weighted_loss=1.330302 lr=0.0001 windows=93268/106562
progress epoch=3 optimizer_steps=91201 raw_loss=1.427612 weighted_loss=2.320523 lr=0.0001 windows=93364/106562
progress epoch=3 optimizer_steps=91225 raw_loss=1.393083 weighted_loss=2.502039 lr=0.0001 windows=93484/106562
progress epoch=3 optimizer_steps=91254 raw_loss=1.133802 weighted_loss=2.034748 lr=0.0001 windows=93628/106562
progress epoch=3 optimizer_steps=91279 raw_loss=1.463301 weighted_loss=2.978924 lr=0.0001 windows=93772/106562
progress epoch=3 optimizer_steps=91300 raw_loss=1.049040 weighted_loss=1.695346 lr=0.0001 windows=93868/106562
progress epoch=3 optimizer_steps=91330 raw_loss=1.111171 weighted_loss=1.944187 lr=0.0001 windows=94012/106562
progress epoch=3 optimizer_steps=91356 raw_loss=1.430586 weighted_loss=2.818159 lr=0.0001 windows=94156/106562
progress epoch=3 optimizer_steps=91377 raw_loss=1.083477 weighted_loss=1.663391 lr=0.0001 windows=94252/106562
progress epoch=3 optimizer_steps=91403 raw_loss=1.148955 weighted_loss=2.194006 lr=0.0001 windows=94396/106562
progress epoch=3 optimizer_steps=91426 raw_loss=1.457233 weighted_loss=2.754980 lr=0.0001 windows=94527/106562
progress epoch=3 optimizer_steps=91454 raw_loss=1.096080 weighted_loss=1.921088 lr=0.0001 windows=94671/106562
progress epoch=3 optimizer_steps=91476 raw_loss=1.186364 weighted_loss=2.211590 lr=0.0001 windows=94791/106562
progress epoch=3 optimizer_steps=91501 raw_loss=1.021483 weighted_loss=1.523006 lr=0.0001 windows=94911/106562
progress epoch=3 optimizer_steps=91525 raw_loss=1.381884 weighted_loss=2.775430 lr=0.0001 windows=95055/106562
progress epoch=3 optimizer_steps=91554 raw_loss=1.551379 weighted_loss=2.858567 lr=0.0001 windows=95223/106562
progress epoch=3 optimizer_steps=91576 raw_loss=1.281062 weighted_loss=2.327106 lr=0.0001 windows=95343/106562
progress epoch=3 optimizer_steps=91602 raw_loss=1.188170 weighted_loss=2.097295 lr=0.0001 windows=95487/106562
progress epoch=3 optimizer_steps=91627 raw_loss=1.034350 weighted_loss=1.626486 lr=0.0001 windows=95607/106562
progress epoch=3 optimizer_steps=91655 raw_loss=1.179060 weighted_loss=2.171117 lr=0.0001 windows=95751/106562
progress epoch=3 optimizer_steps=91675 raw_loss=1.051523 weighted_loss=1.682221 lr=0.0001 windows=95847/106562
progress epoch=3 optimizer_steps=91700 raw_loss=1.205384 weighted_loss=1.849366 lr=0.0001 windows=95967/106562
progress epoch=3 optimizer_steps=91729 raw_loss=1.131126 weighted_loss=1.928444 lr=0.0001 windows=96111/106562
progress epoch=3 optimizer_steps=91755 raw_loss=0.907156 weighted_loss=1.255773 lr=0.0001 windows=96231/106562
progress epoch=3 optimizer_steps=91777 raw_loss=0.967840 weighted_loss=1.401079 lr=0.0001 windows=96327/106562
progress epoch=3 optimizer_steps=91805 raw_loss=1.204317 weighted_loss=2.067938 lr=0.0001 windows=96471/106562
progress epoch=3 optimizer_steps=91830 raw_loss=0.779394 weighted_loss=0.846423 lr=0.0001 windows=96567/106562
progress epoch=3 optimizer_steps=91854 raw_loss=0.911588 weighted_loss=1.784044 lr=0.0001 windows=96687/106562
progress epoch=3 optimizer_steps=91875 raw_loss=0.989785 weighted_loss=1.530851 lr=0.0001 windows=96783/106562
progress epoch=3 optimizer_steps=91906 raw_loss=1.261912 weighted_loss=1.921673 lr=0.0001 windows=96927/106562
progress epoch=3 optimizer_steps=91929 raw_loss=1.045551 weighted_loss=1.247998 lr=0.0001 windows=97023/106562
progress epoch=3 optimizer_steps=91950 raw_loss=0.839864 weighted_loss=1.462752 lr=0.0001 windows=97119/106562
progress epoch=3 optimizer_steps=91976 raw_loss=1.033785 weighted_loss=1.559491 lr=0.0001 windows=97239/106562
progress epoch=3 optimizer_steps=92000 raw_loss=1.130181 weighted_loss=2.237288 lr=0.0001 windows=97359/106562
checkpoint optimizer_steps=92000 path=/home/yanzhou/cyh/cid-v17-retrain/runs/cid-v1-0.4b-v17-ncv4-needfix-74b9eed/stage-a/stage-a-latest.pt
progress epoch=3 optimizer_steps=92026 raw_loss=1.190659 weighted_loss=1.714922 lr=0.0001 windows=97479/106562
progress epoch=3 optimizer_steps=92050 raw_loss=1.116817 weighted_loss=1.548809 lr=0.0001 windows=97599/106562
progress epoch=3 optimizer_steps=92077 raw_loss=0.843107 weighted_loss=1.218764 lr=0.0001 windows=97719/106562
progress epoch=3 optimizer_steps=92104 raw_loss=1.165274 weighted_loss=2.087864 lr=0.0001 windows=97863/106562
progress epoch=3 optimizer_steps=92125 raw_loss=0.898844 weighted_loss=1.545174 lr=0.0001 windows=97959/106562
progress epoch=3 optimizer_steps=92151 raw_loss=1.089676 weighted_loss=1.698132 lr=0.0001 windows=98079/106562
progress epoch=3 optimizer_steps=92178 raw_loss=1.344909 weighted_loss=2.614795 lr=0.0001 windows=98223/106562
progress epoch=3 optimizer_steps=92203 raw_loss=1.388888 weighted_loss=3.162247 lr=0.0001 windows=98367/106562
progress epoch=3 optimizer_steps=92225 raw_loss=0.762733 weighted_loss=1.183694 lr=0.0001 windows=98463/106562
progress epoch=3 optimizer_steps=92251 raw_loss=1.086083 weighted_loss=1.755232 lr=0.0001 windows=98583/106562
progress epoch=3 optimizer_steps=92277 raw_loss=1.084778 weighted_loss=2.529834 lr=0.0001 windows=98727/106562
progress epoch=3 optimizer_steps=92302 raw_loss=1.239151 weighted_loss=2.527099 lr=0.0001 windows=98871/106562
progress epoch=3 optimizer_steps=92326 raw_loss=0.664071 weighted_loss=0.749886 lr=0.0001 windows=98967/106562
progress epoch=3 optimizer_steps=92354 raw_loss=1.437532 weighted_loss=2.786600 lr=0.0001 windows=99111/106562
progress epoch=3 optimizer_steps=92376 raw_loss=1.787151 weighted_loss=3.269837 lr=0.0001 windows=99231/106562
progress epoch=3 optimizer_steps=92404 raw_loss=0.933385 weighted_loss=1.119697 lr=0.0001 windows=99351/106562
progress epoch=3 optimizer_steps=92431 raw_loss=0.905771 weighted_loss=1.543379 lr=0.0001 windows=99471/106562
progress epoch=3 optimizer_steps=92454 raw_loss=0.791474 weighted_loss=0.915663 lr=0.0001 windows=99567/106562
progress epoch=3 optimizer_steps=92478 raw_loss=1.776432 weighted_loss=2.968043 lr=0.0001 windows=99687/106562
progress epoch=3 optimizer_steps=92500 raw_loss=1.375484 weighted_loss=2.838430 lr=0.0001 windows=99807/106562
progress epoch=3 optimizer_steps=92526 raw_loss=0.933124 weighted_loss=1.555241 lr=0.0001 windows=99927/106562
progress epoch=3 optimizer_steps=92550 raw_loss=1.226899 weighted_loss=2.545758 lr=0.0001 windows=100047/106562
progress epoch=3 optimizer_steps=92575 raw_loss=0.876959 weighted_loss=1.581354 lr=0.0001 windows=100167/106562
progress epoch=3 optimizer_steps=92606 raw_loss=0.834068 weighted_loss=0.895063 lr=0.0001 windows=100287/106562
progress epoch=3 optimizer_steps=92630 raw_loss=1.201393 weighted_loss=2.510328 lr=0.0001 windows=100411/106562
progress epoch=3 optimizer_steps=92651 raw_loss=0.958126 weighted_loss=1.707499 lr=0.0001 windows=100507/106562
progress epoch=3 optimizer_steps=92678 raw_loss=1.132162 weighted_loss=1.752007 lr=0.0001 windows=100627/106562
progress epoch=3 optimizer_steps=92700 raw_loss=0.911862 weighted_loss=1.450207 lr=0.0001 windows=100723/106562
progress epoch=3 optimizer_steps=92726 raw_loss=1.036562 weighted_loss=1.073785 lr=0.0001 windows=100819/106562
progress epoch=3 optimizer_steps=92756 raw_loss=1.079914 weighted_loss=1.996188 lr=0.0001 windows=100963/106562
progress epoch=3 optimizer_steps=92779 raw_loss=1.552219 weighted_loss=3.004458 lr=0.0001 windows=101083/106562
progress epoch=3 optimizer_steps=92803 raw_loss=1.654099 weighted_loss=3.530757 lr=0.0001 windows=101227/106562
progress epoch=3 optimizer_steps=92825 raw_loss=1.198548 weighted_loss=1.855855 lr=0.0001 windows=101323/106562
progress epoch=3 optimizer_steps=92855 raw_loss=1.806624 weighted_loss=3.436803 lr=0.0001 windows=101480/106562
progress epoch=3 optimizer_steps=92875 raw_loss=1.488999 weighted_loss=3.814972 lr=0.0001 windows=101600/106562
progress epoch=3 optimizer_steps=92900 raw_loss=0.917198 weighted_loss=1.778399 lr=0.0001 windows=101720/106562
progress epoch=3 optimizer_steps=92927 raw_loss=1.285534 weighted_loss=2.949940 lr=0.0001 windows=101864/106562
progress epoch=3 optimizer_steps=92954 raw_loss=1.331419 weighted_loss=3.006845 lr=0.0001 windows=102008/106562
progress epoch=3 optimizer_steps=92981 raw_loss=1.182821 weighted_loss=2.745858 lr=0.0001 windows=102152/106562
progress epoch=3 optimizer_steps=93001 raw_loss=1.854886 weighted_loss=4.083615 lr=0.0001 windows=102272/106562
checkpoint optimizer_steps=93001 path=/home/yanzhou/cyh/cid-v17-retrain/runs/cid-v1-0.4b-v17-ncv4-needfix-74b9eed/stage-a/stage-a-latest.pt
progress epoch=3 optimizer_steps=93026 raw_loss=1.417969 weighted_loss=2.355706 lr=0.0001 windows=102392/106562
progress epoch=3 optimizer_steps=93053 raw_loss=1.326288 weighted_loss=2.879770 lr=0.0001 windows=102536/106562
progress epoch=3 optimizer_steps=93080 raw_loss=1.295271 weighted_loss=3.026173 lr=0.0001 windows=102680/106562
progress epoch=3 optimizer_steps=93100 raw_loss=1.452172 weighted_loss=3.572331 lr=0.0001 windows=102800/106562
progress epoch=3 optimizer_steps=93125 raw_loss=1.162112 weighted_loss=2.367017 lr=0.0001 windows=102920/106562
progress epoch=3 optimizer_steps=93152 raw_loss=1.385768 weighted_loss=3.245725 lr=0.0001 windows=103064/106562
progress epoch=3 optimizer_steps=93179 raw_loss=1.261343 weighted_loss=2.907993 lr=0.0001 windows=103208/106562
progress epoch=3 optimizer_steps=93206 raw_loss=1.204285 weighted_loss=2.786009 lr=0.0001 windows=103352/106562
progress epoch=3 optimizer_steps=93226 raw_loss=1.532708 weighted_loss=3.644255 lr=0.0001 windows=103472/106562
progress epoch=3 optimizer_steps=93251 raw_loss=1.231207 weighted_loss=2.450178 lr=0.0001 windows=103592/106562
progress epoch=3 optimizer_steps=93278 raw_loss=1.308548 weighted_loss=2.754785 lr=0.0001 windows=103736/106562
progress epoch=3 optimizer_steps=93305 raw_loss=1.374183 weighted_loss=3.149709 lr=0.0001 windows=103880/106562
progress epoch=3 optimizer_steps=93325 raw_loss=1.636092 weighted_loss=3.622683 lr=0.0001 windows=104000/106562
progress epoch=3 optimizer_steps=93350 raw_loss=0.955456 weighted_loss=1.624615 lr=0.0001 windows=104120/106562
progress epoch=3 optimizer_steps=93377 raw_loss=1.124193 weighted_loss=2.161660 lr=0.0001 windows=104264/106562
progress epoch=3 optimizer_steps=93404 raw_loss=1.143437 weighted_loss=2.252722 lr=0.0001 windows=104408/106562
progress epoch=3 optimizer_steps=93431 raw_loss=0.970922 weighted_loss=1.725577 lr=0.0001 windows=104552/106562
progress epoch=3 optimizer_steps=93451 raw_loss=1.139456 weighted_loss=2.414682 lr=0.0001 windows=104672/106562
progress epoch=3 optimizer_steps=93476 raw_loss=1.110730 weighted_loss=1.875451 lr=0.0001 windows=104792/106562
progress epoch=3 optimizer_steps=93503 raw_loss=1.034879 weighted_loss=2.028117 lr=0.0001 windows=104936/106562
progress epoch=3 optimizer_steps=93530 raw_loss=0.797534 weighted_loss=1.584662 lr=0.0001 windows=105080/106562
progress epoch=3 optimizer_steps=93550 raw_loss=1.084952 weighted_loss=2.456595 lr=0.0001 windows=105200/106562
progress epoch=3 optimizer_steps=93575 raw_loss=0.776608 weighted_loss=1.237450 lr=0.0001 windows=105320/106562
progress epoch=3 optimizer_steps=93602 raw_loss=0.887607 weighted_loss=1.662385 lr=0.0001 windows=105464/106562
progress epoch=3 optimizer_steps=93629 raw_loss=1.120728 weighted_loss=1.984114 lr=0.0001 windows=105608/106562
progress epoch=3 optimizer_steps=93656 raw_loss=1.126667 weighted_loss=1.782092 lr=0.0001 windows=105752/106562
progress epoch=3 optimizer_steps=93676 raw_loss=1.125754 weighted_loss=2.082300 lr=0.0001 windows=105872/106562
progress epoch=3 optimizer_steps=93701 raw_loss=1.038188 weighted_loss=1.571311 lr=0.0001 windows=105992/106562
progress epoch=3 optimizer_steps=93728 raw_loss=1.114838 weighted_loss=1.783163 lr=0.0001 windows=106136/106562
progress epoch=3 optimizer_steps=93751 raw_loss=1.378522 weighted_loss=4.048506 lr=0.0001 windows=106373/106562
epoch=3 transitions=800394 optimizer_steps=93767 raw_loss=1.959301 weighted_loss=2.251698 validation_loss=3.093155 rollout_probability=1.000 checkpoint=/home/yanzhou/cyh/cid-v17-retrain/runs/cid-v1-0.4b-v17-ncv4-needfix-74b9eed/stage-a/stage-a-epoch-0003.pt
